# bins        : 20
# start       : 2.016667e+00
# end         : 5.152220e+00
# delta       : 1.567777e-01
# direction   : (1.000000e+00 0.000000e+00 0.000000e+00)
# x co-ords  :	2.173444e+00	2.330222e+00	2.487000e+00	2.643777e+00	2.800555e+00	2.957333e+00	3.114110e+00	3.270888e+00	3.427666e+00	3.584443e+00	3.741221e+00	3.897999e+00	4.054776e+00	4.211554e+00	4.368332e+00	4.525109e+00	4.681887e+00	4.838665e+00	4.995442e+00	5.152220e+00
# y co-ords  :	0.000000e+00	0.000000e+00	0.000000e+00	0.000000e+00	0.000000e+00	0.000000e+00	0.000000e+00	0.000000e+00	0.000000e+00	0.000000e+00	0.000000e+00	0.000000e+00	0.000000e+00	0.000000e+00	0.000000e+00	0.000000e+00	0.000000e+00	0.000000e+00	0.000000e+00	0.000000e+00
# z co-ords  :	0.000000e+00	0.000000e+00	0.000000e+00	0.000000e+00	0.000000e+00	0.000000e+00	0.000000e+00	0.000000e+00	0.000000e+00	0.000000e+00	0.000000e+00	0.000000e+00	0.000000e+00	0.000000e+00	0.000000e+00	0.000000e+00	0.000000e+00	0.000000e+00	0.000000e+00	0.000000e+00
#
# Time        	total_0_x total_0_y total_0_z	internal_0_x internal_0_y internal_0_z	normal_0_x normal_0_y normal_0_z	tangenial_0_x tangenial_0_y tangenial_0_z	total_1_x total_1_y total_1_z	internal_1_x internal_1_y internal_1_z	normal_1_x normal_1_y normal_1_z	tangenial_1_x tangenial_1_y tangenial_1_z	total_2_x total_2_y total_2_z	internal_2_x internal_2_y internal_2_z	normal_2_x normal_2_y normal_2_z	tangenial_2_x tangenial_2_y tangenial_2_z	total_3_x total_3_y total_3_z	internal_3_x internal_3_y internal_3_z	normal_3_x normal_3_y normal_3_z	tangenial_3_x tangenial_3_y tangenial_3_z	total_4_x total_4_y total_4_z	internal_4_x internal_4_y internal_4_z	normal_4_x normal_4_y normal_4_z	tangenial_4_x tangenial_4_y tangenial_4_z	total_5_x total_5_y total_5_z	internal_5_x internal_5_y internal_5_z	normal_5_x normal_5_y normal_5_z	tangenial_5_x tangenial_5_y tangenial_5_z	total_6_x total_6_y total_6_z	internal_6_x internal_6_y internal_6_z	normal_6_x normal_6_y normal_6_z	tangenial_6_x tangenial_6_y tangenial_6_z	total_7_x total_7_y total_7_z	internal_7_x internal_7_y internal_7_z	normal_7_x normal_7_y normal_7_z	tangenial_7_x tangenial_7_y tangenial_7_z	total_8_x total_8_y total_8_z	internal_8_x internal_8_y internal_8_z	normal_8_x normal_8_y normal_8_z	tangenial_8_x tangenial_8_y tangenial_8_z	total_9_x total_9_y total_9_z	internal_9_x internal_9_y internal_9_z	normal_9_x normal_9_y normal_9_z	tangenial_9_x tangenial_9_y tangenial_9_z	total_10_x total_10_y total_10_z	internal_10_x internal_10_y internal_10_z	normal_10_x normal_10_y normal_10_z	tangenial_10_x tangenial_10_y tangenial_10_z	total_11_x total_11_y total_11_z	internal_11_x internal_11_y internal_11_z	normal_11_x normal_11_y normal_11_z	tangenial_11_x tangenial_11_y tangenial_11_z	total_12_x total_12_y total_12_z	internal_12_x internal_12_y internal_12_z	normal_12_x normal_12_y normal_12_z	tangenial_12_x tangenial_12_y tangenial_12_z	total_13_x total_13_y total_13_z	internal_13_x internal_13_y internal_13_z	normal_13_x normal_13_y normal_13_z	tangenial_13_x tangenial_13_y tangenial_13_z	total_14_x total_14_y total_14_z	internal_14_x internal_14_y internal_14_z	normal_14_x normal_14_y normal_14_z	tangenial_14_x tangenial_14_y tangenial_14_z	total_15_x total_15_y total_15_z	internal_15_x internal_15_y internal_15_z	normal_15_x normal_15_y normal_15_z	tangenial_15_x tangenial_15_y tangenial_15_z	total_16_x total_16_y total_16_z	internal_16_x internal_16_y internal_16_z	normal_16_x normal_16_y normal_16_z	tangenial_16_x tangenial_16_y tangenial_16_z	total_17_x total_17_y total_17_z	internal_17_x internal_17_y internal_17_z	normal_17_x normal_17_y normal_17_z	tangenial_17_x tangenial_17_y tangenial_17_z	total_18_x total_18_y total_18_z	internal_18_x internal_18_y internal_18_z	normal_18_x normal_18_y normal_18_z	tangenial_18_x tangenial_18_y tangenial_18_z	total_19_x total_19_y total_19_z	internal_19_x internal_19_y internal_19_z	normal_19_x normal_19_y normal_19_z	tangenial_19_x tangenial_19_y tangenial_19_z
1              3.339296e+00 2.058110e-01 4.545750e-17 1.999121e-01 1.771157e-03 -4.741299e-19 1.923027e+00 1.755877e-01 -4.307060e-18 1.216357e+00 2.845215e-02 5.023869e-17 4.382239e+00 6.630365e-01 4.752046e-17 1.999121e-01 1.771157e-03 -4.741299e-19 2.032073e+00 6.144713e-01 -2.829211e-18 2.150254e+00 4.679406e-02 5.082380e-17 4.700803e+00 2.869942e-01 5.008121e-17 1.999121e-01 1.771157e-03 -4.741299e-19 1.537431e+00 2.753888e-01 -2.565572e-18 2.963459e+00 9.834214e-03 5.312091e-17 5.009087e+00 2.926320e-01 5.671553e-17 1.999121e-01 1.771157e-03 -4.741299e-19 1.575523e+00 2.708044e-01 -1.118056e-18 3.233652e+00 2.005645e-02 5.830771e-17 7.636111e+00 4.707701e-01 6.200526e-17 1.999121e-01 1.771157e-03 -4.741299e-19 3.803023e+00 6.655129e-01 8.004438e-19 3.633177e+00 -1.965139e-01 6.167895e-17 1.020636e+01 7.686990e-01 5.490630e-18 1.999121e-01 1.771157e-03 -4.741299e-19 5.927378e+00 1.325150e+00 2.238460e-18 4.079070e+00 -5.582220e-01 3.726300e-18 1.203719e+01 5.564484e-01 3.214330e-19 1.999121e-01 1.771157e-03 -4.741299e-19 7.225356e+00 1.122454e+00 2.761858e-18 4.611921e+00 -5.677769e-01 -1.966296e-18 1.380217e+01 4.959539e-01 -1.680622e-18 1.999121e-01 1.771157e-03 -4.741299e-19 8.245993e+00 9.056237e-01 5.604939e-19 5.356268e+00 -4.114410e-01 -1.766986e-18 1.577813e+01 7.042729e-01 8.930568e-19 1.999121e-01 1.771157e-03 -4.741299e-19 9.266290e+00 9.020088e-01 -1.659069e-18 6.311927e+00 -1.995071e-01 3.026256e-18 1.764766e+01 6.096914e-01 -2.808682e-18 1.999121e-01 1.771157e-03 -4.741299e-19 1.027161e+01 5.138030e-01 5.205255e-19 7.176139e+00 9.411729e-02 -2.855078e-18 1.884667e+01 5.929844e-01 -5.285030e-18 1.999121e-01 1.771157e-03 -4.741299e-19 1.047136e+01 4.244845e-01 5.205255e-19 8.175398e+00 1.667287e-01 -5.331425e-18 1.982137e+01 5.923060e-01 -2.815399e-18 1.999121e-01 1.771157e-03 -4.741299e-19 1.047136e+01 4.238061e-01 5.205255e-19 9.150096e+00 1.667287e-01 -2.861795e-18 2.079034e+01 6.078931e-01 -2.813779e-18 1.999121e-01 1.771157e-03 -4.741299e-19 1.047136e+01 4.393933e-01 5.205255e-19 1.011907e+01 1.667287e-01 -2.860174e-18 2.176543e+01 6.418899e-01 -2.813779e-18 1.999121e-01 1.771157e-03 -4.741299e-19 1.047136e+01 4.733900e-01 5.205255e-19 1.109416e+01 1.667287e-01 -2.860174e-18 2.276118e+01 6.968581e-01 -2.813788e-18 1.999121e-01 1.771157e-03 -4.741299e-19 1.047136e+01 5.283582e-01 5.205255e-19 1.208991e+01 1.667287e-01 -2.860183e-18 2.408040e+01 9.588855e-01 -2.567253e-19 1.999121e-01 1.771157e-03 -4.741299e-19 1.064746e+01 1.087916e+00 1.898073e-18 1.323303e+01 -1.308013e-01 -1.680668e-18 2.510540e+01 1.140111e+00 1.793352e-19 1.999121e-01 1.771157e-03 -4.741299e-19 1.084651e+01 1.532782e+00 3.626796e-18 1.405898e+01 -3.944422e-01 -2.973331e-18 2.612498e+01 1.333216e+00 -1.188166e-18 1.999121e-01 1.771157e-03 -4.741299e-19 1.108701e+01 1.944543e+00 5.798773e-18 1.483805e+01 -6.130984e-01 -6.512809e-18 2.696545e+01 1.493556e+00 -1.917435e-18 1.999121e-01 1.771157e-03 -4.741299e-19 1.127561e+01 2.228281e+00 7.843513e-18 1.548993e+01 -7.364965e-01 -9.286818e-18 2.830213e+01 1.599688e+00 -4.395227e-18 1.999121e-01 1.771157e-03 -4.741299e-19 1.237126e+01 2.258822e+00 7.331905e-18 1.573095e+01 -6.609057e-01 -1.125300e-17
2              4.180762e+00 3.695255e-01 -1.341395e-18 1.996545e-01 8.648695e-03 -7.039758e-19 2.546249e+00 3.093250e-01 -5.527674e-18 1.434859e+00 5.155175e-02 4.890255e-18 5.062274e+00 1.163365e+00 1.396673e-18 1.996545e-01 8.648695e-03 -7.039758e-19 2.699450e+00 1.082920e+00 -3.451415e-18 2.163170e+00 7.179587e-02 5.552063e-18 4.913674e+00 7.333299e-01 1.625128e-18 1.996545e-01 8.648695e-03 -7.039758e-19 1.893352e+00 6.964444e-01 -3.289899e-18 2.820667e+00 2.823677e-02 5.619003e-18 5.161214e+00 8.132160e-01 4.887006e-18 1.996545e-01 8.648695e-03 -7.039758e-19 1.933133e+00 7.677818e-01 -1.255433e-18 3.028427e+00 3.678546e-02 6.846415e-18 8.379553e+00 1.110884e+00 7.811492e-18 1.996545e-01 8.648695e-03 -7.039758e-19 4.869473e+00 1.164694e+00 1.444230e-18 3.310425e+00 -6.245855e-02 7.071238e-18 1.158753e+01 1.684308e+00 2.978469e-19 1.996545e-01 8.648695e-03 -7.039758e-19 7.747058e+00 1.996431e+00 3.477567e-18 3.640817e+00 -3.207715e-01 -2.475744e-18 1.398856e+01 1.473450e+00 1.760361e-19 1.996545e-01 8.648695e-03 -7.039758e-19 9.553526e+00 1.812731e+00 4.192003e-18 4.235380e+00 -3.479298e-01 -3.311992e-18 1.606390e+01 1.569854e+00 -2.647753e-18 1.996545e-01 8.648695e-03 -7.039758e-19 1.089829e+01 1.772403e+00 1.274115e-18 4.965951e+00 -2.111981e-01 -3.217893e-18 1.831522e+01 2.093200e+00 -4.383063e-18 1.996545e-01 8.648695e-03 -7.039758e-19 1.222189e+01 2.095913e+00 -1.624317e-18 5.893673e+00 -1.136194e-02 -2.054770e-18 2.045295e+01 2.142598e+00 -3.020521e-18 1.996545e-01 8.648695e-03 -7.039758e-19 1.349757e+01 1.844533e+00 1.135754e-18 6.755725e+00 2.894160e-01 -3.452299e-18 2.180224e+01 2.279471e+00 -3.378930e-18 1.996545e-01 8.648695e-03 -7.039758e-19 1.375400e+01 1.895305e+00 1.135754e-18 7.848581e+00 3.755169e-01 -3.810708e-18 2.282064e+01 2.416336e+00 -3.033153e-18 1.996545e-01 8.648695e-03 -7.039758e-19 1.375400e+01 2.032170e+00 1.135754e-18 8.866986e+00 3.755169e-01 -3.464931e-18 2.381646e+01 2.540642e+00 -3.033014e-18 1.996545e-01 8.648695e-03 -7.039758e-19 1.375400e+01 2.156476e+00 1.135754e-18 9.862806e+00 3.755169e-01 -3.464792e-18 2.482560e+01 2.653738e+00 -3.033014e-18 1.996545e-01 8.648695e-03 -7.039758e-19 1.375400e+01 2.269572e+00 1.135754e-18 1.087194e+01 3.755169e-01 -3.464792e-18 2.590308e+01 2.769913e+00 -3.032573e-18 1.996545e-01 8.648695e-03 -7.039758e-19 1.375400e+01 2.385748e+00 1.135754e-18 1.194943e+01 3.755169e-01 -3.464350e-18 2.716482e+01 3.155223e+00 -3.527723e-18 1.996545e-01 8.648695e-03 -7.039758e-19 1.385821e+01 3.064278e+00 1.856564e-18 1.310696e+01 8.229638e-02 -4.680311e-18 2.806264e+01 3.401491e+00 -3.545314e-18 1.996545e-01 8.648695e-03 -7.039758e-19 1.398035e+01 3.539486e+00 2.907630e-18 1.388264e+01 -1.466443e-01 -5.748969e-18 2.896827e+01 3.610871e+00 -3.310453e-18 1.996545e-01 8.648695e-03 -7.039758e-19 1.414531e+01 3.935118e+00 4.389503e-18 1.462331e+01 -3.328959e-01 -6.995980e-18 2.974139e+01 3.810976e+00 -2.669174e-18 1.996545e-01 8.648695e-03 -7.039758e-19 1.426994e+01 4.234136e+00 5.740764e-18 1.527180e+01 -4.318086e-01 -7.705963e-18 3.092683e+01 3.873994e+00 -3.535019e-18 1.996545e-01 8.648695e-03 -7.039758e-19 1.521003e+01 4.185199e+00 5.205216e-18 1.551714e+01 -3.198538e-01 -8.036258e-18
3              3.051335e+00 4.182612e-01 -1.240267e-18 1.991618e-01 1.719324e-02 -5.128239e-19 1.685858e+00 3.479212e-01 -3.833351e-18 1.166315e+00 5.314670e-02 3.105907e-18 3.615729e+00 1.180677e+00 1.557421e-19 1.991618e-01 1.719324e-02 -5.128239e-19 1.781283e+00 1.095466e+00 -2.540100e-18 1.635284e+00 6.801832e-02 3.208666e-18 3.404804e+00 1.103835e+00 1.888570e-19 1.991618e-01 1.719324e-02 -5.128239e-19 1.145246e+00 1.058996e+00 -2.690561e-18 2.060396e+00 2.764581e-02 3.392241e-18 3.542111e+00 1.332403e+00 1.968321e-18 1.991618e-01 1.719324e-02 -5.128239e-19 1.154162e+00 1.283013e+00 -1.419146e-18 2.188787e+00 3.219636e-02 3.900291e-18 5.794561e+00 1.719180e+00 4.142930e-18 1.991618e-01 1.719324e-02 -5.128239e-19 3.234680e+00 1.718678e+00 2.801054e-19 2.360719e+00 -1.669068e-02 4.375648e-18 8.084549e+00 2.292060e+00 7.451770e-19 1.991618e-01 1.719324e-02 -5.128239e-19 5.322394e+00 2.450953e+00 1.577131e-18 2.562993e+00 -1.760869e-01 -3.191305e-19 9.714796e+00 2.401899e+00 8.381824e-19 1.991618e-01 1.719324e-02 -5.128239e-19 6.563346e+00 2.584643e+00 2.010595e-18 2.952288e+00 -1.999373e-01 -6.595889e-19 1.105210e+01 2.788326e+00 -9.662963e-19 1.991618e-01 1.719324e-02 -5.128239e-19 7.395933e+00 2.876416e+00 1.924213e-19 3.457007e+00 -1.052832e-01 -6.458937e-19 1.251461e+01 3.521463e+00 -2.287825e-18 1.991618e-01 1.719324e-02 -5.128239e-19 8.209526e+00 3.468390e+00 -1.591169e-18 4.105926e+00 3.587965e-02 -1.838320e-19 1.390788e+01 3.860693e+00 -1.156072e-18 1.991618e-01 1.719324e-02 -5.128239e-19 8.984555e+00 3.583930e+00 8.153346e-20 4.724165e+00 2.595699e-01 -7.247812e-19 1.487225e+01 4.336161e+00 -1.246629e-18 1.991618e-01 1.719324e-02 -5.128239e-19 9.139258e+00 3.986781e+00 8.153346e-20 5.533829e+00 3.321862e-01 -8.153389e-19 1.560379e+01 4.744113e+00 -1.156545e-18 1.991618e-01 1.719324e-02 -5.128239e-19 9.139258e+00 4.394733e+00 8.153346e-20 6.265372e+00 3.321862e-01 -7.252549e-19 1.631369e+01 5.057165e+00 -1.156460e-18 1.991618e-01 1.719324e-02 -5.128239e-19 9.139258e+00 4.707786e+00 8.153346e-20 6.975267e+00 3.321862e-01 -7.251700e-19 1.703521e+01 5.278325e+00 -1.156460e-18 1.991618e-01 1.719324e-02 -5.128239e-19 9.139258e+00 4.928945e+00 8.153346e-20 7.696794e+00 3.321862e-01 -7.251700e-19 1.781659e+01 5.430820e+00 -1.156464e-18 1.991618e-01 1.719324e-02 -5.128239e-19 9.139258e+00 5.081441e+00 8.153346e-20 8.478170e+00 3.321862e-01 -7.251732e-19 1.876049e+01 5.754248e+00 -9.902839e-19 1.991618e-01 1.719324e-02 -5.128239e-19 9.248640e+00 5.623371e+00 8.720484e-19 9.312688e+00 1.136842e-01 -1.349508e-18 1.937396e+01 5.924430e+00 -6.050484e-19 1.991618e-01 1.719324e-02 -5.128239e-19 9.327879e+00 5.946967e+00 1.584114e-18 9.846918e+00 -3.973070e-02 -1.676338e-18 1.992507e+01 5.962086e+00 -4.491065e-19 1.991618e-01 1.719324e-02 -5.128239e-19 9.368045e+00 6.109626e+00 1.975931e-18 1.035787e+01 -1.647329e-01 -1.912214e-18 2.037383e+01 5.982731e+00 -4.642468e-19 1.991618e-01 1.719324e-02 -5.128239e-19 9.367108e+00 6.199064e+00 1.965767e-18 1.080756e+01 -2.335262e-01 -1.917190e-18 2.051887e+01 5.952344e+00 -7.085770e-19 1.991618e-01 1.719324e-02 -5.128239e-19 9.337719e+00 6.090029e+00 1.737165e-18 1.098198e+01 -1.548784e-01 -1.932918e-18
4              1.217094e+00 3.463640e-01 -7.636246e-20 1.985404e-01 2.886224e-02 -1.078257e-19 6.968971e-02 2.615375e-01 -6.317217e-19 9.488639e-01 5.596427e-02 6.631850e-19 1.537901e+00 7.739062e-01 -4.112672e-19 1.985404e-01 2.886224e-02 -1.078257e-19 5.788922e-02 6.779052e-01 -7.916482e-19 1.281471e+00 6.713875e-02 4.882067e-19 1.656271e+00 1.141504e+00 -7.022809e-19 1.985404e-01 2.886224e-02 -1.078257e-19 -1.105006e-01 1.078024e+00 -1.223567e-18 1.568231e+00 3.461731e-02 6.291116e-19 1.718341e+00 1.503805e+00 -8.830090e-19 1.985404e-01 2.886224e-02 -1.078257e-19 -1.370550e-01 1.437365e+00 -1.358125e-18 1.656855e+00 3.757783e-02 5.829416e-19 2.229129e+00 1.906113e+00 -7.870853e-19 1.985404e-01 2.886224e-02 -1.078257e-19 2.566621e-01 1.871766e+00 -1.523283e-18 1.773926e+00 5.484310e-03 8.440230e-19 2.823410e+00 2.251929e+00 -1.564342e-18 1.985404e-01 2.886224e-02 -1.078257e-19 7.195881e-01 2.321176e+00 -1.632627e-18 1.905282e+00 -9.810834e-02 1.761114e-19 3.231482e+00 2.642981e+00 -1.642900e-18 1.985404e-01 2.886224e-02 -1.078257e-19 8.426731e-01 2.730454e+00 -1.706463e-18 2.190269e+00 -1.163355e-01 1.713892e-19 3.522505e+00 3.228847e+00 -1.486722e-18 1.985404e-01 2.886224e-02 -1.078257e-19 7.546175e-01 3.245342e+00 -1.534941e-18 2.569347e+00 -4.535712e-02 1.560444e-19 3.922695e+00 3.955286e+00 -1.350040e-18 1.985404e-01 2.886224e-02 -1.078257e-19 6.563669e-01 3.865424e+00 -1.324883e-18 3.067787e+00 6.099937e-02 8.266851e-20 4.315566e+00 4.562690e+00 -1.504355e-18 1.985404e-01 2.886224e-02 -1.078257e-19 5.648592e-01 4.295363e+00 -1.523778e-18 3.552167e+00 2.384643e-01 1.272488e-19 4.948020e+00 5.254753e+00 -1.433863e-18 1.985404e-01 2.886224e-02 -1.078257e-19 5.604249e-01 4.924309e+00 -1.523778e-18 4.189055e+00 3.015813e-01 1.977406e-19 5.503398e+00 5.780531e+00 -1.504201e-18 1.985404e-01 2.886224e-02 -1.078257e-19 5.604249e-01 5.450088e+00 -1.523778e-18 4.744433e+00 3.015813e-01 1.274024e-19 6.041116e+00 6.165233e+00 -1.504254e-18 1.985404e-01 2.886224e-02 -1.078257e-19 5.604249e-01 5.834789e+00 -1.523778e-18 5.282150e+00 3.015813e-01 1.273489e-19 6.589733e+00 6.425360e+00 -1.504254e-18 1.985404e-01 2.886224e-02 -1.078257e-19 5.604249e-01 6.094917e+00 -1.523778e-18 5.830768e+00 3.015813e-01 1.273489e-19 7.188760e+00 6.555089e+00 -1.504249e-18 1.985404e-01 2.886224e-02 -1.078257e-19 5.604249e-01 6.224645e+00 -1.523778e-18 6.429795e+00 3.015813e-01 1.273547e-19 8.008902e+00 6.597460e+00 -6.392250e-19 1.985404e-01 2.886224e-02 -1.078257e-19 7.295566e-01 6.437558e+00 -3.605256e-19 7.080805e+00 1.310401e-01 -1.708737e-19 8.463391e+00 6.522269e+00 -2.597107e-20 1.985404e-01 2.886224e-02 -1.078257e-19 7.842695e-01 6.468885e+00 1.687409e-19 7.480581e+00 2.452190e-02 -8.688630e-20 8.807157e+00 6.307234e+00 -7.324072e-20 1.985404e-01 2.886224e-02 -1.078257e-19 7.450670e-01 6.341106e+00 -1.377802e-19 7.863549e+00 -6.273461e-02 1.723652e-19 9.073466e+00 6.135561e+00 -5.741185e-19 1.985404e-01 2.886224e-02 -1.078257e-19 6.735070e-01 6.219517e+00 -9.136354e-19 8.201419e+00 -1.128180e-01 4.473426e-19 8.662388e+00 6.036276e+00 -6.653479e-19 1.985404e-01 2.886224e-02 -1.078257e-19 1.456989e-01 6.077239e+00 -1.029751e-18 8.318149e+00 -6.982535e-02 4.722291e-19
5              2.932083e-01 2.669273e-01 5.144019e-19 1.978331e-01 4.321071e-02 7.212892e-20 -6.916500e-01 1.670668e-01 9.046456e-19 7.870252e-01 5.664980e-02 -4.623727e-19 4.978558e-01 4.308556e-01 -5.614808e-19 1.978331e-01 4.321071e-02 7.212892e-20 -7.512183e-01 3.223025e-01 9.734393e-20 1.051241e+00 6.534244e-02 -7.309537e-19 7.730511e-01 8.856932e-01 -9.679860e-19 1.978331e-01 4.321071e-02 7.212892e-20 -6.855118e-01 8.039865e-01 -4.044795e-19 1.260730e+00 3.849591e-02 -6.356355e-19 8.075274e-01 1.268646e+00 -2.004797e-18 1.978331e-01 4.321071e-02 7.212892e-20 -7.217706e-01 1.184550e+00 -1.159697e-18 1.331465e+00 4.088579e-02 -9.172287e-19 5.099549e-01 1.657500e+00 -2.913427e-18 1.978331e-01 4.321071e-02 7.212892e-20 -1.110341e+00 1.600506e+00 -2.164815e-18 1.422463e+00 1.378298e-02 -8.207412e-19 2.743026e-01 1.878388e+00 -2.472559e-18 1.978331e-01 4.321071e-02 7.212892e-20 -1.439665e+00 1.891890e+00 -2.932113e-18 1.516134e+00 -5.671259e-02 3.874246e-19 6.835585e-02 2.348738e+00 -2.636112e-18 1.978331e-01 4.321071e-02 7.212892e-20 -1.870290e+00 2.371925e+00 -3.247989e-18 1.740813e+00 -6.639862e-02 5.397477e-19 -1.571968e-01 2.936929e+00 -1.527651e-18 1.978331e-01 4.321071e-02 7.212892e-20 -2.398276e+00 2.902203e+00 -2.126628e-18 2.043246e+00 -8.485029e-03 5.268481e-19 -2.914437e-01 3.547806e+00 -6.555111e-19 1.978331e-01 4.321071e-02 7.212892e-20 -2.937686e+00 3.427637e+00 -9.586864e-19 2.448409e+00 7.695776e-02 2.310464e-19 -3.977594e-01 4.189327e+00 -1.441270e-18 1.978331e-01 4.321071e-02 7.212892e-20 -3.438257e+00 3.925808e+00 -2.033670e-18 2.842665e+00 2.203086e-01 5.202712e-19 4.663731e-02 4.760360e+00 -1.338390e-18 1.978331e-01 4.321071e-02 7.212892e-20 -3.506847e+00 4.443334e+00 -2.033670e-18 3.355651e+00 2.738148e-01 6.231511e-19 4.861860e-01 5.104141e+00 -1.441399e-18 1.978331e-01 4.321071e-02 7.212892e-20 -3.506847e+00 4.787116e+00 -2.033670e-18 3.795200e+00 2.738148e-01 5.201425e-19 9.145721e-01 5.348424e+00 -1.441503e-18 1.978331e-01 4.321071e-02 7.212892e-20 -3.506847e+00 5.031398e+00 -2.033670e-18 4.223586e+00 2.738148e-01 5.200390e-19 1.353245e+00 5.525496e+00 -1.441503e-18 1.978331e-01 4.321071e-02 7.212892e-20 -3.506847e+00 5.208470e+00 -2.033670e-18 4.662259e+00 2.738148e-01 5.200390e-19 1.828205e+00 5.588576e+00 -1.441481e-18 1.978331e-01 4.321071e-02 7.212892e-20 -3.506847e+00 5.271551e+00 -2.033670e-18 5.137219e+00 2.738148e-01 5.200608e-19 2.459563e+00 5.372839e+00 -8.402298e-19 1.978331e-01 4.321071e-02 7.212892e-20 -3.399063e+00 5.189309e+00 -1.473668e-18 5.660792e+00 1.403191e-01 5.613092e-19 2.723052e+00 5.072445e+00 -9.267672e-19 1.978331e-01 4.321071e-02 7.212892e-20 -3.450786e+00 4.966259e+00 -1.877990e-18 5.976005e+00 6.297506e-02 8.790938e-19 2.904538e+00 4.696791e+00 -1.542873e-18 1.978331e-01 4.321071e-02 7.212892e-20 -3.573130e+00 4.656209e+00 -2.971067e-18 6.279835e+00 -2.628698e-03 1.356066e-18 3.070949e+00 4.439895e+00 -2.339883e-18 1.978331e-01 4.321071e-02 7.212892e-20 -3.674824e+00 4.439390e+00 -4.073636e-18 6.547939e+00 -4.270594e-02 1.661624e-18 2.853977e+00 4.309837e+00 -2.672872e-18 1.978331e-01 4.321071e-02 7.212892e-20 -3.968508e+00 4.296756e+00 -4.426601e-18 6.624653e+00 -3.012936e-02 1.681600e-18
6              3.409312e-01 2.308863e-01 3.687619e-19 1.970843e-01 5.840688e-02 6.020182e-21 -5.254873e-01 1.165260e-01 6.297479e-19 6.693342e-01 5.595347e-02 -2.670062e-19 5.268389e-01 3.164518e-01 -4.643295e-19 1.970843e-01 5.840688e-02 6.020182e-21 -5.695161e-01 1.951586e-01 3.304619e-20 8.992707e-01 6.288633e-02 -5.033959e-19 6.997972e-01 5.780833e-01 -8.007984e-19 1.970843e-01 5.840688e-02 6.020182e-21 -5.668438e-01 4.818334e-01 -4.119876e-19 1.069557e+00 3.784300e-02 -3.948310e-19 7.343424e-01 9.095359e-01 -1.553831e-18 1.970843e-01 5.840688e-02 6.020182e-21 -5.943509e-01 8.113296e-01 -9.577692e-19 1.131609e+00 3.979943e-02 -6.020822e-19 6.530671e-01 1.292548e+00 -2.178139e-18 1.970843e-01 5.840688e-02 6.020182e-21 -7.545476e-01 1.219687e+00 -1.699722e-18 1.210530e+00 1.445398e-02 -4.844375e-19 5.643379e-01 1.527639e+00 -1.988087e-18 1.970843e-01 5.840688e-02 6.020182e-21 -9.221757e-01 1.510958e+00 -2.287975e-18 1.289429e+00 -4.172578e-02 2.938672e-19 4.321933e-01 1.899798e+00 -2.118104e-18 1.970843e-01 5.840688e-02 6.020182e-21 -1.242452e+00 1.887529e+00 -2.533069e-18 1.477561e+00 -4.613809e-02 4.089450e-19 2.790981e-01 2.332677e+00 -1.255917e-18 1.970843e-01 5.840688e-02 6.020182e-21 -1.648411e+00 2.270359e+00 -1.670414e-18 1.730424e+00 3.910814e-03 4.084770e-19 2.008955e-01 2.779205e+00 -5.681894e-19 1.970843e-01 5.840688e-02 6.020182e-21 -2.069748e+00 2.644003e+00 -7.679863e-19 2.073560e+00 7.679465e-02 1.937768e-19 1.379167e-01 3.255670e+00 -1.181605e-18 1.970843e-01 5.840688e-02 6.020182e-21 -2.460381e+00 3.004202e+00 -1.601214e-18 2.401213e+00 1.930608e-01 4.135889e-19 5.160649e-01 3.553820e+00 -1.133482e-18 1.970843e-01 5.840688e-02 6.020182e-21 -2.500858e+00 3.258656e+00 -1.601214e-18 2.819839e+00 2.367570e-01 4.617119e-19 8.807336e-01 3.650353e+00 -1.181740e-18 1.970843e-01 5.840688e-02 6.020182e-21 -2.500858e+00 3.355189e+00 -1.601214e-18 3.184507e+00 2.367570e-01 4.134540e-19 1.241997e+00 3.729923e+00 -1.181798e-18 1.970843e-01 5.840688e-02 6.020182e-21 -2.500858e+00 3.434759e+00 -1.601214e-18 3.545771e+00 2.367570e-01 4.133957e-19 1.612893e+00 3.828647e+00 -1.181798e-18 1.970843e-01 5.840688e-02 6.020182e-21 -2.500858e+00 3.533484e+00 -1.601214e-18 3.916666e+00 2.367570e-01 4.133957e-19 2.003978e+00 3.889683e+00 -1.181778e-18 1.970843e-01 5.840688e-02 6.020182e-21 -2.500858e+00 3.594519e+00 -1.601214e-18 4.307752e+00 2.367570e-01 4.134160e-19 2.484737e+00 3.663124e+00 -9.601358e-19 1.970843e-01 5.840688e-02 6.020182e-21 -2.449334e+00 3.472575e+00 -1.513527e-18 4.736986e+00 1.321421e-01 5.473714e-19 2.670974e+00 3.379362e+00 -1.369126e-18 1.970843e-01 5.840688e-02 6.020182e-21 -2.524726e+00 3.250710e+00 -2.153959e-18 4.998616e+00 7.024561e-02 7.788129e-19 2.839723e+00 3.094308e+00 -1.911359e-18 1.970843e-01 5.840688e-02 6.020182e-21 -2.610357e+00 3.021150e+00 -2.945423e-18 5.252995e+00 1.475124e-02 1.028044e-18 3.017512e+00 2.921288e+00 -2.316828e-18 1.970843e-01 5.840688e-02 6.020182e-21 -2.658587e+00 2.884606e+00 -3.468331e-18 5.479014e+00 -2.172554e-02 1.145483e-18 3.347400e+00 2.809979e+00 -2.939625e-18 1.970843e-01 5.840688e-02 6.020182e-21 -2.388018e+00 2.780239e+00 -4.066358e-18 5.538334e+00 -2.866682e-02 1.120713e-18
7              1.088049e+00 2.696609e-01 -3.470150e-19 1.963288e-01 7.212236e-02 -2.382515e-19 3.098105e-01 1.423347e-01 -9.617255e-19 5.819101e-01 5.520385e-02 8.529621e-19 1.313358e+00 5.103703e-01 -2.596661e-19 1.963288e-01 7.212236e-02 -2.382515e-19 3.258943e-01 3.773145e-01 -7.437494e-19 7.911350e-01 6.093353e-02 7.223348e-19 1.159713e+00 4.698865e-01 -4.324073e-19 1.963288e-01 7.212236e-02 -2.382515e-19 2.218288e-02 3.620504e-01 -1.110913e-18 9.412014e-01 3.571371e-02 9.167570e-19 1.203848e+00 7.291556e-01 -9.321532e-20 1.963288e-01 7.212236e-02 -2.382515e-19 1.011028e-02 6.199231e-01 -8.626136e-19 9.974086e-01 3.711012e-02 1.007650e-18 2.068405e+00 1.111755e+00 5.223987e-19 1.963288e-01 7.212236e-02 -2.382515e-19 8.019895e-01 1.027048e+00 -5.495526e-19 1.070087e+00 1.258402e-02 1.310203e-18 2.856220e+00 1.477176e+00 -7.015149e-19 1.963288e-01 7.212236e-02 -2.382515e-19 1.514013e+00 1.446719e+00 -3.421880e-19 1.145878e+00 -4.166549e-02 -1.210754e-19 3.317760e+00 1.699003e+00 -7.338452e-19 1.963288e-01 7.212236e-02 -2.382515e-19 1.809991e+00 1.672601e+00 -2.957422e-19 1.311440e+00 -4.572105e-02 -1.998515e-19 3.655518e+00 1.992349e+00 -9.896604e-19 1.963288e-01 7.212236e-02 -2.382515e-19 1.925679e+00 1.921235e+00 -5.587757e-19 1.533510e+00 -1.008663e-03 -1.926332e-19 4.053203e+00 2.417822e+00 -1.154851e-18 1.963288e-01 7.212236e-02 -2.382515e-19 2.018301e+00 2.280455e+00 -7.859741e-19 1.838574e+00 6.524493e-02 -1.306259e-19 4.418138e+00 2.730819e+00 -1.028457e-18 1.963288e-01 7.212236e-02 -2.382515e-19 2.097508e+00 2.493822e+00 -6.071881e-19 2.124301e+00 1.648750e-01 -1.830171e-19 4.819943e+00 2.879735e+00 -1.071349e-18 1.963288e-01 7.212236e-02 -2.382515e-19 2.141561e+00 2.606390e+00 -6.071881e-19 2.482054e+00 2.012224e-01 -2.259090e-19 5.143280e+00 2.910964e+00 -1.028246e-18 1.963288e-01 7.212236e-02 -2.382515e-19 2.141561e+00 2.637620e+00 -6.071881e-19 2.805391e+00 2.012224e-01 -1.828064e-19 5.468611e+00 2.975066e+00 -1.028200e-18 1.963288e-01 7.212236e-02 -2.382515e-19 2.141561e+00 2.701722e+00 -6.071881e-19 3.130721e+00 2.012224e-01 -1.827602e-19 5.803055e+00 3.091370e+00 -1.028200e-18 1.963288e-01 7.212236e-02 -2.382515e-19 2.141561e+00 2.818025e+00 -6.071881e-19 3.465165e+00 2.012224e-01 -1.827602e-19 6.147298e+00 3.226942e+00 -1.028199e-18 1.963288e-01 7.212236e-02 -2.382515e-19 2.141561e+00 2.953597e+00 -6.071881e-19 3.809408e+00 2.012224e-01 -1.827599e-19 6.509653e+00 3.233140e+00 -1.237598e-18 1.963288e-01 7.212236e-02 -2.382515e-19 2.134607e+00 3.046177e+00 -9.322108e-19 4.178718e+00 1.148412e-01 -6.713606e-20 6.673883e+00 3.156389e+00 -1.778125e-18 1.963288e-01 7.212236e-02 -2.382515e-19 2.066614e+00 3.025860e+00 -1.537523e-18 4.410940e+00 5.840684e-02 -2.350852e-21 6.866845e+00 3.099082e+00 -2.099674e-18 1.963288e-01 7.212236e-02 -2.382515e-19 2.033752e+00 3.020248e+00 -1.863168e-18 4.636764e+00 6.711624e-03 1.745417e-21 7.066055e+00 3.096252e+00 -2.150549e-18 1.963288e-01 7.212236e-02 -2.382515e-19 2.030757e+00 3.052541e+00 -1.895639e-18 4.838970e+00 -2.841135e-02 -1.665803e-20 7.516224e+00 3.036267e+00 -2.656648e-18 1.963288e-01 7.212236e-02 -2.382515e-19 2.423312e+00 3.004679e+00 -2.392307e-18 4.896583e+00 -4.053474e-02 -2.608944e-20
8              1.538604e+00 3.249904e-01 -8.007082e-19 1.955880e-01 8.242202e-02 -3.849636e-19 8.310174e-01 1.875604e-01 -1.952582e-18 5.119986e-01 5.500797e-02 1.536838e-18 1.782110e+00 7.271750e-01 -1.535559e-19 1.955880e-01 8.242202e-02 -3.849636e-19 8.836180e-01 5.847379e-01 -1.239712e-18 7.029040e-01 6.001512e-02 1.471120e-18 1.409983e+00 5.671542e-01 -2.555559e-19 1.955880e-01 8.242202e-02 -3.849636e-19 3.761595e-01 4.496126e-01 -1.599660e-18 8.382353e-01 3.511953e-02 1.729068e-18 1.453810e+00 8.059309e-01 7.429759e-19 1.955880e-01 8.242202e-02 -3.849636e-19 3.686258e-01 6.875551e-01 -8.750842e-19 8.895967e-01 3.595379e-02 2.003024e-18 2.910965e+00 1.199353e+00 2.138371e-18 1.955880e-01 8.242202e-02 -3.849636e-19 1.757742e+00 1.105576e+00 8.364955e-20 9.576348e-01 1.135560e-02 2.439685e-18 4.270211e+00 1.658220e+00 -3.411069e-20 1.955880e-01 8.242202e-02 -3.849636e-19 3.043068e+00 1.620013e+00 7.942219e-19 1.031555e+00 -4.421531e-02 -4.433689e-19 5.122384e+00 1.819771e+00 -1.008194e-20 1.955880e-01 8.242202e-02 -3.849636e-19 3.745206e+00 1.787517e+00 1.029000e-18 1.181590e+00 -5.016762e-02 -6.541182e-19 5.775751e+00 2.080495e+00 -9.887190e-19 1.955880e-01 8.242202e-02 -3.849636e-19 4.195311e+00 2.007194e+00 4.297115e-20 1.384851e+00 -9.120974e-03 -6.467266e-19 6.482881e+00 2.569937e+00 -1.707503e-18 1.955880e-01 8.242202e-02 -3.849636e-19 4.618760e+00 2.433095e+00 -9.087092e-19 1.668532e+00 5.442031e-02 -4.138299e-19 7.120237e+00 2.850862e+00 -1.131142e-18 1.955880e-01 8.242202e-02 -3.849636e-19 4.989417e+00 2.619368e+00 -1.083211e-19 1.935232e+00 1.490717e-01 -6.378572e-19 7.536772e+00 3.087245e+00 -1.198985e-18 1.955880e-01 8.242202e-02 -3.849636e-19 5.076303e+00 2.822543e+00 -1.083211e-19 2.264881e+00 1.822800e-01 -7.057004e-19 7.840492e+00 3.285173e+00 -1.130722e-18 1.955880e-01 8.242202e-02 -3.849636e-19 5.076303e+00 3.020471e+00 -1.083211e-19 2.568601e+00 1.822800e-01 -6.374371e-19 8.146757e+00 3.500901e+00 -1.130643e-18 1.955880e-01 8.242202e-02 -3.849636e-19 5.076303e+00 3.236199e+00 -1.083211e-19 2.874866e+00 1.822800e-01 -6.373581e-19 8.461485e+00 3.730353e+00 -1.130643e-18 1.955880e-01 8.242202e-02 -3.849636e-19 5.076303e+00 3.465651e+00 -1.083211e-19 3.189594e+00 1.822800e-01 -6.373581e-19 8.784658e+00 3.968381e+00 -1.130650e-18 1.955880e-01 8.242202e-02 -3.849636e-19 5.076303e+00 3.703679e+00 -1.083211e-19 3.512767e+00 1.822800e-01 -6.373651e-19 9.133311e+00 4.228112e+00 -1.296033e-18 1.955880e-01 8.242202e-02 -3.849636e-19 5.085432e+00 4.041943e+00 -2.270191e-19 3.852291e+00 1.037463e-01 -6.840507e-19 9.354502e+00 4.380946e+00 -1.400885e-18 1.955880e-01 8.242202e-02 -3.849636e-19 5.088416e+00 4.250637e+00 -2.235078e-19 4.070498e+00 4.788725e-02 -7.924138e-19 9.606283e+00 4.535062e+00 -1.219861e-18 1.955880e-01 8.242202e-02 -3.849636e-19 5.131063e+00 4.454264e+00 1.532299e-19 4.279631e+00 -1.623635e-03 -9.881271e-19 9.825606e+00 4.673686e+00 -9.429555e-19 1.955880e-01 8.242202e-02 -3.849636e-19 5.163924e+00 4.625512e+00 5.095031e-19 4.466095e+00 -3.424776e-02 -1.067495e-18 1.002987e+01 4.667138e+00 -1.090064e-18 1.955880e-01 8.242202e-02 -3.849636e-19 5.309079e+00 4.624581e+00 3.426519e-19 4.525207e+00 -3.986523e-02 -1.047752e-18
9              1.486854e+00 3.627778e-01 -8.078220e-19 1.948716e-01 8.874517e-02 -3.820976e-19 8.397098e-01 2.189666e-01 -1.966541e-18 4.522727e-01 5.506600e-02 1.540817e-18 1.710466e+00 8.360691e-01 -1.763532e-19 1.948716e-01 8.874517e-02 -3.820976e-19 8.913985e-01 6.876150e-01 -1.266028e-18 6.241957e-01 5.970890e-02 1.471772e-18 1.305941e+00 7.483730e-01 -3.164866e-19 1.948716e-01 8.874517e-02 -3.820976e-19 3.659378e-01 6.232940e-01 -1.679832e-18 7.451320e-01 3.633385e-02 1.745443e-18 1.339790e+00 1.025563e+00 6.531435e-19 1.948716e-01 8.874517e-02 -3.820976e-19 3.522468e-01 9.000244e-01 -9.783390e-19 7.926712e-01 3.679304e-02 2.013580e-18 2.819322e+00 1.454071e+00 2.061233e-18 1.948716e-01 8.874517e-02 -3.820976e-19 1.768265e+00 1.353796e+00 -3.928320e-20 8.561856e-01 1.153008e-02 2.482613e-18 4.221733e+00 1.953481e+00 -2.165609e-19 1.948716e-01 8.874517e-02 -3.820976e-19 3.101807e+00 1.907497e+00 6.703341e-19 9.250547e-01 -4.276099e-02 -5.047974e-19 5.078686e+00 2.174388e+00 -2.050661e-19 1.948716e-01 8.874517e-02 -3.820976e-19 3.821547e+00 2.135403e+00 9.058200e-19 1.062268e+00 -4.976008e-02 -7.287885e-19 5.715970e+00 2.512189e+00 -1.186003e-18 1.948716e-01 8.874517e-02 -3.820976e-19 4.269276e+00 2.434505e+00 -7.896898e-20 1.251822e+00 -1.106163e-02 -7.249369e-19 6.406752e+00 3.104487e+00 -1.904591e-18 1.948716e-01 8.874517e-02 -3.820976e-19 4.691033e+00 2.964549e+00 -1.022970e-18 1.520847e+00 5.119216e-02 -4.995238e-19 7.031642e+00 3.466589e+00 -1.347470e-18 1.948716e-01 8.874517e-02 -3.820976e-19 5.056332e+00 3.230293e+00 -2.393160e-19 1.780438e+00 1.475505e-01 -7.260568e-19 7.429330e+00 3.893885e+00 -1.383228e-18 1.948716e-01 8.874517e-02 -3.820976e-19 5.132991e+00 3.624123e+00 -2.393160e-19 2.101467e+00 1.810170e-01 -7.618145e-19 7.719839e+00 4.304772e+00 -1.347155e-18 1.948716e-01 8.874517e-02 -3.820976e-19 5.132991e+00 4.035010e+00 -2.393160e-19 2.391976e+00 1.810170e-01 -7.257417e-19 8.009657e+00 4.681343e+00 -1.347112e-18 1.948716e-01 8.874517e-02 -3.820976e-19 5.132991e+00 4.411581e+00 -2.393160e-19 2.681794e+00 1.810170e-01 -7.256986e-19 8.306693e+00 5.006613e+00 -1.347112e-18 1.948716e-01 8.874517e-02 -3.820976e-19 5.132991e+00 4.736850e+00 -2.393160e-19 2.978830e+00 1.810170e-01 -7.256986e-19 8.616088e+00 5.279435e+00 -1.347118e-18 1.948716e-01 8.874517e-02 -3.820976e-19 5.132991e+00 5.009673e+00 -2.393160e-19 3.288225e+00 1.810170e-01 -7.257048e-19 8.978570e+00 5.621513e+00 -1.341549e-18 1.948716e-01 8.874517e-02 -3.820976e-19 5.170134e+00 5.428556e+00 -8.759773e-20 3.613565e+00 1.042125e-01 -8.718534e-19 9.231144e+00 5.848913e+00 -1.111453e-18 1.948716e-01 8.874517e-02 -3.820976e-19 5.213826e+00 5.711476e+00 2.787387e-19 3.822447e+00 4.869169e-02 -1.008094e-18 9.489478e+00 6.048792e+00 -7.143575e-19 1.948716e-01 8.874517e-02 -3.820976e-19 5.276502e+00 5.957745e+00 8.542330e-19 4.018105e+00 2.301030e-03 -1.186493e-18 9.693233e+00 6.210826e+00 -4.022150e-19 1.948716e-01 8.874517e-02 -3.820976e-19 5.309205e+00 6.147920e+00 1.208799e-18 4.189157e+00 -2.583872e-02 -1.228916e-18 9.622038e+00 6.227770e+00 -2.938112e-19 1.948716e-01 8.874517e-02 -3.820976e-19 5.181865e+00 6.160142e+00 1.286233e-18 4.245302e+00 -2.111687e-02 -1.197947e-18
10             1.146734e+00 3.772545e-01 -5.584690e-19 1.941832e-01 9.179277e-02 -2.948930e-19 5.512799e-01 2.301858e-01 -1.429796e-18 4.012705e-01 5.527592e-02 1.166220e-18 1.329586e+00 8.318100e-01 -2.821209e-19 1.941832e-01 9.179277e-02 -2.948930e-19 5.801391e-01 6.802428e-01 -1.038681e-18 5.552636e-01 5.977442e-02 1.051453e-18 1.011435e+00 8.900821e-01 -5.082729e-19 1.941832e-01 9.179277e-02 -2.948930e-19 1.540940e-01 7.601201e-01 -1.522014e-18 6.631578e-01 3.816925e-02 1.308634e-18 1.032946e+00 1.230014e+00 3.040384e-20 1.941832e-01 9.179277e-02 -2.948930e-19 1.306249e-01 1.099718e+00 -1.133184e-18 7.081375e-01 3.850304e-02 1.458481e-18 2.197258e+00 1.708795e+00 9.857799e-19 1.941832e-01 9.179277e-02 -2.948930e-19 1.235348e+00 1.604452e+00 -6.089991e-19 7.677270e-01 1.255034e-02 1.889672e-18 3.314600e+00 2.214651e+00 -8.590265e-19 1.941832e-01 9.179277e-02 -2.948930e-19 2.290455e+00 2.160420e+00 -2.105576e-19 8.299625e-01 -3.756135e-02 -3.535759e-19 3.930982e+00 2.547051e+00 -8.965479e-19 1.941832e-01 9.179277e-02 -2.948930e-19 2.780888e+00 2.498912e+00 -8.956220e-20 9.559109e-01 -4.365389e-02 -5.120926e-19 4.347598e+00 2.988911e+00 -1.433328e-18 1.941832e-01 9.179277e-02 -2.948930e-19 3.020429e+00 2.903448e+00 -6.276966e-19 1.132985e+00 -6.329409e-03 -5.107384e-19 4.820069e+00 3.648776e+00 -1.811193e-18 1.941832e-01 9.179277e-02 -2.948930e-19 3.238757e+00 3.502894e+00 -1.119320e-18 1.387129e+00 5.408925e-02 -3.969796e-19 5.264110e+00 4.100711e+00 -1.529878e-18 1.941832e-01 9.179277e-02 -2.948930e-19 3.430802e+00 3.857490e+00 -7.083081e-19 1.639125e+00 1.514278e-01 -5.266769e-19 5.623027e+00 4.638295e+00 -1.526031e-18 1.941832e-01 9.179277e-02 -2.948930e-19 3.474718e+00 4.360483e+00 -7.083081e-19 1.954126e+00 1.860187e-01 -5.228297e-19 5.897347e+00 5.121883e+00 -1.529756e-18 1.941832e-01 9.179277e-02 -2.948930e-19 3.474718e+00 4.844072e+00 -7.083081e-19 2.228446e+00 1.860187e-01 -5.265553e-19 6.167645e+00 5.527398e+00 -1.529755e-18 1.941832e-01 9.179277e-02 -2.948930e-19 3.474718e+00 5.249587e+00 -7.083081e-19 2.498744e+00 1.860187e-01 -5.265534e-19 6.443553e+00 5.847235e+00 -1.529755e-18 1.941832e-01 9.179277e-02 -2.948930e-19 3.474718e+00 5.569424e+00 -7.083081e-19 2.774652e+00 1.860187e-01 -5.265534e-19 6.734796e+00 6.065633e+00 -1.529760e-18 1.941832e-01 9.179277e-02 -2.948930e-19 3.474718e+00 5.787821e+00 -7.083081e-19 3.065896e+00 1.860187e-01 -5.265586e-19 7.082380e+00 6.321054e+00 -1.500331e-18 1.941832e-01 9.179277e-02 -2.948930e-19 3.509145e+00 6.119627e+00 -5.707432e-19 3.379052e+00 1.096350e-01 -6.346944e-19 7.298081e+00 6.468255e+00 -1.375268e-18 1.941832e-01 9.179277e-02 -2.948930e-19 3.526783e+00 6.320308e+00 -4.152722e-19 3.577115e+00 5.615383e-02 -6.651029e-19 7.486731e+00 6.562152e+00 -1.280303e-18 1.941832e-01 9.179277e-02 -2.948930e-19 3.533300e+00 6.456919e+00 -3.420851e-19 3.759248e+00 1.343998e-02 -6.433248e-19 7.631074e+00 6.642367e+00 -1.340099e-18 1.941832e-01 9.179277e-02 -2.948930e-19 3.521938e+00 6.561159e+00 -4.652789e-19 3.914953e+00 -1.058553e-02 -5.799272e-19 7.411789e+00 6.644038e+00 -1.197767e-18 1.941832e-01 9.179277e-02 -2.948930e-19 3.253248e+00 6.552616e+00 -3.626045e-19 3.964358e+00 -3.710867e-04 -5.402695e-19
11             7.263773e-01 3.685144e-01 -2.383438e-19 1.935246e-01 9.263179e-02 -1.840490e-19 1.731747e-01 2.201603e-01 -7.212686e-19 3.596781e-01 5.572223e-02 6.669738e-19 8.662915e-01 7.396727e-01 -3.979282e-19 1.935246e-01 9.263179e-02 -1.840490e-19 1.738309e-01 5.869034e-01 -7.123756e-19 4.989361e-01 6.013751e-02 4.984965e-19 6.771581e-01 9.195656e-01 -7.052406e-19 1.935246e-01 9.263179e-02 -1.840490e-19 -1.132653e-01 7.874443e-01 -1.241874e-18 5.968988e-01 3.948953e-02 7.206825e-19 6.890508e-01 1.301579e+00 -6.823334e-19 1.935246e-01 9.263179e-02 -1.840490e-19 -1.446885e-01 1.169107e+00 -1.226038e-18 6.402147e-01 3.984072e-02 7.277540e-19 1.433594e+00 1.807804e+00 -3.027655e-19 1.935246e-01 9.263179e-02 -1.840490e-19 5.428689e-01 1.701803e+00 -1.202046e-18 6.972009e-01 1.336847e-02 1.083330e-18 2.147606e+00 2.276297e+00 -1.500179e-18 1.935246e-01 9.263179e-02 -1.840490e-19 1.200042e+00 2.215704e+00 -1.185675e-18 7.540392e-01 -3.203834e-02 -1.304550e-19 2.457330e+00 2.682262e+00 -1.580617e-18 1.935246e-01 9.263179e-02 -1.840490e-19 1.393774e+00 2.625794e+00 -1.199162e-18 8.700315e-01 -3.616444e-02 -1.974063e-19 2.616147e+00 3.164869e+00 -1.586225e-18 1.935246e-01 9.263179e-02 -1.840490e-19 1.388127e+00 3.072137e+00 -1.206196e-18 1.034495e+00 9.960754e-05 -1.959800e-19 2.831857e+00 3.792905e+00 -1.560934e-18 1.935246e-01 9.263179e-02 -1.840490e-19 1.367142e+00 3.642798e+00 -1.168984e-18 1.271190e+00 5.747456e-02 -2.079019e-19 3.057179e+00 4.266578e+00 -1.596633e-18 1.935246e-01 9.263179e-02 -1.840490e-19 1.354987e+00 4.023086e+00 -1.193648e-18 1.508667e+00 1.508604e-01 -2.189354e-19 3.369000e+00 4.773793e+00 -1.567972e-18 1.935246e-01 9.263179e-02 -1.840490e-19 1.366181e+00 4.495930e+00 -1.193648e-18 1.809295e+00 1.852308e-01 -1.902745e-19 3.622416e+00 5.174218e+00 -1.596630e-18 1.935246e-01 9.263179e-02 -1.840490e-19 1.366181e+00 4.896356e+00 -1.193648e-18 2.062711e+00 1.852308e-01 -2.189333e-19 3.871422e+00 5.489004e+00 -1.596654e-18 1.935246e-01 9.263179e-02 -1.840490e-19 1.366181e+00 5.211141e+00 -1.193648e-18 2.311717e+00 1.852308e-01 -2.189567e-19 4.125091e+00 5.733593e+00 -1.596654e-18 1.935246e-01 9.263179e-02 -1.840490e-19 1.366181e+00 5.455730e+00 -1.193648e-18 2.565386e+00 1.852308e-01 -2.189567e-19 4.393242e+00 5.879765e+00 -1.596657e-18 1.935246e-01 9.263179e-02 -1.840490e-19 1.366181e+00 5.601902e+00 -1.193648e-18 2.833537e+00 1.852308e-01 -2.189597e-19 4.734217e+00 6.002714e+00 -1.469990e-18 1.935246e-01 9.263179e-02 -1.840490e-19 1.411103e+00 5.799183e+00 -9.824605e-19 3.129589e+00 1.108995e-01 -3.034809e-19 4.917024e+00 6.036240e+00 -1.419537e-18 1.935246e-01 9.263179e-02 -1.840490e-19 1.410266e+00 5.882195e+00 -9.732826e-19 3.313233e+00 6.141327e-02 -2.622057e-19 5.050216e+00 6.005569e+00 -1.582557e-18 1.935246e-01 9.263179e-02 -1.840490e-19 1.375737e+00 5.890544e+00 -1.270138e-18 3.480954e+00 2.239310e-02 -1.283702e-19 5.155126e+00 5.986260e+00 -1.882504e-18 1.935246e-01 9.263179e-02 -1.840490e-19 1.338297e+00 5.893273e+00 -1.676064e-18 3.623304e+00 3.553544e-04 -2.239100e-20 5.043669e+00 5.954355e+00 -1.923944e-18 1.935246e-01 9.263179e-02 -1.840490e-19 1.184229e+00 5.853822e+00 -1.730157e-18 3.665916e+00 7.901062e-03 -9.737830e-21
12             4.934194e-01 3.509602e-01 -7.707222e-20 1.928971e-01 9.205059e-02 -1.242364e-19 -2.626748e-02 2.027521e-01 -3.402671e-19 3.267898e-01 5.615753e-02 3.874313e-19 6.085952e-01 6.435662e-01 -4.397032e-19 1.928971e-01 9.205059e-02 -1.242364e-19 -3.912954e-02 4.911011e-01 -5.145805e-19 4.548277e-01 6.041449e-02 1.991137e-19 4.934589e-01 8.422540e-01 -7.663330e-19 1.928971e-01 9.205059e-02 -1.242364e-19 -2.451800e-01 7.104226e-01 -1.032264e-18 5.457418e-01 3.978083e-02 3.901674e-19 5.025558e-01 1.210775e+00 -9.754220e-19 1.928971e-01 9.205059e-02 -1.242364e-19 -2.779176e-01 1.078584e+00 -1.183782e-18 5.875764e-01 4.014043e-02 3.325970e-19 1.007322e+00 1.689274e+00 -8.843017e-19 1.928971e-01 9.205059e-02 -1.242364e-19 1.710842e-01 1.584172e+00 -1.386222e-18 6.433410e-01 1.305080e-02 6.261566e-19 1.478766e+00 2.097089e+00 -1.676016e-18 1.928971e-01 9.205059e-02 -1.242364e-19 5.889174e-01 2.033928e+00 -1.545933e-18 6.969520e-01 -2.888989e-02 -5.846795e-21 1.628878e+00 2.489476e+00 -1.764037e-18 1.928971e-01 9.205059e-02 -1.242364e-19 6.318519e-01 2.428749e+00 -1.616639e-18 8.041289e-01 -3.132429e-02 -2.316139e-20 1.669082e+00 2.927462e+00 -1.535080e-18 1.928971e-01 9.205059e-02 -1.242364e-19 5.198930e-01 2.831693e+00 -1.390516e-18 9.562918e-01 3.718621e-03 -2.032801e-20 1.761969e+00 3.458613e+00 -1.333549e-18 1.928971e-01 9.205059e-02 -1.242364e-19 3.942588e-01 3.308900e+00 -1.125628e-18 1.174813e+00 5.766216e-02 -8.368504e-20 1.874232e+00 3.883449e+00 -1.509929e-18 1.928971e-01 9.205059e-02 -1.242364e-19 2.882891e-01 3.647849e+00 -1.348682e-18 1.393046e+00 1.435494e-01 -3.701093e-20 2.150544e+00 4.282323e+00 -1.480748e-18 1.928971e-01 9.205059e-02 -1.242364e-19 2.865074e-01 4.014309e+00 -1.348682e-18 1.671139e+00 1.759627e-01 -7.829232e-21 2.382187e+00 4.549915e+00 -1.509929e-18 1.928971e-01 9.205059e-02 -1.242364e-19 2.865074e-01 4.281901e+00 -1.348682e-18 1.902782e+00 1.759627e-01 -3.701008e-20 2.612090e+00 4.755142e+00 -1.509954e-18 1.928971e-01 9.205059e-02 -1.242364e-19 2.865074e-01 4.487129e+00 -1.348682e-18 2.132685e+00 1.759627e-01 -3.703511e-20 2.846989e+00 4.931700e+00 -1.509954e-18 1.928971e-01 9.205059e-02 -1.242364e-19 2.865074e-01 4.663687e+00 -1.348682e-18 2.367585e+00 1.759627e-01 -3.703511e-20 3.093038e+00 5.051894e+00 -1.509954e-18 1.928971e-01 9.205059e-02 -1.242364e-19 2.865074e-01 4.783881e+00 -1.348682e-18 2.613633e+00 1.759627e-01 -3.703527e-20 3.440781e+00 5.114698e+00 -1.203092e-18 1.928971e-01 9.205059e-02 -1.242364e-19 3.597346e-01 4.916792e+00 -9.200784e-19 2.888149e+00 1.058557e-01 -1.587772e-19 3.619342e+00 5.098242e+00 -1.048253e-18 1.928971e-01 9.205059e-02 -1.242364e-19 3.714613e-01 4.944554e+00 -7.938126e-19 3.054984e+00 6.163713e-02 -1.302039e-19 3.743284e+00 5.018685e+00 -1.202391e-18 1.928971e-01 9.205059e-02 -1.242364e-19 3.423521e-01 4.900462e+00 -1.041682e-18 3.208035e+00 2.617279e-02 -3.647224e-20 3.846646e+00 4.952449e+00 -1.442477e-18 1.928971e-01 9.205059e-02 -1.242364e-19 3.138758e-01 4.856090e+00 -1.350423e-18 3.339873e+00 4.309253e-03 3.218262e-20 3.949815e+00 4.894267e+00 -1.701123e-18 1.928971e-01 9.205059e-02 -1.242364e-19 3.792003e-01 4.798149e+00 -1.579267e-18 3.377718e+00 4.067738e-03 2.379901e-21
13             4.959545e-01 3.304637e-01 -1.065335e-19 1.922996e-01 9.051882e-02 -1.293349e-19 3.968751e-03 1.838933e-01 -3.718994e-19 2.996861e-01 5.605150e-02 3.947008e-19 6.066880e-01 5.823344e-01 -3.844570e-19 1.922996e-01 9.051882e-02 -1.293349e-19 -4.088017e-03 4.317925e-01 -4.810890e-19 4.184764e-01 6.002303e-02 2.259669e-19 4.845581e-01 7.059490e-01 -6.676596e-19 1.922996e-01 9.051882e-02 -1.293349e-19 -2.113334e-01 5.763920e-01 -9.388707e-19 5.035919e-01 3.903823e-02 4.005460e-19 4.967907e-01 1.016560e+00 -7.635452e-19 1.922996e-01 9.051882e-02 -1.293349e-19 -2.392562e-01 8.867231e-01 -1.008626e-18 5.437472e-01 3.931833e-02 3.744157e-19 1.013087e+00 1.424699e+00 -5.870216e-19 1.922996e-01 9.051882e-02 -1.293349e-19 2.219295e-01 1.322624e+00 -1.101215e-18 5.988583e-01 1.155587e-02 6.435282e-19 1.484036e+00 1.776364e+00 -1.363282e-18 1.922996e-01 9.051882e-02 -1.293349e-19 6.411017e-01 1.714239e+00 -1.179042e-18 6.506351e-01 -2.839441e-02 -5.490551e-20 1.668469e+00 2.090982e+00 -1.427723e-18 1.922996e-01 9.051882e-02 -1.293349e-19 7.260877e-01 2.030488e+00 -1.215943e-18 7.500818e-01 -3.002456e-02 -8.244540e-20 1.756708e+00 2.442730e+00 -1.322504e-18 1.922996e-01 9.051882e-02 -1.293349e-19 6.730630e-01 2.348547e+00 -1.114717e-18 8.913449e-01 3.664514e-03 -7.845140e-20 1.890310e+00 2.882956e+00 -1.216239e-18 1.922996e-01 9.051882e-02 -1.293349e-19 6.038841e-01 2.737393e+00 -9.784279e-19 1.094126e+00 5.504424e-02 -1.084760e-19 2.026703e+00 3.236400e+00 -1.323505e-18 1.922996e-01 9.051882e-02 -1.293349e-19 5.395665e-01 3.011740e+00 -1.111194e-18 1.294837e+00 1.341411e-01 -8.297572e-20 2.287666e+00 3.547250e+00 -1.308701e-18 1.922996e-01 9.051882e-02 -1.293349e-19 5.454517e-01 3.292708e+00 -1.111194e-18 1.549914e+00 1.640234e-01 -6.817204e-20 2.501573e+00 3.743128e+00 -1.323468e-18 1.922996e-01 9.051882e-02 -1.293349e-19 5.454517e-01 3.488586e+00 -1.111194e-18 1.763822e+00 1.640234e-01 -8.293874e-20 2.717221e+00 3.906912e+00 -1.323480e-18 1.922996e-01 9.051882e-02 -1.293349e-19 5.454517e-01 3.652370e+00 -1.111194e-18 1.979469e+00 1.640234e-01 -8.295140e-20 2.938858e+00 4.071718e+00 -1.323480e-18 1.922996e-01 9.051882e-02 -1.293349e-19 5.454517e-01 3.817175e+00 -1.111194e-18 2.201107e+00 1.640234e-01 -8.295140e-20 3.168508e+00 4.216457e+00 -1.323479e-18 1.922996e-01 9.051882e-02 -1.293349e-19 5.454517e-01 3.961914e+00 -1.111194e-18 2.430757e+00 1.640234e-01 -8.295000e-20 3.512378e+00 4.306933e+00 -9.164756e-19 1.922996e-01 9.051882e-02 -1.293349e-19 6.364165e-01 4.117183e+00 -5.443876e-19 2.683662e+00 9.923138e-02 -2.427531e-19 3.690488e+00 4.309404e+00 -6.676293e-19 1.922996e-01 9.051882e-02 -1.293349e-19 6.636496e-01 4.158712e+00 -2.834874e-19 2.834539e+00 6.017276e-02 -2.548070e-19 3.825180e+00 4.258021e+00 -6.998709e-19 1.922996e-01 9.051882e-02 -1.293349e-19 6.582916e-01 4.139863e+00 -3.214396e-19 2.974589e+00 2.763932e-02 -2.490964e-19 3.942418e+00 4.209481e+00 -7.572360e-19 1.922996e-01 9.051882e-02 -1.293349e-19 6.517979e-01 4.113512e+00 -3.918440e-19 3.098320e+00 5.450661e-03 -2.360570e-19 4.151224e+00 4.145552e+00 -1.089845e-18 1.922996e-01 9.051882e-02 -1.293349e-19 8.255396e-01 4.057338e+00 -6.791001e-19 3.133385e+00 -2.304914e-03 -2.814099e-19
14             6.896578e-01 3.183024e-01 -2.853842e-19 1.917300e-01 8.823962e-02 -1.861636e-19 2.222404e-01 1.750070e-01 -7.571298e-19 2.756875e-01 5.505578e-02 6.579092e-19 8.096644e-01 5.844836e-01 -2.762243e-19 1.917300e-01 8.823962e-02 -1.861636e-19 2.320167e-01 4.375576e-01 -6.246363e-19 3.859178e-01 5.868639e-02 5.345756e-19 6.156522e-01 5.958522e-01 -4.829108e-19 1.917300e-01 8.823962e-02 -1.861636e-19 -4.171390e-02 4.700416e-01 -1.010064e-18 4.656361e-01 3.757100e-02 7.133170e-19 6.333533e-01 8.458710e-01 -2.465036e-19 1.917300e-01 8.823962e-02 -1.861636e-19 -6.247605e-02 7.199110e-01 -8.393038e-19 5.040994e-01 3.772032e-02 7.789639e-19 1.361379e+00 1.192977e+00 2.679772e-19 1.917300e-01 8.823962e-02 -1.861636e-19 6.111420e-01 1.095264e+00 -6.131403e-19 5.585067e-01 9.473188e-03 1.067281e-18 2.031205e+00 1.532744e+00 -8.336710e-19 1.917300e-01 8.823962e-02 -1.861636e-19 1.230439e+00 1.474024e+00 -4.517859e-19 6.090364e-01 -2.952015e-02 -1.957216e-19 2.377998e+00 1.773118e+00 -8.677372e-19 1.917300e-01 8.823962e-02 -1.861636e-19 1.484173e+00 1.715876e+00 -4.055370e-19 7.020952e-01 -3.099758e-02 -2.760365e-19 2.608110e+00 2.065523e+00 -1.088619e-18 1.917300e-01 8.823962e-02 -1.861636e-19 1.581618e+00 1.975728e+00 -6.306843e-19 8.347617e-01 1.555682e-03 -2.717711e-19 2.875584e+00 2.481832e+00 -1.227565e-18 1.917300e-01 8.823962e-02 -1.861636e-19 1.657694e+00 2.341778e+00 -8.175637e-19 1.026160e+00 5.181405e-02 -2.238380e-19 3.121227e+00 2.792692e+00 -1.146679e-18 1.917300e-01 8.823962e-02 -1.861636e-19 1.713761e+00 2.576652e+00 -6.929272e-19 1.215736e+00 1.278000e-01 -2.675885e-19 3.384683e+00 3.089165e+00 -1.148355e-18 1.917300e-01 8.823962e-02 -1.861636e-19 1.738165e+00 2.844987e+00 -6.929272e-19 1.454789e+00 1.559386e-01 -2.692642e-19 3.587324e+00 3.308526e+00 -1.146609e-18 1.917300e-01 8.823962e-02 -1.861636e-19 1.738165e+00 3.064348e+00 -6.929272e-19 1.657430e+00 1.559386e-01 -2.675180e-19 3.793531e+00 3.512267e+00 -1.146607e-18 1.917300e-01 8.823962e-02 -1.861636e-19 1.738165e+00 3.268089e+00 -6.929272e-19 1.863637e+00 1.559386e-01 -2.675163e-19 4.006030e+00 3.716511e+00 -1.146607e-18 1.917300e-01 8.823962e-02 -1.861636e-19 1.738165e+00 3.472333e+00 -6.929272e-19 2.076135e+00 1.559386e-01 -2.675163e-19 4.225009e+00 3.903330e+00 -1.146606e-18 1.917300e-01 8.823962e-02 -1.861636e-19 1.738165e+00 3.659152e+00 -6.929272e-19 2.295115e+00 1.559386e-01 -2.675156e-19 4.542846e+00 4.058757e+00 -7.959440e-19 1.917300e-01 8.823962e-02 -1.861636e-19 1.820619e+00 3.874544e+00 -1.894602e-19 2.530497e+00 9.597354e-02 -4.203202e-19 4.710740e+00 4.110072e+00 -5.646558e-19 1.917300e-01 8.823962e-02 -1.861636e-19 1.849535e+00 3.961381e+00 7.795626e-20 2.669475e+00 6.045088e-02 -4.564484e-19 4.858174e+00 4.122287e+00 -4.742283e-19 1.917300e-01 8.823962e-02 -1.861636e-19 1.866333e+00 4.004520e+00 2.303653e-19 2.800110e+00 2.952687e-02 -5.184300e-19 4.989867e+00 4.125930e+00 -3.444597e-19 1.917300e-01 8.823962e-02 -1.861636e-19 1.880962e+00 4.030119e+00 3.889709e-19 2.917175e+00 7.571243e-03 -5.472670e-19 5.194158e+00 4.073941e+00 -6.263054e-19 1.917300e-01 8.823962e-02 -1.861636e-19 2.051845e+00 3.989426e+00 1.457328e-19 2.950582e+00 -3.724863e-03 -5.858746e-19
15             8.742721e-01 3.153134e-01 -4.477413e-19 1.911851e-01 8.541307e-02 -2.392561e-19 4.288698e-01 1.763567e-01 -1.132782e-18 2.542172e-01 5.354365e-02 9.242964e-19 1.001639e+00 6.198892e-01 -1.967249e-19 1.911851e-01 8.541307e-02 -2.392561e-19 4.538014e-01 4.775612e-01 -7.948961e-19 3.566521e-01 5.691499e-02 8.374272e-19 7.378166e-01 5.628490e-01 -3.520441e-19 1.911851e-01 8.541307e-02 -2.392561e-19 1.148016e-01 4.413692e-01 -1.142781e-18 4.318298e-01 3.606669e-02 1.029993e-18 7.583742e-01 7.870607e-01 1.477775e-19 1.911851e-01 8.541307e-02 -2.392561e-19 9.815347e-02 6.655328e-01 -7.814030e-19 4.690356e-01 3.611488e-02 1.168437e-18 1.691652e+00 1.116662e+00 9.487945e-19 1.911851e-01 8.541307e-02 -2.392561e-19 9.778672e-01 1.023512e+00 -3.032033e-19 5.225997e-01 7.736720e-03 1.491254e-18 2.560353e+00 1.479027e+00 -4.909179e-19 1.911851e-01 8.541307e-02 -2.392561e-19 1.797014e+00 1.424462e+00 4.856460e-20 5.721540e-01 -3.084732e-02 -3.002264e-19 3.045630e+00 1.691769e+00 -5.076899e-19 1.911851e-01 8.541307e-02 -2.392561e-19 2.194289e+00 1.638665e+00 1.590252e-19 6.601561e-01 -3.231001e-02 -4.274591e-19 3.386479e+00 1.975950e+00 -9.837620e-19 1.911851e-01 8.541307e-02 -2.392561e-19 2.408863e+00 1.891007e+00 -3.210263e-19 7.864317e-01 -4.704773e-04 -4.234797e-19 3.761480e+00 2.421904e+00 -1.315420e-18 1.911851e-01 8.541307e-02 -2.392561e-19 2.600111e+00 2.286856e+00 -7.599686e-19 9.701840e-01 4.963535e-02 -3.161958e-19 4.104761e+00 2.727700e+00 -1.076457e-18 1.911851e-01 8.541307e-02 -2.392561e-19 2.758900e+00 2.516416e+00 -4.162134e-19 1.154676e+00 1.258710e-01 -4.209871e-19 4.376185e+00 3.058958e+00 -1.087461e-18 1.911851e-01 8.541307e-02 -2.392561e-19 2.798610e+00 2.820012e+00 -4.162134e-19 1.386390e+00 1.535331e-01 -4.319920e-19 4.572731e+00 3.342592e+00 -1.076360e-18 1.911851e-01 8.541307e-02 -2.392561e-19 2.798610e+00 3.103646e+00 -4.162134e-19 1.582936e+00 1.535331e-01 -4.208905e-19 4.772164e+00 3.607135e+00 -1.076349e-18 1.911851e-01 8.541307e-02 -2.392561e-19 2.798610e+00 3.368189e+00 -4.162134e-19 1.782369e+00 1.535331e-01 -4.208793e-19 4.976837e+00 3.850428e+00 -1.076349e-18 1.911851e-01 8.541307e-02 -2.392561e-19 2.798610e+00 3.611482e+00 -4.162134e-19 1.987041e+00 1.535331e-01 -4.208793e-19 5.187913e+00 4.053711e+00 -1.076350e-18 1.911851e-01 8.541307e-02 -2.392561e-19 2.798610e+00 3.814764e+00 -4.162134e-19 2.198118e+00 1.535331e-01 -4.208806e-19 5.462333e+00 4.251956e+00 -9.109535e-19 1.911851e-01 8.541307e-02 -2.392561e-19 2.849598e+00 4.069798e+00 -1.528656e-19 2.421549e+00 9.674507e-02 -5.188319e-19 5.606096e+00 4.339113e+00 -8.306827e-19 1.911851e-01 8.541307e-02 -2.392561e-19 2.861239e+00 4.191255e+00 -4.606620e-20 2.553672e+00 6.244517e-02 -5.453605e-19 5.748302e+00 4.399146e+00 -7.433258e-19 1.911851e-01 8.541307e-02 -2.392561e-19 2.878554e+00 4.281969e+00 1.035015e-19 2.678563e+00 3.176367e-02 -6.075713e-19 5.875232e+00 4.446683e+00 -5.946854e-19 1.911851e-01 8.541307e-02 -2.392561e-19 2.894569e+00 4.350415e+00 2.771362e-19 2.789478e+00 1.085496e-02 -6.325656e-19 5.973041e+00 4.412363e+00 -7.463247e-19 1.911851e-01 8.541307e-02 -2.392561e-19 2.960155e+00 4.326647e+00 1.347392e-19 2.821701e+00 3.035791e-04 -6.418078e-19
16             8.669287e-01 3.132246e-01 -4.480703e-19 1.906613e-01 8.232733e-02 -2.387850e-19 4.409783e-01 1.787359e-01 -1.150744e-18 2.352891e-01 5.216138e-02 9.414585e-19 9.870180e-01 6.325954e-01 -1.970005e-19 1.906613e-01 8.232733e-02 -2.387850e-19 4.657848e-01 4.948520e-01 -8.145523e-19 3.305718e-01 5.541606e-02 8.563368e-19 7.158287e-01 5.940989e-01 -3.625738e-19 1.906613e-01 8.232733e-02 -2.387850e-19 1.231039e-01 4.767169e-01 -1.178472e-18 4.020634e-01 3.505471e-02 1.054683e-18 7.337306e-01 8.355116e-01 1.161568e-19 1.906613e-01 8.232733e-02 -2.387850e-19 1.046666e-01 7.181301e-01 -8.325810e-19 4.384027e-01 3.505411e-02 1.187523e-18 1.677234e+00 1.188623e+00 9.089325e-19 1.906613e-01 8.232733e-02 -2.387850e-19 9.956610e-01 1.099500e+00 -3.742489e-19 4.909116e-01 6.795817e-03 1.521966e-18 2.557801e+00 1.570264e+00 -5.615259e-19 1.906613e-01 8.232733e-02 -2.387850e-19 1.827666e+00 1.519464e+00 -3.455078e-20 5.394735e-01 -3.152775e-02 -2.881902e-19 3.035044e+00 1.804484e+00 -5.824683e-19 1.906613e-01 8.232733e-02 -2.387850e-19 2.221444e+00 1.755016e+00 7.245932e-20 6.229387e-01 -3.285893e-02 -4.161426e-19 3.363587e+00 2.112675e+00 -1.043811e-18 1.906613e-01 8.232733e-02 -2.387850e-19 2.429229e+00 2.031887e+00 -3.924504e-19 7.436965e-01 -1.539867e-03 -4.125755e-19 3.728056e+00 2.585415e+00 -1.366971e-18 1.906613e-01 8.232733e-02 -2.387850e-19 2.616564e+00 2.454775e+00 -8.185019e-19 9.208313e-01 4.831205e-02 -3.096838e-19 4.070213e+00 2.906339e+00 -1.127548e-18 1.906613e-01 8.232733e-02 -2.387850e-19 2.777510e+00 2.698467e+00 -4.711961e-19 1.102042e+00 1.255446e-01 -4.175665e-19 4.337564e+00 3.275250e+00 -1.132387e-18 1.906613e-01 8.232733e-02 -2.387850e-19 2.816151e+00 3.039454e+00 -4.711961e-19 1.330751e+00 1.534687e-01 -4.224057e-19 4.529278e+00 3.602805e+00 -1.127465e-18 1.906613e-01 8.232733e-02 -2.387850e-19 2.816151e+00 3.367009e+00 -4.711961e-19 1.522466e+00 1.534687e-01 -4.174835e-19 4.721716e+00 3.896793e+00 -1.127460e-18 1.906613e-01 8.232733e-02 -2.387850e-19 2.816151e+00 3.660997e+00 -4.711961e-19 1.714903e+00 1.534687e-01 -4.174787e-19 4.917668e+00 4.149199e+00 -1.127460e-18 1.906613e-01 8.232733e-02 -2.387850e-19 2.816151e+00 3.913403e+00 -4.711961e-19 1.910855e+00 1.534687e-01 -4.174787e-19 5.120612e+00 4.341774e+00 -1.127462e-18 1.906613e-01 8.232733e-02 -2.387850e-19 2.816151e+00 4.105978e+00 -4.711961e-19 2.113800e+00 1.534687e-01 -4.174811e-19 5.375748e+00 4.540027e+00 -1.021687e-18 1.906613e-01 8.232733e-02 -2.387850e-19 2.856112e+00 4.359529e+00 -2.803119e-19 2.328974e+00 9.817039e-02 -5.025901e-19 5.517631e+00 4.640573e+00 -9.366771e-19 1.906613e-01 8.232733e-02 -2.387850e-19 2.869869e+00 4.494631e+00 -1.606296e-19 2.457100e+00 6.361414e-02 -5.372626e-19 5.662346e+00 4.718641e+00 -7.929227e-19 1.906613e-01 8.232733e-02 -2.387850e-19 2.894074e+00 4.603482e+00 5.467207e-20 2.577610e+00 3.283134e-02 -6.088097e-19 5.783846e+00 4.780150e+00 -6.282257e-19 1.906613e-01 8.232733e-02 -2.387850e-19 2.911095e+00 4.684343e+00 2.392168e-19 2.682090e+00 1.347961e-02 -6.286575e-19 5.834131e+00 4.759341e+00 -7.068918e-19 1.906613e-01 8.232733e-02 -2.387850e-19 2.930349e+00 4.671143e+00 1.623327e-19 2.713121e+00 5.870369e-03 -6.304394e-19
17             8.015294e-01 3.175980e-01 -4.045469e-19 1.901568e-01 7.916457e-02 -2.210649e-19 3.919042e-01 1.870708e-01 -1.069392e-18 2.194684e-01 5.136269e-02 8.859097e-19 9.100720e-01 6.460069e-01 -2.350039e-19 1.901568e-01 7.916457e-02 -2.210649e-19 4.114460e-01 5.122250e-01 -8.045509e-19 3.084692e-01 5.461735e-02 7.906119e-19 6.543243e-01 6.527761e-01 -4.286662e-19 1.901568e-01 7.916457e-02 -2.210649e-19 8.725449e-02 5.388473e-01 -1.197325e-18 3.769130e-01 3.476429e-02 9.897233e-19 6.682467e-01 9.188352e-01 -6.077628e-20 1.901568e-01 7.916457e-02 -2.210649e-19 6.547675e-02 8.049155e-01 -9.316172e-19 4.126131e-01 3.475515e-02 1.091906e-18 1.549102e+00 1.299901e+00 6.233178e-19 1.901568e-01 7.916457e-02 -2.210649e-19 8.949122e-01 1.214086e+00 -5.798351e-19 4.640328e-01 6.650953e-03 1.424218e-18 2.371291e+00 1.693488e+00 -7.589828e-19 1.901568e-01 7.916457e-02 -2.210649e-19 1.669653e+00 1.645536e+00 -3.193742e-19 5.114809e-01 -3.121307e-02 -2.185436e-19 2.788886e+00 1.963581e+00 -7.915706e-19 1.901568e-01 7.916457e-02 -2.210649e-19 2.008312e+00 1.916606e+00 -2.397858e-19 5.904173e-01 -3.218955e-02 -3.307198e-19 3.061471e+00 2.305072e+00 -1.143944e-18 1.901568e-01 7.916457e-02 -2.210649e-19 2.165772e+00 2.227318e+00 -5.954294e-19 7.055423e-01 -1.409933e-03 -3.274500e-19 3.371165e+00 2.804443e+00 -1.386479e-18 1.901568e-01 7.916457e-02 -2.210649e-19 2.305827e+00 2.677743e+00 -9.139946e-19 8.751811e-01 4.753531e-02 -2.514191e-19 3.674297e+00 3.148955e+00 -1.199010e-18 1.901568e-01 7.916457e-02 -2.210649e-19 2.432847e+00 2.945450e+00 -6.389305e-19 1.051294e+00 1.243404e-01 -3.390146e-19 3.932506e+00 3.535078e+00 -1.199826e-18 1.901568e-01 7.916457e-02 -2.210649e-19 2.466433e+00 3.303493e+00 -6.389305e-19 1.275915e+00 1.524196e-01 -3.398309e-19 4.117581e+00 3.865205e+00 -1.198924e-18 1.901568e-01 7.916457e-02 -2.210649e-19 2.466433e+00 3.633621e+00 -6.389305e-19 1.460990e+00 1.524196e-01 -3.389289e-19 4.301429e+00 4.146405e+00 -1.198919e-18 1.901568e-01 7.916457e-02 -2.210649e-19 2.466433e+00 3.914821e+00 -6.389305e-19 1.644839e+00 1.524196e-01 -3.389233e-19 4.487638e+00 4.378412e+00 -1.198919e-18 1.901568e-01 7.916457e-02 -2.210649e-19 2.466433e+00 4.146828e+00 -6.389305e-19 1.831047e+00 1.524196e-01 -3.389233e-19 4.681418e+00 4.546666e+00 -1.198922e-18 1.901568e-01 7.916457e-02 -2.210649e-19 2.466433e+00 4.315082e+00 -6.389305e-19 2.024828e+00 1.524196e-01 -3.389263e-19 4.912477e+00 4.733860e+00 -1.184283e-18 1.901568e-01 7.916457e-02 -2.210649e-19 2.489641e+00 4.556957e+00 -5.722436e-19 2.232679e+00 9.773840e-02 -3.909748e-19 5.033962e+00 4.830578e+00 -1.212813e-18 1.901568e-01 7.916457e-02 -2.210649e-19 2.487042e+00 4.688523e+00 -5.937769e-19 2.356763e+00 6.289122e-02 -3.979715e-19 5.144322e+00 4.894278e+00 -1.241702e-18 1.901568e-01 7.916457e-02 -2.210649e-19 2.482186e+00 4.782367e+00 -6.317801e-19 2.471979e+00 3.274690e-02 -3.888574e-19 5.228936e+00 4.944858e+00 -1.341023e-18 1.901568e-01 7.916457e-02 -2.210649e-19 2.469035e+00 4.850751e+00 -7.743658e-19 2.569744e+00 1.494212e-02 -3.455920e-19 5.123774e+00 4.929769e+00 -1.299178e-18 1.901568e-01 7.916457e-02 -2.210649e-19 2.334295e+00 4.840493e+00 -7.700226e-19 2.599322e+00 1.011128e-02 -3.080901e-19
18             6.408555e-01 3.133858e-01 -2.839015e-19 1.896698e-01 7.614334e-02 -1.765855e-19 2.446690e-01 1.861314e-01 -7.943499e-19 2.065168e-01 5.111115e-02 6.870339e-19 7.328288e-01 6.153233e-01 -2.851891e-19 1.896698e-01 7.614334e-02 -1.765855e-19 2.531301e-01 4.847886e-01 -6.796803e-19 2.900289e-01 5.439136e-02 5.710766e-19 5.264758e-01 6.747359e-01 -5.145494e-19 1.896698e-01 7.614334e-02 -1.765855e-19 -1.868563e-02 5.636020e-01 -1.094328e-18 3.554916e-01 3.499058e-02 7.563646e-19 5.362856e-01 9.543232e-01 -3.450519e-19 1.896698e-01 7.614334e-02 -1.765855e-19 -4.389802e-02 8.431972e-01 -9.723960e-19 3.905138e-01 3.498262e-02 8.039296e-19 1.252695e+00 1.341052e+00 1.202885e-19 1.896698e-01 7.614334e-02 -1.765855e-19 6.221068e-01 1.257939e+00 -8.091273e-19 4.409183e-01 6.968754e-03 1.106001e-18 1.916278e+00 1.711186e+00 -9.973277e-19 1.896698e-01 7.614334e-02 -1.765855e-19 1.239519e+00 1.665073e+00 -6.890969e-19 4.870892e-01 -3.003116e-02 -1.316452e-19 2.220028e+00 1.999810e+00 -1.041272e-18 1.896698e-01 7.614334e-02 -1.765855e-19 1.468942e+00 1.954150e+00 -6.556501e-19 5.614160e-01 -3.048311e-02 -2.090366e-19 2.401240e+00 2.345905e+00 -1.207235e-18 1.896698e-01 7.614334e-02 -1.765855e-19 1.541049e+00 2.270104e+00 -8.249315e-19 6.705208e-01 -3.418924e-04 -2.057182e-19 2.619472e+00 2.823121e+00 -1.310674e-18 1.896698e-01 7.614334e-02 -1.765855e-19 1.598326e+00 2.699786e+00 -9.607943e-19 8.314761e-01 4.719170e-02 -1.732946e-19 2.842311e+00 3.170881e+00 -1.235176e-18 1.896698e-01 7.614334e-02 -1.765855e-19 1.652830e+00 2.972962e+00 -8.410396e-19 9.998113e-01 1.217752e-01 -2.175505e-19 3.080816e+00 3.542718e+00 -1.227295e-18 1.896698e-01 7.614334e-02 -1.765855e-19 1.674517e+00 3.317147e+00 -8.410396e-19 1.216630e+00 1.494276e-01 -2.096697e-19 3.256774e+00 3.841730e+00 -1.235108e-18 1.896698e-01 7.614334e-02 -1.765855e-19 1.674517e+00 3.616159e+00 -8.410396e-19 1.392587e+00 1.494276e-01 -2.174825e-19 3.430899e+00 4.086912e+00 -1.235109e-18 1.896698e-01 7.614334e-02 -1.765855e-19 1.674517e+00 3.861341e+00 -8.410396e-19 1.566712e+00 1.494276e-01 -2.174840e-19 3.607455e+00 4.291670e+00 -1.235109e-18 1.896698e-01 7.614334e-02 -1.765855e-19 1.674517e+00 4.066099e+00 -8.410396e-19 1.743268e+00 1.494276e-01 -2.174840e-19 3.791785e+00 4.445937e+00 -1.235111e-18 1.896698e-01 7.614334e-02 -1.765855e-19 1.674517e+00 4.220366e+00 -8.410396e-19 1.927598e+00 1.494276e-01 -2.174864e-19 4.030317e+00 4.615347e+00 -1.121611e-18 1.896698e-01 7.614334e-02 -1.765855e-19 1.713616e+00 4.443668e+00 -6.430533e-19 2.127031e+00 9.553549e-02 -3.019726e-19 4.156230e+00 4.702190e+00 -1.058433e-18 1.896698e-01 7.614334e-02 -1.765855e-19 1.721413e+00 4.564547e+00 -5.674363e-19 2.245146e+00 6.149958e-02 -3.144117e-19 4.252565e+00 4.743343e+00 -1.115644e-18 1.896698e-01 7.614334e-02 -1.765855e-19 1.709572e+00 4.634112e+00 -6.579228e-19 2.353323e+00 3.308739e-02 -2.811360e-19 4.319829e+00 4.771195e+00 -1.311477e-18 1.896698e-01 7.614334e-02 -1.765855e-19 1.685586e+00 4.678641e+00 -9.179842e-19 2.444574e+00 1.641109e-02 -2.169075e-19 4.197809e+00 4.754450e+00 -1.266453e-18 1.896698e-01 7.614334e-02 -1.765855e-19 1.535663e+00 4.665534e+00 -9.116646e-19 2.472476e+00 1.277203e-02 -1.782033e-19
19             5.361964e-01 3.032262e-01 -2.082973e-19 1.891986e-01 7.333663e-02 -1.476378e-19 1.518244e-01 1.790037e-01 -6.109109e-19 1.951734e-01 5.088585e-02 5.502514e-19 6.169766e-01 5.734365e-01 -2.974649e-19 1.891986e-01 7.333663e-02 -1.476378e-19 1.544058e-01 4.459770e-01 -5.759270e-19 2.733722e-01 5.412290e-02 4.260999e-19 4.436694e-01 6.441731e-01 -5.334765e-19 1.891986e-01 7.333663e-02 -1.476378e-19 -8.089457e-02 5.357584e-01 -9.813712e-19 3.353654e-01 3.507808e-02 5.955325e-19 4.522028e-01 9.124659e-01 -4.576264e-19 1.891986e-01 7.333663e-02 -1.476378e-19 -1.064484e-01 8.040772e-01 -9.272856e-19 3.694526e-01 3.505214e-02 6.172970e-19 1.059623e+00 1.276886e+00 -1.112926e-19 1.891986e-01 7.333663e-02 -1.476378e-19 4.515535e-01 1.196453e+00 -8.525727e-19 4.188712e-01 7.096782e-03 8.889179e-19 1.616968e+00 1.612656e+00 -1.047078e-18 1.891986e-01 7.333663e-02 -1.476378e-19 9.640718e-01 1.568098e+00 -7.995114e-19 4.636977e-01 -2.877910e-02 -9.992898e-20 1.856114e+00 1.889721e+00 -1.093042e-18 1.891986e-01 7.333663e-02 -1.476378e-19 1.133299e+00 1.845107e+00 -7.880291e-19 5.336164e-01 -2.872291e-02 -1.573755e-19 1.990360e+00 2.213307e+00 -1.169352e-18 1.891986e-01 7.333663e-02 -1.476378e-19 1.164399e+00 2.139259e+00 -8.678574e-19 6.367629e-01 7.111561e-04 -1.538564e-19 2.158428e+00 2.647451e+00 -1.204421e-18 1.891986e-01 7.333663e-02 -1.476378e-19 1.180290e+00 2.527288e+00 -9.149824e-19 7.889402e-01 4.682636e-02 -1.418010e-19 2.330930e+00 2.977593e+00 -1.192988e-18 1.891986e-01 7.333663e-02 -1.476378e-19 1.193198e+00 2.785740e+00 -8.845269e-19 9.485336e-01 1.185159e-01 -1.608237e-19 2.551847e+00 3.319841e+00 -1.180443e-18 1.891986e-01 7.333663e-02 -1.476378e-19 1.207531e+00 3.101219e+00 -8.845269e-19 1.155118e+00 1.452860e-01 -1.482779e-19 2.717965e+00 3.584267e+00 -1.192937e-18 1.891986e-01 7.333663e-02 -1.476378e-19 1.207531e+00 3.365644e+00 -8.845269e-19 1.321236e+00 1.452860e-01 -1.607720e-19 2.882996e+00 3.802170e+00 -1.192945e-18 1.891986e-01 7.333663e-02 -1.476378e-19 1.207531e+00 3.583548e+00 -8.845269e-19 1.486266e+00 1.452860e-01 -1.607802e-19 3.051308e+00 3.995141e+00 -1.192945e-18 1.891986e-01 7.333663e-02 -1.476378e-19 1.207531e+00 3.776518e+00 -8.845269e-19 1.654579e+00 1.452860e-01 -1.607802e-19 3.227031e+00 4.153496e+00 -1.192946e-18 1.891986e-01 7.333663e-02 -1.476378e-19 1.207531e+00 3.934873e+00 -8.845269e-19 1.830302e+00 1.452860e-01 -1.607815e-19 3.482093e+00 4.312912e+00 -9.207677e-19 1.891986e-01 7.333663e-02 -1.476378e-19 1.272987e+00 4.146580e+00 -4.766042e-19 2.019908e+00 9.299561e-02 -2.965257e-19 3.620176e+00 4.390517e+00 -6.960363e-19 1.891986e-01 7.333663e-02 -1.476378e-19 1.300769e+00 4.256091e+00 -2.206518e-19 2.130209e+00 6.108936e-02 -3.277467e-19 3.719590e+00 4.415497e+00 -6.747800e-19 1.891986e-01 7.333663e-02 -1.476378e-19 1.299889e+00 4.307143e+00 -2.092981e-19 2.230503e+00 3.501704e-02 -3.178441e-19 3.791469e+00 4.425290e+00 -7.829310e-19 1.891986e-01 7.333663e-02 -1.476378e-19 1.286183e+00 4.333042e+00 -3.578930e-19 2.316087e+00 1.891084e-02 -2.774001e-19 3.774076e+00 4.403196e+00 -8.274731e-19 1.891986e-01 7.333663e-02 -1.476378e-19 1.242543e+00 4.315153e+00 -4.109557e-19 2.342334e+00 1.470656e-02 -2.688796e-19
20             5.227185e-01 2.908711e-01 -2.035346e-19 1.887415e-01 7.070379e-02 -1.441731e-19 1.493725e-01 1.698587e-01 -5.903860e-19 1.846044e-01 5.030862e-02 5.310245e-19 5.994126e-01 5.410965e-01 -2.706991e-19 1.887415e-01 7.070379e-02 -1.441731e-19 1.530665e-01 4.169706e-01 -5.403231e-19 2.576045e-01 5.342212e-02 4.137972e-19 4.293811e-01 5.861221e-01 -4.868766e-19 1.887415e-01 7.070379e-02 -1.441731e-19 -7.524783e-02 4.807516e-01 -9.160300e-19 3.158874e-01 3.466669e-02 5.733265e-19 4.390138e-01 8.294743e-01 -3.789397e-19 1.887415e-01 7.070379e-02 -1.441731e-19 -9.865222e-02 7.241619e-01 -8.387203e-19 3.489245e-01 3.460860e-02 6.039537e-19 1.032558e+00 1.161277e+00 -1.753477e-20 1.887415e-01 7.070379e-02 -1.441731e-19 4.463669e-01 1.083795e+00 -7.330907e-19 3.974499e-01 6.777649e-03 8.597291e-19 1.575305e+00 1.471325e+00 -9.247393e-19 1.887415e-01 7.070379e-02 -1.441731e-19 9.454367e-01 1.428654e+00 -6.578640e-19 4.411270e-01 -2.803294e-02 -1.227022e-19 1.817407e+00 1.719844e+00 -9.642046e-19 1.887415e-01 7.070379e-02 -1.441731e-19 1.121362e+00 1.676717e+00 -6.386140e-19 5.073037e-01 -2.757770e-02 -1.814175e-19 1.960242e+00 2.011723e+00 -1.069955e-18 1.887415e-01 7.070379e-02 -1.441731e-19 1.166199e+00 1.939786e+00 -7.481123e-19 6.053016e-01 1.232575e-03 -1.776695e-19 2.133084e+00 2.408584e+00 -1.126206e-18 1.887415e-01 7.070379e-02 -1.441731e-19 1.194309e+00 2.291524e+00 -8.243256e-19 7.500341e-01 4.635668e-02 -1.577069e-19 2.303786e+00 2.712680e+00 -1.106440e-18 1.887415e-01 7.070379e-02 -1.441731e-19 1.212742e+00 2.526122e+00 -7.824322e-19 9.023024e-01 1.158536e-01 -1.798351e-19 2.515367e+00 3.030640e+00 -1.094406e-18 1.887415e-01 7.070379e-02 -1.441731e-19 1.227149e+00 2.818195e+00 -7.824322e-19 1.099476e+00 1.417416e-01 -1.678002e-19 2.673377e+00 3.279191e+00 -1.106400e-18 1.887415e-01 7.070379e-02 -1.441731e-19 1.227149e+00 3.066745e+00 -7.824322e-19 1.257486e+00 1.417416e-01 -1.797945e-19 2.831478e+00 3.493045e+00 -1.106411e-18 1.887415e-01 7.070379e-02 -1.441731e-19 1.227149e+00 3.280599e+00 -7.824322e-19 1.415587e+00 1.417416e-01 -1.798060e-19 2.993453e+00 3.691364e+00 -1.106411e-18 1.887415e-01 7.070379e-02 -1.441731e-19 1.227149e+00 3.478919e+00 -7.824322e-19 1.577562e+00 1.417416e-01 -1.798060e-19 3.162011e+00 3.860777e+00 -1.106412e-18 1.887415e-01 7.070379e-02 -1.441731e-19 1.227149e+00 3.648331e+00 -7.824322e-19 1.746120e+00 1.417416e-01 -1.798067e-19 3.421884e+00 4.018326e+00 -7.450851e-19 1.887415e-01 7.070379e-02 -1.441731e-19 1.307336e+00 3.855923e+00 -2.585397e-19 1.925806e+00 9.169944e-02 -3.423723e-19 3.563997e+00 4.090573e+00 -4.279365e-19 1.887415e-01 7.070379e-02 -1.441731e-19 1.346996e+00 3.957485e+00 1.029510e-19 2.028259e+00 6.238447e-02 -3.867144e-19 3.671429e+00 4.112514e+00 -3.168562e-19 1.887415e-01 7.070379e-02 -1.441731e-19 1.360994e+00 4.003545e+00 2.432114e-19 2.121694e+00 3.826516e-02 -4.158945e-19 3.756717e+00 4.118094e+00 -2.720180e-19 1.887415e-01 7.070379e-02 -1.441731e-19 1.365096e+00 4.025093e+00 2.876878e-19 2.202879e+00 2.229656e-02 -4.155327e-19 3.858030e+00 4.091467e+00 -4.100853e-19 1.887415e-01 7.070379e-02 -1.441731e-19 1.441482e+00 4.004197e+00 1.729944e-19 2.227807e+00 1.656674e-02 -4.389067e-19
21             5.686619e-01 2.806070e-01 -2.435352e-19 1.882969e-01 6.816733e-02 -1.574149e-19 2.057884e-01 1.630777e-01 -6.812596e-19 1.745766e-01 4.936198e-02 5.951393e-19 6.453972e-01 5.276563e-01 -2.301487e-19 1.882969e-01 6.816733e-02 -1.574149e-19 2.143892e-01 4.071667e-01 -5.646973e-19 2.427110e-01 5.232222e-02 4.919636e-19 4.579458e-01 5.372504e-01 -4.195944e-19 1.882969e-01 6.816733e-02 -1.574149e-19 -2.792131e-02 4.352399e-01 -9.121877e-19 2.975701e-01 3.384321e-02 6.500083e-19 4.691584e-01 7.597636e-01 -2.204636e-19 1.882969e-01 6.816733e-02 -1.574149e-19 -4.880723e-02 6.578402e-01 -7.688134e-19 3.296687e-01 3.375615e-02 7.057647e-19 1.112015e+00 1.069461e+00 2.277457e-19 1.882969e-01 6.816733e-02 -1.574149e-19 5.462919e-01 9.951425e-01 -5.768973e-19 3.774263e-01 6.151282e-03 9.620578e-19 1.701137e+00 1.371871e+00 -7.562129e-19 1.882969e-01 6.816733e-02 -1.574149e-19 1.092563e+00 1.331608e+00 -4.378442e-19 4.202770e-01 -2.790475e-02 -1.609537e-19 1.982646e+00 1.596234e+00 -7.873431e-19 1.882969e-01 6.816733e-02 -1.574149e-19 1.310907e+00 1.555252e+00 -3.970482e-19 4.834420e-01 -2.718473e-02 -2.328800e-19 2.160562e+00 1.866916e+00 -9.782187e-19 1.882969e-01 6.816733e-02 -1.574149e-19 1.394947e+00 1.797598e+00 -5.917754e-19 5.773182e-01 1.151026e-03 -2.290284e-19 2.365551e+00 2.248597e+00 -1.098024e-18 1.882969e-01 6.816733e-02 -1.574149e-19 1.460905e+00 2.134686e+00 -7.520992e-19 7.163493e-01 4.574348e-02 -1.885099e-19 2.562286e+00 2.534310e+00 -1.030920e-18 1.882969e-01 6.816733e-02 -1.574149e-19 1.510325e+00 2.351878e+00 -6.442165e-19 8.636632e-01 1.142652e-01 -2.292883e-19 2.771621e+00 2.845591e+00 -1.021519e-18 1.882969e-01 6.816733e-02 -1.574149e-19 1.528996e+00 2.637808e+00 -6.442165e-19 1.054328e+00 1.396152e-01 -2.198877e-19 2.924211e+00 3.101506e+00 -1.030885e-18 1.882969e-01 6.816733e-02 -1.574149e-19 1.528996e+00 2.893723e+00 -6.442165e-19 1.206918e+00 1.396152e-01 -2.292537e-19 3.077468e+00 3.330583e+00 -1.030897e-18 1.882969e-01 6.816733e-02 -1.574149e-19 1.528996e+00 3.122801e+00 -6.442165e-19 1.360175e+00 1.396152e-01 -2.292659e-19 3.234285e+00 3.542491e+00 -1.030897e-18 1.882969e-01 6.816733e-02 -1.574149e-19 1.528996e+00 3.334709e+00 -6.442165e-19 1.516991e+00 1.396152e-01 -2.292659e-19 3.396823e+00 3.720302e+00 -1.030898e-18 1.882969e-01 6.816733e-02 -1.574149e-19 1.528996e+00 3.512520e+00 -6.442165e-19 1.679530e+00 1.396152e-01 -2.292665e-19 3.647457e+00 3.881834e+00 -6.715087e-19 1.882969e-01 6.816733e-02 -1.574149e-19 1.608581e+00 3.721832e+00 -1.237622e-19 1.850580e+00 9.183448e-02 -3.903315e-19 3.785663e+00 3.956403e+00 -3.436422e-19 1.882969e-01 6.816733e-02 -1.574149e-19 1.650602e+00 3.823678e+00 2.557704e-19 1.946764e+00 6.455768e-02 -4.419977e-19 3.901222e+00 3.989699e+00 -1.618142e-19 1.882969e-01 6.816733e-02 -1.574149e-19 1.677617e+00 3.880072e+00 5.058826e-19 2.035308e+00 4.145999e-02 -5.102819e-19 3.998304e+00 4.004852e+00 1.529368e-20 1.882969e-01 6.816733e-02 -1.574149e-19 1.697016e+00 3.911089e+00 7.162097e-19 2.112991e+00 2.559548e-02 -5.435011e-19 4.163962e+00 3.977874e+00 -1.633668e-19 1.882969e-01 6.816733e-02 -1.574149e-19 1.838691e+00 3.891186e+00 5.778620e-19 2.136974e+00 1.852096e-02 -5.838139e-19
22             6.397338e-01 2.763274e-01 -3.033841e-19 1.878633e-01 6.571277e-02 -1.777080e-19 2.864975e-01 1.623044e-01 -8.267980e-19 1.653731e-01 4.831024e-02 7.011219e-19 7.180148e-01 5.363945e-01 -1.974680e-19 1.878633e-01 6.571277e-02 -1.777080e-19 3.008768e-01 4.195314e-01 -6.319211e-19 2.292747e-01 5.115041e-02 6.121611e-19 5.036239e-01 5.191136e-01 -3.662388e-19 1.878633e-01 6.571277e-02 -1.777080e-19 3.436274e-02 4.204163e-01 -9.642172e-19 2.813978e-01 3.298457e-02 7.756865e-19 5.158334e-01 7.319186e-01 -6.845461e-20 1.878633e-01 6.571277e-02 -1.777080e-19 1.515329e-02 6.333194e-01 -7.494421e-19 3.128169e-01 3.288651e-02 8.586955e-19 1.234522e+00 1.035573e+00 4.854237e-19 1.878633e-01 6.571277e-02 -1.777080e-19 6.867269e-01 9.642965e-01 -4.641728e-19 3.599322e-01 5.563897e-03 1.127305e-18 1.896096e+00 1.346142e+00 -6.222300e-19 1.878633e-01 6.571277e-02 -1.777080e-19 1.306005e+00 1.308517e+00 -2.550739e-19 4.022276e-01 -2.808705e-02 -1.894481e-19 2.227468e+00 1.559180e+00 -6.465017e-19 1.878633e-01 6.571277e-02 -1.777080e-19 1.576719e+00 1.520665e+00 -1.904317e-19 4.628857e-01 -2.719703e-02 -2.783619e-19 2.445540e+00 1.825021e+00 -9.318209e-19 1.878633e-01 6.571277e-02 -1.777080e-19 1.704235e+00 1.758513e+00 -4.795584e-19 5.534416e-01 7.957841e-04 -2.745545e-19 2.689302e+00 2.214906e+00 -1.123418e-18 1.878633e-01 6.571277e-02 -1.777080e-19 1.813371e+00 2.104101e+00 -7.338530e-19 6.880677e-01 4.509279e-02 -2.118573e-19 2.923543e+00 2.494104e+00 -9.928532e-19 1.878633e-01 6.571277e-02 -1.777080e-19 1.903473e+00 2.314934e+00 -5.386048e-19 8.322062e-01 1.134578e-01 -2.765404e-19 3.135896e+00 2.809021e+00 -9.889658e-19 1.878633e-01 6.571277e-02 -1.777080e-19 1.928873e+00 2.604671e+00 -5.386048e-19 1.019160e+00 1.386375e-01 -2.726530e-19 3.285088e+00 3.078113e+00 -9.928078e-19 1.878633e-01 6.571277e-02 -1.777080e-19 1.928873e+00 2.873763e+00 -5.386048e-19 1.168352e+00 1.386375e-01 -2.764950e-19 3.434517e+00 3.320481e+00 -9.928140e-19 1.878633e-01 6.571277e-02 -1.777080e-19 1.928873e+00 3.116131e+00 -5.386048e-19 1.317781e+00 1.386375e-01 -2.765012e-19 3.586505e+00 3.537506e+00 -9.928140e-19 1.878633e-01 6.571277e-02 -1.777080e-19 1.928873e+00 3.333156e+00 -5.386048e-19 1.469769e+00 1.386375e-01 -2.765012e-19 3.743770e+00 3.712830e+00 -9.928152e-19 1.878633e-01 6.571277e-02 -1.777080e-19 1.928873e+00 3.508480e+00 -5.386048e-19 1.627034e+00 1.386375e-01 -2.765024e-19 3.969620e+00 3.882343e+00 -7.384344e-19 1.878633e-01 6.571277e-02 -1.777080e-19 1.990352e+00 3.724081e+00 -1.581972e-19 1.791405e+00 9.254871e-02 -4.025292e-19 4.090497e+00 3.964047e+00 -5.186273e-19 1.878633e-01 6.571277e-02 -1.777080e-19 2.019231e+00 3.832060e+00 1.025349e-19 1.883403e+00 6.627379e-02 -4.434542e-19 4.198334e+00 4.011448e+00 -3.777813e-19 1.878633e-01 6.571277e-02 -1.777080e-19 2.041737e+00 3.902316e+00 3.072127e-19 1.968734e+00 4.341873e-02 -5.072861e-19 4.289586e+00 4.040564e+00 -2.241239e-19 1.878633e-01 6.571277e-02 -1.777080e-19 2.058501e+00 3.946923e+00 4.889706e-19 2.043221e+00 2.792897e-02 -5.353864e-19 4.403548e+00 4.017412e+00 -3.518363e-19 1.878633e-01 6.571277e-02 -1.777080e-19 2.149225e+00 3.931233e+00 3.864516e-19 2.066459e+00 2.046602e-02 -5.605798e-19
23             6.559364e-01 2.743678e-01 -3.196546e-19 1.874395e-01 6.340572e-02 -1.826128e-19 3.112183e-01 1.635402e-01 -8.725711e-19 1.572787e-01 4.742190e-02 7.355293e-19 7.319429e-01 5.433195e-01 -1.924824e-19 1.874395e-01 6.340572e-02 -1.826128e-19 3.268701e-01 4.297118e-01 -6.604499e-19 2.176334e-01 5.020196e-02 6.505803e-19 5.081894e-01 5.270805e-01 -3.608904e-19 1.874395e-01 6.340572e-02 -1.826128e-19 5.309657e-02 4.312631e-01 -9.959286e-19 2.676533e-01 3.241173e-02 8.176510e-19 5.196188e-01 7.431681e-01 -4.880845e-20 1.874395e-01 6.340572e-02 -1.826128e-19 3.357337e-02 6.474408e-01 -7.708562e-19 2.986060e-01 3.232156e-02 9.046606e-19 1.257584e+00 1.053425e+00 5.246698e-19 1.874395e-01 6.340572e-02 -1.826128e-19 7.250288e-01 9.847260e-01 -4.723145e-19 3.451161e-01 5.293675e-03 1.179597e-18 1.937493e+00 1.371432e+00 -6.167625e-19 1.874395e-01 6.340572e-02 -1.826128e-19 1.363137e+00 1.336143e+00 -2.523355e-19 3.869171e-01 -2.811613e-02 -1.818143e-19 2.276503e+00 1.588643e+00 -6.402057e-19 1.874395e-01 6.340572e-02 -1.826128e-19 1.643880e+00 1.552333e+00 -1.831848e-19 4.451837e-01 -2.709560e-02 -2.744081e-19 2.499385e+00 1.861072e+00 -9.422074e-19 1.874395e-01 6.340572e-02 -1.826128e-19 1.779268e+00 1.797082e+00 -4.888692e-19 5.326776e-01 5.848347e-04 -2.707254e-19 2.748017e+00 2.263045e+00 -1.148033e-18 1.874395e-01 6.340572e-02 -1.826128e-19 1.897329e+00 2.155104e+00 -7.611813e-19 6.632483e-01 4.453559e-02 -2.042384e-19 2.990632e+00 2.546986e+00 -9.996908e-19 1.874395e-01 6.340572e-02 -1.826128e-19 1.998608e+00 2.370800e+00 -5.417842e-19 8.045838e-01 1.127801e-01 -2.752938e-19 3.202341e+00 2.870712e+00 -9.974436e-19 1.874395e-01 6.340572e-02 -1.826128e-19 2.026014e+00 2.669370e+00 -5.417842e-19 9.888881e-01 1.379361e-01 -2.730466e-19 3.348535e+00 3.149926e+00 -9.996376e-19 1.874395e-01 6.340572e-02 -1.826128e-19 2.026014e+00 2.948584e+00 -5.417842e-19 1.135082e+00 1.379361e-01 -2.752406e-19 3.493895e+00 3.396472e+00 -9.996399e-19 1.874395e-01 6.340572e-02 -1.826128e-19 2.026014e+00 3.195130e+00 -5.417842e-19 1.280442e+00 1.379361e-01 -2.752429e-19 3.640880e+00 3.610026e+00 -9.996399e-19 1.874395e-01 6.340572e-02 -1.826128e-19 2.026014e+00 3.408684e+00 -5.417842e-19 1.427426e+00 1.379361e-01 -2.752429e-19 3.793254e+00 3.778796e+00 -9.996415e-19 1.874395e-01 6.340572e-02 -1.826128e-19 2.026014e+00 3.577454e+00 -5.417842e-19 1.579801e+00 1.379361e-01 -2.752445e-19 3.999887e+00 3.956039e+00 -8.263888e-19 1.874395e-01 6.340572e-02 -1.826128e-19 2.073452e+00 3.799794e+00 -2.673105e-19 1.738996e+00 9.283984e-02 -3.764655e-19 4.108249e+00 4.048211e+00 -6.855787e-19 1.874395e-01 6.340572e-02 -1.826128e-19 2.092706e+00 3.917998e+00 -9.317246e-20 1.828104e+00 6.680723e-02 -4.097935e-19 4.205181e+00 4.107963e+00 -5.987339e-19 1.874395e-01 6.340572e-02 -1.826128e-19 2.107008e+00 4.000514e+00 3.947553e-20 1.910734e+00 4.404330e-02 -4.555966e-19 4.282578e+00 4.147931e+00 -5.351801e-19 1.874395e-01 6.340572e-02 -1.826128e-19 2.113304e+00 4.055259e+00 1.077431e-19 1.981835e+00 2.926629e-02 -4.603104e-19 4.300160e+00 4.131056e+00 -5.763135e-19 1.874395e-01 6.340572e-02 -1.826128e-19 2.108412e+00 4.045183e+00 6.560983e-20 2.004309e+00 2.246691e-02 -4.593105e-19
24             6.386546e-01 2.735754e-01 -3.107759e-19 1.870245e-01 6.132739e-02 -1.781857e-19 3.013312e-01 1.654693e-01 -8.568162e-19 1.502990e-01 4.677868e-02 7.242260e-19 7.103638e-01 5.459239e-01 -2.026105e-19 1.870245e-01 6.132739e-02 -1.781857e-19 3.157177e-01 4.350517e-01 -6.618424e-19 2.076216e-01 4.954477e-02 6.374176e-19 4.886751e-01 5.428081e-01 -3.794435e-19 1.870245e-01 6.132739e-02 -1.781857e-19 4.579389e-02 4.493021e-01 -1.006441e-18 2.558568e-01 3.217859e-02 8.051827e-19 4.986808e-01 7.658501e-01 -9.676532e-20 1.870245e-01 6.132739e-02 -1.781857e-19 2.522463e-02 6.724139e-01 -8.026399e-19 2.864317e-01 3.210886e-02 8.840602e-19 1.220860e+00 1.084640e+00 4.485242e-19 1.870245e-01 6.132739e-02 -1.781857e-19 7.015073e-01 1.017945e+00 -5.322882e-19 3.323284e-01 5.366851e-03 1.158998e-18 1.885509e+00 1.406001e+00 -6.700966e-19 1.870245e-01 6.132739e-02 -1.781857e-19 1.324907e+00 1.372447e+00 -3.328475e-19 3.735776e-01 -2.777309e-02 -1.590635e-19 2.207877e+00 1.632567e+00 -6.959726e-19 1.870245e-01 6.132739e-02 -1.781857e-19 1.591430e+00 1.597848e+00 -2.701380e-19 4.294224e-01 -2.660873e-02 -2.476489e-19 2.415561e+00 1.913268e+00 -9.713111e-19 1.870245e-01 6.132739e-02 -1.781857e-19 1.714742e+00 1.851228e+00 -5.490329e-19 5.137952e-01 7.135106e-04 -2.440926e-19 2.649015e+00 2.322465e+00 -1.158461e-18 1.870245e-01 6.132739e-02 -1.781857e-19 1.821899e+00 2.217001e+00 -7.962773e-19 6.400919e-01 4.413659e-02 -1.839984e-19 2.880812e+00 2.612959e+00 -1.020910e-18 1.870245e-01 6.132739e-02 -1.781857e-19 1.915721e+00 2.439823e+00 -5.926395e-19 7.780667e-01 1.118088e-01 -2.500852e-19 3.088343e+00 2.940426e+00 -1.018557e-18 1.870245e-01 6.132739e-02 -1.781857e-19 1.942144e+00 2.742242e+00 -5.926395e-19 9.591739e-01 1.368567e-01 -2.477318e-19 3.230783e+00 3.218896e+00 -1.020851e-18 1.870245e-01 6.132739e-02 -1.781857e-19 1.942144e+00 3.020712e+00 -5.926395e-19 1.101614e+00 1.368567e-01 -2.500259e-19 3.371386e+00 3.458663e+00 -1.020851e-18 1.870245e-01 6.132739e-02 -1.781857e-19 1.942144e+00 3.260479e+00 -5.926395e-19 1.242217e+00 1.368567e-01 -2.500257e-19 3.513317e+00 3.663947e+00 -1.020851e-18 1.870245e-01 6.132739e-02 -1.781857e-19 1.942144e+00 3.465763e+00 -5.926395e-19 1.384148e+00 1.368567e-01 -2.500257e-19 3.661041e+00 3.827766e+00 -1.020853e-18 1.870245e-01 6.132739e-02 -1.781857e-19 1.942144e+00 3.629582e+00 -5.926395e-19 1.531872e+00 1.368567e-01 -2.500275e-19 3.858062e+00 4.010922e+00 -8.746902e-19 1.870245e-01 6.132739e-02 -1.781857e-19 1.984551e+00 3.857255e+00 -3.529883e-19 1.686487e+00 9.233968e-02 -3.435163e-19 3.960221e+00 4.111190e+00 -7.594120e-19 1.870245e-01 6.132739e-02 -1.781857e-19 2.000361e+00 3.983415e+00 -2.088686e-19 1.772835e+00 6.644818e-02 -3.723577e-19 4.045703e+00 4.175181e+00 -7.179981e-19 1.870245e-01 6.132739e-02 -1.781857e-19 2.006390e+00 4.069667e+00 -1.455424e-19 1.852289e+00 4.418710e-02 -3.942700e-19 4.108311e+00 4.217778e+00 -7.500603e-19 1.870245e-01 6.132739e-02 -1.781857e-19 2.001525e+00 4.126151e+00 -1.982915e-19 1.919761e+00 3.029914e-02 -3.735831e-19 4.051334e+00 4.206478e+00 -7.252915e-19 1.870245e-01 6.132739e-02 -1.781857e-19 1.922943e+00 4.120392e+00 -1.946148e-19 1.941367e+00 2.475937e-02 -3.524910e-19
25             6.106229e-01 2.723220e-01 -2.947032e-19 1.866172e-01 5.953355e-02 -1.710415e-19 2.798487e-01 1.664736e-01 -8.189387e-19 1.441570e-01 4.631487e-02 6.952770e-19 6.777396e-01 5.429267e-01 -2.143792e-19 1.866172e-01 5.953355e-02 -1.710415e-19 2.924363e-01 4.343122e-01 -6.483443e-19 1.986861e-01 4.908097e-02 6.050065e-19 4.617729e-01 5.509124e-01 -3.987994e-19 1.866172e-01 5.953355e-02 -1.710415e-19 3.000369e-02 4.592422e-01 -9.989793e-19 2.451520e-01 3.213669e-02 7.712214e-19 4.706309e-01 7.777524e-01 -1.493836e-19 1.866172e-01 5.953355e-02 -1.710415e-19 8.682590e-03 6.861285e-01 -8.192644e-19 2.753311e-01 3.209032e-02 8.409223e-19 1.167505e+00 1.099705e+00 3.606578e-19 1.866172e-01 5.953355e-02 -1.710415e-19 6.602664e-01 1.034554e+00 -5.802396e-19 3.206213e-01 5.617520e-03 1.111939e-18 1.807712e+00 1.419131e+00 -7.184526e-19 1.866172e-01 5.953355e-02 -1.710415e-19 1.259803e+00 1.386763e+00 -4.040296e-19 3.612921e-01 -2.716622e-02 -1.433816e-19 2.109673e+00 1.650779e+00 -7.465913e-19 1.866172e-01 5.953355e-02 -1.710415e-19 1.508213e+00 1.617074e+00 -3.490493e-19 4.148431e-01 -2.582850e-02 -2.265005e-19 2.300012e+00 1.933663e+00 -9.905385e-19 1.866172e-01 5.953355e-02 -1.710415e-19 1.617231e+00 1.873028e+00 -5.965225e-19 4.961639e-01 1.101356e-03 -2.229745e-19 2.515478e+00 2.340367e+00 -1.154673e-18 1.866172e-01 5.953355e-02 -1.710415e-19 1.710724e+00 2.236946e+00 -8.134872e-19 6.181367e-01 4.388703e-02 -1.701442e-19 2.731696e+00 2.631683e+00 -1.034730e-18 1.866172e-01 5.953355e-02 -1.710415e-19 1.792788e+00 2.461570e+00 -6.349414e-19 7.522904e-01 1.105789e-01 -2.287474e-19 2.933323e+00 2.954638e+00 -1.031848e-18 1.866172e-01 5.953355e-02 -1.710415e-19 1.817369e+00 2.759745e+00 -6.349414e-19 9.293366e-01 1.353596e-01 -2.258656e-19 3.071380e+00 3.223774e+00 -1.034669e-18 1.866172e-01 5.953355e-02 -1.710415e-19 1.817369e+00 3.028881e+00 -6.349414e-19 1.067394e+00 1.353596e-01 -2.286858e-19 3.207196e+00 3.452474e+00 -1.034668e-18 1.866172e-01 5.953355e-02 -1.710415e-19 1.817369e+00 3.257580e+00 -6.349414e-19 1.203210e+00 1.353596e-01 -2.286847e-19 3.344635e+00 3.650824e+00 -1.034668e-18 1.866172e-01 5.953355e-02 -1.710415e-19 1.817369e+00 3.455931e+00 -6.349414e-19 1.340649e+00 1.353596e-01 -2.286847e-19 3.488124e+00 3.813387e+00 -1.034669e-18 1.866172e-01 5.953355e-02 -1.710415e-19 1.817369e+00 3.618494e+00 -6.349414e-19 1.484137e+00 1.353596e-01 -2.286864e-19 3.684216e+00 3.997426e+00 -8.645853e-19 1.866172e-01 5.953355e-02 -1.710415e-19 1.863340e+00 3.846505e+00 -3.638042e-19 1.634259e+00 9.138782e-02 -3.297396e-19 3.785656e+00 4.098744e+00 -7.257727e-19 1.866172e-01 5.953355e-02 -1.710415e-19 1.881600e+00 3.973218e+00 -1.964815e-19 1.717438e+00 6.599301e-02 -3.582498e-19 3.864127e+00 4.158344e+00 -6.972143e-19 1.866172e-01 5.953355e-02 -1.710415e-19 1.884273e+00 4.054133e+00 -1.598004e-19 1.793237e+00 4.467693e-02 -3.663724e-19 3.919265e+00 4.196032e+00 -7.642815e-19 1.866172e-01 5.953355e-02 -1.710415e-19 1.875324e+00 4.104977e+00 -2.568262e-19 1.857323e+00 3.152155e-02 -3.364138e-19 3.855747e+00 4.187232e+00 -7.313223e-19 1.866172e-01 5.953355e-02 -1.710415e-19 1.791044e+00 4.100578e+00 -2.467844e-19 1.878085e+00 2.712055e-02 -3.134964e-19
26             5.398109e-01 2.658355e-01 -2.412542e-19 1.862174e-01 5.791068e-02 -1.511626e-19 2.149599e-01 1.620445e-01 -6.899767e-19 1.386336e-01 4.588039e-02 5.998851e-19 5.998719e-01 5.186495e-01 -2.267901e-19 1.862174e-01 5.791068e-02 -1.511626e-19 2.231843e-01 4.121133e-01 -5.785161e-19 1.904702e-01 4.862560e-02 5.028886e-19 4.065474e-01 5.419687e-01 -4.199994e-19 1.862174e-01 5.791068e-02 -1.511626e-19 -1.465074e-02 4.519954e-01 -9.291014e-19 2.349807e-01 3.206261e-02 6.602646e-19 4.141515e-01 7.671910e-01 -2.453184e-19 1.862174e-01 5.791068e-02 -1.511626e-19 -3.671162e-02 6.772520e-01 -8.035772e-19 2.646456e-01 3.202834e-02 7.094214e-19 1.036951e+00 1.081567e+00 1.771230e-19 1.862174e-01 5.791068e-02 -1.511626e-19 5.414741e-01 1.017816e+00 -6.348840e-19 3.092593e-01 5.840364e-03 9.631696e-19 1.605555e+00 1.382378e+00 -7.796449e-19 1.862174e-01 5.791068e-02 -1.511626e-19 1.070049e+00 1.350935e+00 -5.107797e-19 3.492888e-01 -2.646708e-02 -1.177026e-19 1.861581e+00 1.611495e+00 -8.102871e-19 1.862174e-01 5.791068e-02 -1.511626e-19 1.274714e+00 1.578532e+00 -4.726676e-19 4.006495e-01 -2.494748e-02 -1.864569e-19 2.017698e+00 1.885024e+00 -9.856138e-19 1.862174e-01 5.791068e-02 -1.511626e-19 1.352507e+00 1.825555e+00 -6.515899e-19 4.789735e-01 1.558226e-03 -1.828613e-19 2.198529e+00 2.268639e+00 -1.098756e-18 1.862174e-01 5.791068e-02 -1.511626e-19 1.415668e+00 2.167049e+00 -8.021254e-19 5.966436e-01 4.368025e-02 -1.454678e-19 2.380961e+00 2.553328e+00 -1.026385e-18 1.862174e-01 5.791068e-02 -1.511626e-19 1.467898e+00 2.386142e+00 -6.882261e-19 7.268455e-01 1.092751e-01 -1.869965e-19 2.572189e+00 2.869653e+00 -1.017443e-18 1.862174e-01 5.791068e-02 -1.511626e-19 1.486647e+00 2.678047e+00 -6.882261e-19 8.993243e-01 1.336960e-01 -1.780540e-19 2.705707e+00 3.132423e+00 -1.026341e-18 1.862174e-01 5.791068e-02 -1.511626e-19 1.486647e+00 2.940816e+00 -6.882261e-19 1.032843e+00 1.336960e-01 -1.869526e-19 2.837164e+00 3.358053e+00 -1.026349e-18 1.862174e-01 5.791068e-02 -1.511626e-19 1.486647e+00 3.166446e+00 -6.882261e-19 1.164300e+00 1.336960e-01 -1.869600e-19 2.970641e+00 3.558943e+00 -1.026349e-18 1.862174e-01 5.791068e-02 -1.511626e-19 1.486647e+00 3.367336e+00 -6.882261e-19 1.297777e+00 1.336960e-01 -1.869600e-19 3.110038e+00 3.727721e+00 -1.026350e-18 1.862174e-01 5.791068e-02 -1.511626e-19 1.486647e+00 3.536115e+00 -6.882261e-19 1.437173e+00 1.336960e-01 -1.869613e-19 3.319358e+00 3.907602e+00 -7.477393e-19 1.862174e-01 5.791068e-02 -1.511626e-19 1.550774e+00 3.759121e+00 -2.712424e-19 1.582367e+00 9.057108e-02 -3.253344e-19 3.433735e+00 4.007927e+00 -4.796588e-19 1.862174e-01 5.791068e-02 -1.511626e-19 1.585805e+00 3.883805e+00 4.482360e-20 1.661712e+00 6.621140e-02 -3.733198e-19 3.520909e+00 4.064214e+00 -3.622120e-19 1.862174e-01 5.791068e-02 -1.511626e-19 1.601155e+00 3.960181e+00 1.990650e-19 1.733537e+00 4.612215e-02 -4.101144e-19 3.582565e+00 4.095717e+00 -3.457683e-19 1.862174e-01 5.791068e-02 -1.511626e-19 1.601774e+00 4.004345e+00 2.057717e-19 1.794574e+00 3.346069e-02 -4.003774e-19 3.584697e+00 4.087000e+00 -3.595900e-19 1.862174e-01 5.791068e-02 -1.511626e-19 1.583900e+00 3.999441e+00 1.882586e-19 1.814579e+00 2.964890e-02 -3.966860e-19
27             5.179024e-01 2.595866e-01 -2.260310e-19 1.858245e-01 5.638044e-02 -1.450141e-19 1.985661e-01 1.578448e-01 -6.514183e-19 1.335118e-01 4.536133e-02 5.704014e-19 5.746505e-01 5.019259e-01 -2.207921e-19 1.858245e-01 5.638044e-02 -1.450141e-19 2.060688e-01 3.974940e-01 -5.497378e-19 1.827572e-01 4.805148e-02 4.739599e-19 3.878876e-01 5.213343e-01 -4.090932e-19 1.858245e-01 5.638044e-02 -1.450141e-19 -2.308212e-02 4.331253e-01 -8.900102e-19 2.251452e-01 3.182852e-02 6.259311e-19 3.954616e-01 7.379567e-01 -2.418027e-19 1.858245e-01 5.638044e-02 -1.450141e-19 -4.454427e-02 6.497830e-01 -7.699321e-19 2.541814e-01 3.179325e-02 6.731435e-19 9.950006e-01 1.039220e+00 1.647228e-19 1.858245e-01 5.638044e-02 -1.450141e-19 5.111241e-01 9.769241e-01 -6.075872e-19 2.980520e-01 5.915462e-03 9.173241e-19 1.541003e+00 1.326439e+00 -7.522212e-19 1.858245e-01 5.638044e-02 -1.450141e-19 1.017754e+00 1.295924e+00 -4.882354e-19 3.374238e-01 -2.586477e-02 -1.189718e-19 1.786602e+00 1.545093e+00 -7.814454e-19 1.858245e-01 5.638044e-02 -1.450141e-19 1.214012e+00 1.512886e+00 -4.517054e-19 3.867655e-01 -2.417292e-02 -1.847259e-19 1.936850e+00 1.805790e+00 -9.499490e-19 1.858245e-01 5.638044e-02 -1.450141e-19 1.288742e+00 1.747492e+00 -6.238567e-19 4.622835e-01 1.917459e-03 -1.810783e-19 2.110474e+00 2.171167e+00 -1.057773e-18 1.858245e-01 5.638044e-02 -1.450141e-19 1.348709e+00 2.071343e+00 -7.678260e-19 5.759404e-01 4.344286e-02 -1.449325e-19 2.284655e+00 2.444644e+00 -9.932372e-19 1.858245e-01 5.638044e-02 -1.450141e-19 1.396279e+00 2.280144e+00 -6.642684e-19 7.025515e-01 1.081202e-01 -1.839547e-19 2.470277e+00 2.751723e+00 -9.827191e-19 1.858245e-01 5.638044e-02 -1.450141e-19 1.413718e+00 2.563138e+00 -6.642684e-19 8.707341e-01 1.322047e-01 -1.734366e-19 2.599783e+00 3.008891e+00 -9.932021e-19 1.858245e-01 5.638044e-02 -1.450141e-19 1.413718e+00 2.820305e+00 -6.642684e-19 1.000240e+00 1.322047e-01 -1.839196e-19 2.727591e+00 3.234160e+00 -9.932134e-19 1.858245e-01 5.638044e-02 -1.450141e-19 1.413718e+00 3.045575e+00 -6.642684e-19 1.128049e+00 1.322047e-01 -1.839309e-19 2.857455e+00 3.437845e+00 -9.932134e-19 1.858245e-01 5.638044e-02 -1.450141e-19 1.413718e+00 3.249260e+00 -6.642684e-19 1.257912e+00 1.322047e-01 -1.839309e-19 2.992798e+00 3.609504e+00 -9.932145e-19 1.858245e-01 5.638044e-02 -1.450141e-19 1.413718e+00 3.420919e+00 -6.642684e-19 1.393255e+00 1.322047e-01 -1.839320e-19 3.204214e+00 3.783674e+00 -6.695318e-19 1.858245e-01 5.638044e-02 -1.450141e-19 1.485165e+00 3.637036e+00 -1.891779e-19 1.533224e+00 9.025774e-02 -3.353397e-19 3.320600e+00 3.878622e+00 -3.534325e-19 1.858245e-01 5.638044e-02 -1.450141e-19 1.526272e+00 3.755013e+00 1.808748e-19 1.608504e+00 6.722906e-02 -3.892932e-19 3.410731e+00 3.930387e+00 -1.936545e-19 1.858245e-01 5.638044e-02 -1.450141e-19 1.548351e+00 3.825695e+00 3.938913e-19 1.676556e+00 4.831158e-02 -4.425317e-19 3.477804e+00 3.957591e+00 -1.080378e-19 1.858245e-01 5.638044e-02 -1.450141e-19 1.557043e+00 3.865246e+00 4.881290e-19 1.734937e+00 3.596413e-02 -4.511527e-19 3.538473e+00 3.947634e+00 -1.663159e-19 1.858245e-01 5.638044e-02 -1.450141e-19 1.598374e+00 3.859049e+00 4.426552e-19 1.754275e+00 3.220521e-02 -4.639570e-19
28             5.164107e-01 2.541553e-01 -2.270915e-19 1.854374e-01 5.494197e-02 -1.450128e-19 2.024283e-01 1.544539e-01 -6.519205e-19 1.285449e-01 4.475940e-02 5.698418e-19 5.711773e-01 4.916847e-01 -2.109580e-19 1.854374e-01 5.494197e-02 -1.450128e-19 2.105456e-01 3.893674e-01 -5.419110e-19 1.751942e-01 4.737534e-02 4.759658e-19 3.824803e-01 5.035447e-01 -3.932707e-19 1.854374e-01 5.494197e-02 -1.450128e-19 -1.839972e-02 4.171491e-01 -8.743433e-19 2.154426e-01 3.145364e-02 6.260855e-19 3.900384e-01 7.141245e-01 -2.128331e-19 1.854374e-01 5.494197e-02 -1.450128e-19 -3.924282e-02 6.277681e-01 -7.447623e-19 2.438438e-01 3.141444e-02 6.769420e-19 9.906200e-01 1.008152e+00 2.032088e-19 1.854374e-01 5.494197e-02 -1.450128e-19 5.181586e-01 9.473524e-01 -5.700497e-19 2.870239e-01 5.857657e-03 9.182712e-19 1.537410e+00 1.290444e+00 -7.147184e-19 1.854374e-01 5.494197e-02 -1.450128e-19 1.026145e+00 1.260951e+00 -4.417296e-19 3.258281e-01 -2.544981e-02 -1.279759e-19 1.785518e+00 1.502526e+00 -7.421789e-19 1.854374e-01 5.494197e-02 -1.450128e-19 1.226659e+00 1.471190e+00 -4.021524e-19 3.734215e-01 -2.360532e-02 -1.950137e-19 1.938737e+00 1.756607e+00 -9.223749e-19 1.854374e-01 5.494197e-02 -1.450128e-19 1.306795e+00 1.699524e+00 -5.860361e-19 4.465048e-01 2.141603e-03 -1.913260e-19 2.114101e+00 2.115355e+00 -1.038838e-18 1.854374e-01 5.494197e-02 -1.450128e-19 1.371951e+00 2.017213e+00 -7.416005e-19 5.567118e-01 4.320056e-02 -1.522250e-19 2.289240e+00 2.383449e+00 -9.686639e-19 1.854374e-01 5.494197e-02 -1.450128e-19 1.423407e+00 2.221257e+00 -6.299035e-19 6.803950e-01 1.072505e-01 -1.937475e-19 2.471694e+00 2.688450e+00 -9.580021e-19 1.854374e-01 5.494197e-02 -1.450128e-19 1.441136e+00 2.502417e+00 -6.299035e-19 8.451203e-01 1.310907e-01 -1.830857e-19 2.598102e+00 2.947810e+00 -9.686336e-19 1.854374e-01 5.494197e-02 -1.450128e-19 1.441136e+00 2.761777e+00 -6.299035e-19 9.715290e-01 1.310907e-01 -1.937172e-19 2.722934e+00 3.177920e+00 -9.686464e-19 1.854374e-01 5.494197e-02 -1.450128e-19 1.441136e+00 2.991887e+00 -6.299035e-19 1.096361e+00 1.310907e-01 -1.937300e-19 2.849437e+00 3.384941e+00 -9.686464e-19 1.854374e-01 5.494197e-02 -1.450128e-19 1.441136e+00 3.198909e+00 -6.299035e-19 1.222864e+00 1.310907e-01 -1.937300e-19 2.980960e+00 3.557524e+00 -9.686474e-19 1.854374e-01 5.494197e-02 -1.450128e-19 1.441136e+00 3.371492e+00 -6.299035e-19 1.354386e+00 1.310907e-01 -1.937311e-19 3.185983e+00 3.729878e+00 -6.524853e-19 1.854374e-01 5.494197e-02 -1.450128e-19 1.511110e+00 3.584531e+00 -1.665454e-19 1.489435e+00 9.040522e-02 -3.409271e-19 3.297355e+00 3.822771e+00 -3.484868e-19 1.854374e-01 5.494197e-02 -1.450128e-19 1.550771e+00 3.699281e+00 1.903894e-19 1.561147e+00 6.854812e-02 -3.938633e-19 3.385886e+00 3.875415e+00 -1.854035e-19 1.854374e-01 5.494197e-02 -1.450128e-19 1.574279e+00 3.770045e+00 4.134719e-19 1.626170e+00 5.042770e-02 -4.538626e-19 3.453676e+00 3.904085e+00 -7.582232e-20 1.854374e-01 5.494197e-02 -1.450128e-19 1.585937e+00 3.810838e+00 5.398723e-19 1.682302e+00 3.830506e-02 -4.706818e-19 3.524526e+00 3.893997e+00 -1.402061e-19 1.854374e-01 5.494197e-02 -1.450128e-19 1.638024e+00 3.804658e+00 4.913418e-19 1.701065e+00 3.439731e-02 -4.865351e-19
29             5.485150e-01 2.502405e-01 -2.535957e-19 1.850561e-01 5.355803e-02 -1.539811e-19 2.396114e-01 1.525811e-01 -7.164152e-19 1.238475e-01 4.410133e-02 6.168006e-19 6.037502e-01 4.909558e-01 -1.908678e-19 1.850561e-01 5.355803e-02 -1.539811e-19 2.506068e-01 3.907511e-01 -5.674002e-19 1.680873e-01 4.664665e-02 5.305135e-19 4.033148e-01 4.869863e-01 -3.595985e-19 1.850561e-01 5.355803e-02 -1.539811e-19 1.181272e-02 4.024131e-01 -8.874007e-19 2.064460e-01 3.101524e-02 6.817833e-19 4.115457e-01 6.892648e-01 -1.282190e-19 1.850561e-01 5.355803e-02 -1.539811e-19 -7.846213e-03 6.047266e-01 -7.209384e-19 2.343358e-01 3.098024e-02 7.467005e-19 1.044330e+00 9.750914e-01 3.387973e-19 1.850561e-01 5.355803e-02 -1.539811e-19 5.823124e-01 9.158065e-01 -4.982247e-19 2.769611e-01 5.726847e-03 9.910031e-19 1.621679e+00 1.256812e+00 -6.304204e-19 1.850561e-01 5.355803e-02 -1.539811e-19 1.121292e+00 1.228480e+00 -3.343362e-19 3.153312e-01 -2.522607e-02 -1.421031e-19 1.893144e+00 1.459101e+00 -6.539640e-19 1.850561e-01 5.355803e-02 -1.539811e-19 1.346628e+00 1.428801e+00 -2.829333e-19 3.614600e-01 -2.325798e-02 -2.170496e-19 2.065886e+00 1.706018e+00 -8.812094e-19 1.850561e-01 5.355803e-02 -1.539811e-19 1.448296e+00 1.650229e+00 -5.138626e-19 4.325342e-01 2.231617e-03 -2.133658e-19 2.259235e+00 2.062678e+00 -1.032702e-18 1.850561e-01 5.355803e-02 -1.539811e-19 1.534251e+00 1.966166e+00 -7.153529e-19 5.399286e-01 4.295453e-02 -1.633681e-19 2.451361e+00 2.323092e+00 -9.319128e-19 1.850561e-01 5.355803e-02 -1.539811e-19 1.604965e+00 2.162922e+00 -5.620708e-19 6.613403e-01 1.066124e-01 -2.158609e-19 2.634638e+00 2.622388e+00 -9.246929e-19 1.850561e-01 5.355803e-02 -1.539811e-19 1.626061e+00 2.438530e+00 -5.620708e-19 8.235214e-01 1.302994e-01 -2.086410e-19 2.758771e+00 2.879443e+00 -9.318767e-19 1.850561e-01 5.355803e-02 -1.539811e-19 1.626061e+00 2.695586e+00 -5.620708e-19 9.476540e-01 1.302994e-01 -2.158248e-19 2.881034e+00 3.107654e+00 -9.318857e-19 1.850561e-01 5.355803e-02 -1.539811e-19 1.626061e+00 2.923797e+00 -5.620708e-19 1.069917e+00 1.302994e-01 -2.158338e-19 3.004434e+00 3.310090e+00 -9.318857e-19 1.850561e-01 5.355803e-02 -1.539811e-19 1.626061e+00 3.126233e+00 -5.620708e-19 1.193317e+00 1.302994e-01 -2.158338e-19 3.132634e+00 3.476972e+00 -9.318869e-19 1.850561e-01 5.355803e-02 -1.539811e-19 1.626061e+00 3.293115e+00 -5.620708e-19 1.321517e+00 1.302994e-01 -2.158350e-19 3.325740e+00 3.647892e+00 -6.603875e-19 1.850561e-01 5.355803e-02 -1.539811e-19 1.688203e+00 3.503680e+00 -1.585481e-19 1.452481e+00 9.065431e-02 -3.478583e-19 3.429416e+00 3.740804e+00 -3.985925e-19 1.850561e-01 5.355803e-02 -1.539811e-19 1.722824e+00 3.617726e+00 1.523104e-19 1.521536e+00 6.952062e-02 -3.969218e-19 3.515662e+00 3.797798e+00 -2.422235e-19 1.850561e-01 5.355803e-02 -1.539811e-19 1.746261e+00 3.692434e+00 3.715862e-19 1.584345e+00 5.180534e-02 -4.598286e-19 3.582976e+00 3.830979e+00 -1.201838e-19 1.850561e-01 5.355803e-02 -1.539811e-19 1.759424e+00 3.737463e+00 5.142986e-19 1.638497e+00 3.995786e-02 -4.805014e-19 3.651632e+00 3.822263e+00 -1.780342e-19 1.850561e-01 5.355803e-02 -1.539811e-19 1.809840e+00 3.732609e+00 4.717816e-19 1.656736e+00 3.609522e-02 -4.958346e-19
30             5.713865e-01 2.478158e-01 -2.729170e-19 1.846800e-01 5.225503e-02 -1.604203e-19 2.671047e-01 1.521200e-01 -7.659780e-19 1.196018e-01 4.344078e-02 6.534813e-19 6.265074e-01 4.934904e-01 -1.798076e-19 1.846800e-01 5.225503e-02 -1.604203e-19 2.799711e-01 3.952979e-01 -5.916060e-19 1.618564e-01 4.593746e-02 5.722187e-19 4.168678e-01 4.827876e-01 -3.422857e-19 1.846800e-01 5.225503e-02 -1.604203e-19 3.344085e-02 3.999199e-01 -9.074220e-19 1.987470e-01 3.061266e-02 7.255566e-19 4.251783e-01 6.828385e-01 -8.169573e-20 1.846800e-01 5.225503e-02 -1.604203e-19 1.420124e-02 5.999889e-01 -7.197666e-19 2.262971e-01 3.059455e-02 7.984911e-19 1.081018e+00 9.680850e-01 4.166031e-19 1.846800e-01 5.225503e-02 -1.604203e-19 6.278420e-01 9.102095e-01 -4.698856e-19 2.684960e-01 5.620491e-03 1.046909e-18 1.680312e+00 1.253188e+00 -5.905134e-19 1.846800e-01 5.225503e-02 -1.604203e-19 1.189107e+00 1.226012e+00 -2.856678e-19 3.065244e-01 -2.507910e-02 -1.444253e-19 1.965960e+00 1.452952e+00 -6.119646e-19 1.846800e-01 5.225503e-02 -1.604203e-19 1.429886e+00 1.423720e+00 -2.271051e-19 3.513942e-01 -2.302384e-02 -2.244393e-19 2.149958e+00 1.699026e+00 -8.671386e-19 1.846800e-01 5.225503e-02 -1.604203e-19 1.544493e+00 1.644510e+00 -4.859450e-19 4.207856e-01 2.261596e-03 -2.207733e-19 2.353951e+00 2.059042e+00 -1.040197e-18 1.846800e-01 5.225503e-02 -1.604203e-19 1.643420e+00 1.964063e+00 -7.156102e-19 5.258512e-01 4.272437e-02 -1.641661e-19 2.556985e+00 2.317745e+00 -9.189453e-19 1.846800e-01 5.225503e-02 -1.604203e-19 1.726883e+00 2.159394e+00 -5.347350e-19 6.454218e-01 1.060966e-01 -2.237900e-19 2.740676e+00 2.616194e+00 -9.143005e-19 1.846800e-01 5.225503e-02 -1.604203e-19 1.750309e+00 2.434259e+00 -5.347350e-19 8.056874e-01 1.296805e-01 -2.191453e-19 2.862979e+00 2.873483e+00 -9.189030e-19 1.846800e-01 5.225503e-02 -1.604203e-19 1.750309e+00 2.691548e+00 -5.347350e-19 9.279906e-01 1.296805e-01 -2.237477e-19 2.982862e+00 3.099791e+00 -9.189081e-19 1.846800e-01 5.225503e-02 -1.604203e-19 1.750309e+00 2.917855e+00 -5.347350e-19 1.047874e+00 1.296805e-01 -2.237528e-19 3.103534e+00 3.298070e+00 -9.189081e-19 1.846800e-01 5.225503e-02 -1.604203e-19 1.750309e+00 3.116135e+00 -5.347350e-19 1.168545e+00 1.296805e-01 -2.237528e-19 3.229071e+00 3.461644e+00 -9.189094e-19 1.846800e-01 5.225503e-02 -1.604203e-19 1.750309e+00 3.279708e+00 -5.347350e-19 1.294083e+00 1.296805e-01 -2.237542e-19 3.412661e+00 3.637430e+00 -6.843413e-19 1.846800e-01 5.225503e-02 -1.604203e-19 1.806029e+00 3.494479e+00 -1.786582e-19 1.421953e+00 9.069659e-02 -3.452628e-19 3.510958e+00 3.736411e+00 -4.534196e-19 1.846800e-01 5.225503e-02 -1.604203e-19 1.837116e+00 3.614291e+00 9.978565e-20 1.489162e+00 6.986520e-02 -3.927850e-19 3.593703e+00 3.800972e+00 -3.104776e-19 1.846800e-01 5.225503e-02 -1.604203e-19 1.858770e+00 3.696337e+00 3.032438e-19 1.550253e+00 5.238043e-02 -4.533011e-19 3.656417e+00 3.840047e+00 -2.120994e-19 1.846800e-01 5.225503e-02 -1.604203e-19 1.869193e+00 3.746870e+00 4.162520e-19 1.602544e+00 4.092210e-02 -4.679311e-19 3.692165e+00 3.834185e+00 -2.386379e-19 1.846800e-01 5.225503e-02 -1.604203e-19 1.887192e+00 3.744449e+00 3.959475e-19 1.620293e+00 3.748079e-02 -4.741651e-19
31             5.691171e-01 2.462177e-01 -2.735738e-19 1.843085e-01 5.109334e-02 -1.601655e-19 2.690290e-01 1.522597e-01 -7.699119e-19 1.157796e-01 4.286467e-02 6.565036e-19 6.224089e-01 4.941895e-01 -1.820309e-19 1.843085e-01 5.109334e-02 -1.601655e-19 2.817696e-01 3.977569e-01 -5.972454e-19 1.563308e-01 4.533920e-02 5.753801e-19 4.108426e-01 4.881208e-01 -3.477811e-19 1.843085e-01 5.109334e-02 -1.601655e-19 3.451088e-02 4.066895e-01 -9.175648e-19 1.920232e-01 3.033790e-02 7.299492e-19 4.184712e-01 6.917435e-01 -9.420582e-20 1.843085e-01 5.109334e-02 -1.601655e-19 1.484120e-02 6.103051e-01 -7.349583e-19 2.193215e-01 3.034508e-02 8.009180e-19 1.073925e+00 9.823001e-01 3.990242e-19 1.843085e-01 5.109334e-02 -1.601655e-19 6.284891e-01 9.255592e-01 -4.920303e-19 2.611276e-01 5.647589e-03 1.051220e-18 1.672726e+00 1.270955e+00 -6.088769e-19 1.843085e-01 5.109334e-02 -1.601655e-19 1.189593e+00 1.244704e+00 -3.126136e-19 2.988246e-01 -2.484160e-02 -1.360978e-19 1.954674e+00 1.474563e+00 -6.308503e-19 1.843085e-01 5.109334e-02 -1.601655e-19 1.427878e+00 1.446206e+00 -2.551130e-19 3.424877e-01 -2.273560e-02 -2.155718e-19 2.134927e+00 1.723707e+00 -8.809141e-19 1.843085e-01 5.109334e-02 -1.601655e-19 1.540341e+00 1.670289e+00 -5.087977e-19 4.102774e-01 2.325459e-03 -2.119509e-19 2.335214e+00 2.086596e+00 -1.051135e-18 1.843085e-01 5.109334e-02 -1.601655e-19 1.637775e+00 1.993011e+00 -7.346260e-19 5.131306e-01 4.249184e-02 -1.563434e-19 2.535731e+00 2.347229e+00 -9.308502e-19 1.843085e-01 5.109334e-02 -1.601655e-19 1.720514e+00 2.190617e+00 -5.552951e-19 6.309079e-01 1.055184e-01 -2.153896e-19 2.717466e+00 2.647578e+00 -9.261965e-19 1.843085e-01 5.109334e-02 -1.601655e-19 1.743799e+00 2.467488e+00 -5.552951e-19 7.893591e-01 1.289964e-01 -2.107359e-19 2.837854e+00 2.906089e+00 -9.308068e-19 1.843085e-01 5.109334e-02 -1.601655e-19 1.743799e+00 2.725999e+00 -5.552951e-19 9.097465e-01 1.289964e-01 -2.153463e-19 2.955322e+00 3.131375e+00 -9.308111e-19 1.843085e-01 5.109334e-02 -1.601655e-19 1.743799e+00 2.951285e+00 -5.552951e-19 1.027215e+00 1.289964e-01 -2.153506e-19 3.073541e+00 3.328387e+00 -9.308111e-19 1.843085e-01 5.109334e-02 -1.601655e-19 1.743799e+00 3.148297e+00 -5.552951e-19 1.145434e+00 1.289964e-01 -2.153506e-19 3.196826e+00 3.492550e+00 -9.308125e-19 1.843085e-01 5.109334e-02 -1.601655e-19 1.743799e+00 3.312460e+00 -5.552951e-19 1.268719e+00 1.289964e-01 -2.153520e-19 3.378522e+00 3.673825e+00 -6.915010e-19 1.843085e-01 5.109334e-02 -1.601655e-19 1.800158e+00 3.532311e+00 -1.904617e-19 1.394055e+00 9.042062e-02 -3.408738e-19 3.477749e+00 3.779637e+00 -4.433353e-19 1.843085e-01 5.109334e-02 -1.601655e-19 1.833788e+00 3.658741e+00 1.098578e-19 1.459652e+00 6.980181e-02 -3.930275e-19 3.560070e+00 3.850079e+00 -2.880218e-19 1.843085e-01 5.109334e-02 -1.601655e-19 1.856811e+00 3.746282e+00 3.281518e-19 1.518951e+00 5.270334e-02 -4.560081e-19 3.619773e+00 3.892432e+00 -1.976868e-19 1.843085e-01 5.109334e-02 -1.601655e-19 1.866144e+00 3.799575e+00 4.293417e-19 1.569320e+00 4.176323e-02 -4.668630e-19 3.638379e+00 3.889551e+00 -2.046559e-19 1.843085e-01 5.109334e-02 -1.601655e-19 1.867510e+00 3.799392e+00 4.242129e-19 1.586561e+00 3.906567e-02 -4.687033e-19
32             5.648838e-01 2.455726e-01 -2.727377e-19 1.839416e-01 5.004994e-02 -1.590526e-19 2.684922e-01 1.531167e-01 -7.702661e-19 1.124499e-01 4.240599e-02 6.565810e-19 6.164073e-01 4.953951e-01 -1.854174e-19 1.839416e-01 5.004994e-02 -1.590526e-19 2.809304e-01 4.004703e-01 -6.016973e-19 1.515353e-01 4.487495e-02 5.753324e-19 4.049006e-01 4.940159e-01 -3.533223e-19 1.839416e-01 5.004994e-02 -1.590526e-19 3.478624e-02 4.137651e-01 -9.243115e-19 1.861727e-01 3.020087e-02 7.300418e-19 4.120145e-01 6.993426e-01 -1.078441e-19 1.839416e-01 5.004994e-02 -1.590526e-19 1.482953e-02 6.190575e-01 -7.475446e-19 2.132434e-01 3.023514e-02 7.987531e-19 1.062412e+00 9.920626e-01 3.773226e-19 1.839416e-01 5.004994e-02 -1.590526e-19 6.238263e-01 9.361905e-01 -5.123606e-19 2.546437e-01 5.822186e-03 1.048736e-18 1.656473e+00 1.281522e+00 -6.236795e-19 1.839416e-01 5.004994e-02 -1.590526e-19 1.180536e+00 1.255916e+00 -3.386084e-19 2.919953e-01 -2.444407e-02 -1.260185e-19 1.933038e+00 1.487632e+00 -6.462495e-19 1.839416e-01 5.004994e-02 -1.590526e-19 1.414618e+00 1.459877e+00 -2.828436e-19 3.344785e-01 -2.229459e-02 -2.043533e-19 2.108473e+00 1.738663e+00 -8.889199e-19 1.839416e-01 5.004994e-02 -1.590526e-19 1.523871e+00 1.686110e+00 -5.290862e-19 4.006611e-01 2.503511e-03 -2.007812e-19 2.304004e+00 2.102902e+00 -1.054546e-18 1.839416e-01 5.004994e-02 -1.590526e-19 1.618795e+00 2.010547e+00 -7.488069e-19 5.012670e-01 4.230441e-02 -1.466871e-19 2.500941e+00 2.365031e+00 -9.367267e-19 1.839416e-01 5.004994e-02 -1.590526e-19 1.699846e+00 2.210101e+00 -5.731089e-19 6.171528e-01 1.048801e-01 -2.045653e-19 2.680424e+00 2.666375e+00 -9.321761e-19 1.839416e-01 5.004994e-02 -1.590526e-19 1.722854e+00 2.488100e+00 -5.731089e-19 7.736279e-01 1.282250e-01 -2.000146e-19 2.798674e+00 2.924933e+00 -9.366816e-19 1.839416e-01 5.004994e-02 -1.590526e-19 1.722854e+00 2.746658e+00 -5.731089e-19 8.918784e-01 1.282250e-01 -2.045201e-19 2.913778e+00 3.149840e+00 -9.366851e-19 1.839416e-01 5.004994e-02 -1.590526e-19 1.722854e+00 2.971565e+00 -5.731089e-19 1.006982e+00 1.282250e-01 -2.045236e-19 3.029772e+00 3.348211e+00 -9.366851e-19 1.839416e-01 5.004994e-02 -1.590526e-19 1.722854e+00 3.169936e+00 -5.731089e-19 1.122977e+00 1.282250e-01 -2.045236e-19 3.150946e+00 3.515534e+00 -9.366865e-19 1.839416e-01 5.004994e-02 -1.590526e-19 1.722854e+00 3.337259e+00 -5.731089e-19 1.244150e+00 1.282250e-01 -2.045250e-19 3.329974e+00 3.703301e+00 -6.973661e-19 1.839416e-01 5.004994e-02 -1.590526e-19 1.778972e+00 3.563229e+00 -2.088344e-19 1.367060e+00 9.002235e-02 -3.294790e-19 3.426286e+00 3.813703e+00 -4.549323e-19 1.839416e-01 5.004994e-02 -1.590526e-19 1.811464e+00 3.693870e+00 8.251601e-20 1.430881e+00 6.978310e-02 -3.783957e-19 3.501836e+00 3.885261e+00 -3.258474e-19 1.839416e-01 5.004994e-02 -1.590526e-19 1.829758e+00 3.781895e+00 2.605286e-19 1.488136e+00 5.331569e-02 -4.273234e-19 3.554215e+00 3.928117e+00 -2.825721e-19 1.839416e-01 5.004994e-02 -1.590526e-19 1.833660e+00 3.835164e+00 3.028358e-19 1.536614e+00 4.290356e-02 -4.263554e-19 3.541678e+00 3.927641e+00 -2.631349e-19 1.839416e-01 5.004994e-02 -1.590526e-19 1.804387e+00 3.836540e+00 3.150946e-19 1.553349e+00 4.105086e-02 -4.191770e-19
33             5.591578e-01 2.443908e-01 -2.712562e-19 1.835788e-01 4.912403e-02 -1.577836e-19 2.660964e-01 1.532309e-01 -7.661783e-19 1.094826e-01 4.203588e-02 6.527057e-19 6.091072e-01 4.937162e-01 -1.871723e-19 1.835788e-01 4.912403e-02 -1.577836e-19 2.783213e-01 4.000944e-01 -6.005012e-19 1.472072e-01 4.449782e-02 5.711125e-19 3.978342e-01 4.934712e-01 -3.552345e-19 1.835788e-01 4.912403e-02 -1.577836e-19 3.347756e-02 4.142133e-01 -9.226628e-19 1.807778e-01 3.013392e-02 7.252119e-19 4.047298e-01 6.979566e-01 -1.118600e-19 1.835788e-01 4.912403e-02 -1.577836e-19 1.356716e-02 6.186420e-01 -7.475099e-19 2.075838e-01 3.019050e-02 7.934335e-19 1.050997e+00 9.889979e-01 3.705811e-19 1.835788e-01 4.912403e-02 -1.577836e-19 6.188623e-01 9.338102e-01 -5.137041e-19 2.485558e-01 6.063615e-03 1.042069e-18 1.641181e+00 1.276440e+00 -6.241131e-19 1.835788e-01 4.912403e-02 -1.577836e-19 1.172037e+00 1.251270e+00 -3.407292e-19 2.855649e-01 -2.395401e-02 -1.256003e-19 1.915040e+00 1.481203e+00 -6.465044e-19 1.835788e-01 4.912403e-02 -1.577836e-19 1.404503e+00 1.453825e+00 -2.852445e-19 3.269590e-01 -2.174544e-02 -2.034763e-19 2.088419e+00 1.730379e+00 -8.878739e-19 1.835788e-01 4.912403e-02 -1.577836e-19 1.513235e+00 1.678471e+00 -5.301703e-19 3.916051e-01 2.783878e-03 -1.999200e-19 2.281517e+00 2.091820e+00 -1.052882e-18 1.835788e-01 4.912403e-02 -1.577836e-19 1.607913e+00 2.000501e+00 -7.491064e-19 4.900255e-01 4.219498e-02 -1.459916e-19 2.476557e+00 2.351749e+00 -9.349471e-19 1.835788e-01 4.912403e-02 -1.577836e-19 1.688953e+00 2.198351e+00 -5.734349e-19 6.040247e-01 1.042732e-01 -2.037286e-19 2.653963e+00 2.650309e+00 -9.307488e-19 1.835788e-01 4.912403e-02 -1.577836e-19 1.711946e+00 2.473718e+00 -5.734349e-19 7.584381e-01 1.274666e-01 -1.995303e-19 2.770090e+00 2.905874e+00 -9.349008e-19 1.835788e-01 4.912403e-02 -1.577836e-19 1.711946e+00 2.729283e+00 -5.734349e-19 8.745658e-01 1.274666e-01 -2.036823e-19 2.883099e+00 3.129120e+00 -9.349040e-19 1.835788e-01 4.912403e-02 -1.577836e-19 1.711946e+00 2.952530e+00 -5.734349e-19 9.875747e-01 1.274666e-01 -2.036854e-19 2.997088e+00 3.327600e+00 -9.349040e-19 1.835788e-01 4.912403e-02 -1.577836e-19 1.711946e+00 3.151010e+00 -5.734349e-19 1.101564e+00 1.274666e-01 -2.036854e-19 3.116181e+00 3.495519e+00 -9.349053e-19 1.835788e-01 4.912403e-02 -1.577836e-19 1.711946e+00 3.318928e+00 -5.734349e-19 1.220657e+00 1.274666e-01 -2.036868e-19 3.292172e+00 3.683322e+00 -6.971112e-19 1.835788e-01 4.912403e-02 -1.577836e-19 1.767515e+00 3.544459e+00 -2.134413e-19 1.341078e+00 8.973883e-02 -3.258862e-19 3.384426e+00 3.792060e+00 -4.669263e-19 1.835788e-01 4.912403e-02 -1.577836e-19 1.797883e+00 3.672871e+00 6.034479e-20 1.402965e+00 7.006547e-02 -3.694875e-19 3.453824e+00 3.859943e+00 -3.626591e-19 1.835788e-01 4.912403e-02 -1.577836e-19 1.812089e+00 3.756511e+00 2.014972e-19 1.458156e+00 5.430802e-02 -4.063727e-19 3.501884e+00 3.900489e+00 -3.433538e-19 1.835788e-01 4.912403e-02 -1.577836e-19 1.813328e+00 3.807072e+00 2.149319e-19 1.504977e+00 4.429263e-02 -4.005020e-19 3.484532e+00 3.901053e+00 -3.198680e-19 1.835788e-01 4.912403e-02 -1.577836e-19 1.779671e+00 3.808780e+00 2.292414e-19 1.521283e+00 4.314899e-02 -3.913258e-19
34             5.317662e-01 2.399904e-01 -2.507478e-19 1.832199e-01 4.823749e-02 -1.499401e-19 2.418551e-01 1.500964e-01 -7.151165e-19 1.066912e-01 4.165651e-02 6.143089e-19 5.788576e-01 4.801628e-01 -1.878290e-19 1.832199e-01 4.823749e-02 -1.499401e-19 2.526283e-01 3.878331e-01 -5.691123e-19 1.430094e-01 4.409215e-02 5.312234e-19 3.766846e-01 4.826228e-01 -3.557686e-19 1.832199e-01 4.823749e-02 -1.499401e-19 1.809275e-02 4.043854e-01 -8.865819e-19 1.753719e-01 2.999992e-02 6.807535e-19 3.833287e-01 6.829982e-01 -1.348435e-19 1.832199e-01 4.823749e-02 -1.499401e-19 -1.707973e-03 6.046941e-01 -7.278212e-19 2.018168e-01 3.006659e-02 7.429179e-19 1.000202e+00 9.660067e-01 3.187295e-19 1.832199e-01 4.823749e-02 -1.499401e-19 5.746903e-01 9.115482e-01 -5.144872e-19 2.422916e-01 6.220995e-03 9.831569e-19 1.561948e+00 1.241939e+00 -6.263118e-19 1.832199e-01 4.823749e-02 -1.499401e-19 1.099807e+00 1.217213e+00 -3.562429e-19 2.789218e-01 -2.351180e-02 -1.201288e-19 1.820470e+00 1.440430e+00 -6.483293e-19 1.832199e-01 4.823749e-02 -1.499401e-19 1.317983e+00 1.413435e+00 -3.052957e-19 3.192675e-01 -2.124192e-02 -1.930935e-19 1.983853e+00 1.681069e+00 -8.708565e-19 1.832199e-01 4.823749e-02 -1.499401e-19 1.418197e+00 1.629804e+00 -5.314071e-19 3.824362e-01 3.027134e-03 -1.895092e-19 2.166670e+00 2.028628e+00 -1.022036e-18 1.832199e-01 4.823749e-02 -1.499401e-19 1.504706e+00 1.938330e+00 -7.323734e-19 4.787435e-01 4.206069e-02 -1.397228e-19 2.351808e+00 2.281435e+00 -9.171139e-19 1.832199e-01 4.823749e-02 -1.499401e-19 1.577677e+00 2.129543e+00 -5.742423e-19 5.909112e-01 1.036545e-01 -1.929315e-19 2.525494e+00 2.574073e+00 -9.110144e-19 1.832199e-01 4.823749e-02 -1.499401e-19 1.598994e+00 2.399141e+00 -5.742423e-19 7.432793e-01 1.266948e-01 -1.868319e-19 2.639688e+00 2.825468e+00 -9.170737e-19 1.832199e-01 4.823749e-02 -1.499401e-19 1.598994e+00 2.650536e+00 -5.742423e-19 8.574740e-01 1.266948e-01 -1.928912e-19 2.750852e+00 3.047087e+00 -9.170800e-19 1.832199e-01 4.823749e-02 -1.499401e-19 1.598994e+00 2.872155e+00 -5.742423e-19 9.686376e-01 1.266948e-01 -1.928975e-19 2.862889e+00 3.245056e+00 -9.170800e-19 1.832199e-01 4.823749e-02 -1.499401e-19 1.598994e+00 3.070124e+00 -5.742423e-19 1.080674e+00 1.266948e-01 -1.928975e-19 2.979825e+00 3.412268e+00 -9.170812e-19 1.832199e-01 4.823749e-02 -1.499401e-19 1.598994e+00 3.237335e+00 -5.742423e-19 1.197611e+00 1.266948e-01 -1.928988e-19 3.157581e+00 3.594545e+00 -6.523300e-19 1.832199e-01 4.823749e-02 -1.499401e-19 1.658975e+00 3.456728e+00 -1.789569e-19 1.315387e+00 8.957918e-02 -3.234330e-19 3.251754e+00 3.699771e+00 -3.918389e-19 1.832199e-01 4.823749e-02 -1.499401e-19 1.693282e+00 3.580960e+00 1.297115e-19 1.375252e+00 7.057398e-02 -3.716102e-19 3.323112e+00 3.764992e+00 -2.626696e-19 1.832199e-01 4.823749e-02 -1.499401e-19 1.711388e+00 3.661299e+00 3.057190e-19 1.428505e+00 5.545585e-02 -4.184484e-19 3.373663e+00 3.803171e+00 -2.099205e-19 1.832199e-01 4.823749e-02 -1.499401e-19 1.716563e+00 3.709236e+00 3.618324e-19 1.473879e+00 4.569730e-02 -4.218128e-19 3.382871e+00 3.803910e+00 -2.053370e-19 1.832199e-01 4.823749e-02 -1.499401e-19 1.709827e+00 3.710669e+00 3.648365e-19 1.489824e+00 4.500313e-02 -4.202333e-19
35             5.189218e-01 2.354653e-01 -2.412062e-19 1.828648e-01 4.736774e-02 -1.462273e-19 2.320677e-01 1.468941e-01 -6.908642e-19 1.039893e-01 4.120351e-02 5.958853e-19 5.641970e-01 4.691335e-01 -1.832878e-19 1.828648e-01 4.736774e-02 -1.462273e-19 2.424306e-01 3.781712e-01 -5.504201e-19 1.389016e-01 4.359460e-02 5.133596e-19 3.659113e-01 4.699631e-01 -3.484219e-19 1.828648e-01 4.736774e-02 -1.462273e-19 1.306083e-02 3.928491e-01 -8.620414e-19 1.699856e-01 2.974621e-02 6.598468e-19 3.724577e-01 6.659521e-01 -1.331476e-19 1.828648e-01 4.736774e-02 -1.462273e-19 -6.422636e-03 5.887690e-01 -7.073994e-19 1.960155e-01 2.981542e-02 7.204791e-19 9.754011e-01 9.422670e-01 3.099890e-19 1.828648e-01 4.736774e-02 -1.462273e-19 5.565739e-01 8.886537e-01 -4.992540e-19 2.359623e-01 6.245624e-03 9.554703e-19 1.523642e+00 1.210803e+00 -6.113400e-19 1.828648e-01 4.736774e-02 -1.462273e-19 1.068586e+00 1.186616e+00 -3.448560e-19 2.721913e-01 -2.318112e-02 -1.202567e-19 1.775742e+00 1.403824e+00 -6.326678e-19 1.828648e-01 4.736774e-02 -1.462273e-19 1.281342e+00 1.377311e+00 -2.951110e-19 3.115355e-01 -2.085433e-02 -1.913295e-19 1.935374e+00 1.637822e+00 -8.500082e-19 1.828648e-01 4.736774e-02 -1.462273e-19 1.379202e+00 1.587283e+00 -5.160465e-19 3.733073e-01 3.171329e-03 -1.877344e-19 2.113799e+00 1.975912e+00 -9.972185e-19 1.828648e-01 4.736774e-02 -1.462273e-19 1.463309e+00 1.886679e+00 -7.119399e-19 4.676256e-01 4.186440e-02 -1.390514e-19 2.294380e+00 2.222989e+00 -8.969729e-19 1.828648e-01 4.736774e-02 -1.462273e-19 1.533425e+00 2.072590e+00 -5.600616e-19 5.780894e-01 1.030314e-01 -1.906840e-19 2.465443e+00 2.511144e+00 -8.899133e-19 1.828648e-01 4.736774e-02 -1.462273e-19 1.554017e+00 2.337844e+00 -5.600616e-19 7.285615e-01 1.259324e-01 -1.836244e-19 2.577964e+00 2.760043e+00 -8.969371e-19 1.828648e-01 4.736774e-02 -1.462273e-19 1.554017e+00 2.586743e+00 -5.600616e-19 8.410824e-01 1.259324e-01 -1.906483e-19 2.687415e+00 2.980545e+00 -8.969454e-19 1.828648e-01 4.736774e-02 -1.462273e-19 1.554017e+00 2.807245e+00 -5.600616e-19 9.505337e-01 1.259324e-01 -1.906565e-19 2.797486e+00 3.177006e+00 -8.969454e-19 1.828648e-01 4.736774e-02 -1.462273e-19 1.554017e+00 3.003706e+00 -5.600616e-19 1.060605e+00 1.259324e-01 -1.906565e-19 2.912263e+00 3.342418e+00 -8.969466e-19 1.828648e-01 4.736774e-02 -1.462273e-19 1.554017e+00 3.169118e+00 -5.600616e-19 1.175382e+00 1.259324e-01 -1.906577e-19 3.089830e+00 3.519937e+00 -6.166772e-19 1.828648e-01 4.736774e-02 -1.462273e-19 1.616470e+00 3.383081e+00 -1.441446e-19 1.290495e+00 8.948867e-02 -3.263053e-19 3.185475e+00 3.623006e+00 -3.320308e-19 1.828648e-01 4.736774e-02 -1.462273e-19 1.654185e+00 3.504516e+00 1.938294e-19 1.348425e+00 7.112270e-02 -3.796330e-19 3.260425e+00 3.688532e+00 -1.701652e-19 1.828648e-01 4.736774e-02 -1.462273e-19 1.677629e+00 3.584639e+00 4.169518e-19 1.399932e+00 5.652522e-02 -4.408897e-19 3.314808e+00 3.726528e+00 -7.276972e-20 1.828648e-01 4.736774e-02 -1.462273e-19 1.687984e+00 3.632169e+00 5.292236e-19 1.443959e+00 4.699082e-02 -4.557660e-19 3.351433e+00 3.727479e+00 -8.670312e-20 1.828648e-01 4.736774e-02 -1.462273e-19 1.709012e+00 3.633535e+00 5.217938e-19 1.459556e+00 4.657648e-02 -4.622697e-19
36             5.173421e-01 2.321143e-01 -2.409012e-19 1.825130e-01 4.654206e-02 -1.459815e-19 2.335248e-01 1.448656e-01 -6.897667e-19 1.013043e-01 4.070663e-02 5.948470e-19 5.614186e-01 4.637979e-01 -1.789098e-19 1.825130e-01 4.654206e-02 -1.459815e-19 2.441010e-01 3.742043e-01 -5.464318e-19 1.348045e-01 4.305160e-02 5.135034e-19 3.620234e-01 4.631015e-01 -3.424250e-19 1.825130e-01 4.654206e-02 -1.459815e-19 1.484398e-02 3.871266e-01 -8.559736e-19 1.646664e-01 2.943284e-02 6.595301e-19 3.683208e-01 6.579911e-01 -1.249654e-19 1.825130e-01 4.654206e-02 -1.459815e-19 -4.514273e-03 5.819410e-01 -6.996793e-19 1.903221e-01 2.950798e-02 7.206955e-19 9.709089e-01 9.335639e-01 3.190354e-19 1.825130e-01 4.654206e-02 -1.459815e-19 5.585845e-01 8.808119e-01 -4.900187e-19 2.298113e-01 6.209915e-03 9.550357e-19 1.518809e+00 1.201812e+00 -6.021909e-19 1.825130e-01 4.654206e-02 -1.459815e-19 1.070610e+00 1.178198e+00 -3.348082e-19 2.656860e-01 -2.292763e-02 -1.214012e-19 1.770118e+00 1.394286e+00 -6.233469e-19 1.825130e-01 4.654206e-02 -1.459815e-19 1.283457e+00 1.368290e+00 -2.847770e-19 3.041477e-01 -2.054634e-02 -1.925884e-19 1.928943e+00 1.627391e+00 -8.415610e-19 1.825130e-01 4.654206e-02 -1.459815e-19 1.381748e+00 1.577579e+00 -5.065877e-19 3.646822e-01 3.269309e-03 -1.889918e-19 2.106015e+00 1.964425e+00 -9.894499e-19 1.825130e-01 4.654206e-02 -1.459815e-19 1.466256e+00 1.876209e+00 -7.034518e-19 4.572460e-01 4.167403e-02 -1.400166e-19 2.285140e+00 2.210880e+00 -8.892506e-19 1.825130e-01 4.654206e-02 -1.459815e-19 1.536399e+00 2.061849e+00 -5.515804e-19 5.662278e-01 1.024891e-01 -1.916886e-19 2.454431e+00 2.499379e+00 -8.819064e-19 1.825130e-01 4.654206e-02 -1.459815e-19 1.556840e+00 2.327565e+00 -5.515804e-19 7.150779e-01 1.252720e-01 -1.843444e-19 2.565526e+00 2.749847e+00 -8.892170e-19 1.825130e-01 4.654206e-02 -1.459815e-19 1.556840e+00 2.578033e+00 -5.515804e-19 8.261725e-01 1.252720e-01 -1.916550e-19 2.673346e+00 2.971509e+00 -8.892258e-19 1.825130e-01 4.654206e-02 -1.459815e-19 1.556840e+00 2.799695e+00 -5.515804e-19 9.339930e-01 1.252720e-01 -1.916639e-19 2.781551e+00 3.167856e+00 -8.892258e-19 1.825130e-01 4.654206e-02 -1.459815e-19 1.556840e+00 2.996042e+00 -5.515804e-19 1.042198e+00 1.252720e-01 -1.916639e-19 2.894380e+00 3.333130e+00 -8.892270e-19 1.825130e-01 4.654206e-02 -1.459815e-19 1.556840e+00 3.161316e+00 -5.515804e-19 1.155027e+00 1.252720e-01 -1.916650e-19 3.069637e+00 3.511013e+00 -6.078864e-19 1.825130e-01 4.654206e-02 -1.459815e-19 1.619377e+00 3.375033e+00 -1.336020e-19 1.267747e+00 8.943713e-02 -3.283029e-19 3.164956e+00 3.615718e+00 -3.154919e-19 1.825130e-01 4.654206e-02 -1.459815e-19 1.658417e+00 3.497600e+00 2.153072e-19 1.324026e+00 7.157533e-02 -3.848175e-19 3.241171e+00 3.684528e+00 -1.372853e-19 1.825130e-01 4.654206e-02 -1.459815e-19 1.684627e+00 3.580596e+00 4.630901e-19 1.374032e+00 5.739022e-02 -4.543938e-19 3.296346e+00 3.724659e+00 -2.183748e-20 1.825130e-01 4.654206e-02 -1.459815e-19 1.697068e+00 3.629988e+00 5.979745e-19 1.416766e+00 4.812844e-02 -4.738304e-19 3.335907e+00 3.726555e+00 -3.504313e-20 1.825130e-01 4.654206e-02 -1.459815e-19 1.721392e+00 3.632000e+00 5.925641e-19 1.432002e+00 4.801305e-02 -4.816257e-19
37             5.190209e-01 2.296930e-01 -2.430531e-19 1.821643e-01 4.576928e-02 -1.465866e-19 2.381375e-01 1.437073e-01 -6.958248e-19 9.871912e-02 4.021642e-02 5.993583e-19 5.620823e-01 4.616108e-01 -1.753708e-19 1.821643e-01 4.576928e-02 -1.465866e-19 2.490337e-01 3.733150e-01 -5.481530e-19 1.308843e-01 4.252645e-02 5.193688e-19 3.606420e-01 4.606823e-01 -3.378950e-19 1.821643e-01 4.576928e-02 -1.465866e-19 1.879396e-02 3.857757e-01 -8.570810e-19 1.596837e-01 2.913732e-02 6.657726e-19 3.666632e-01 6.557485e-01 -1.178999e-19 1.821643e-01 4.576928e-02 -1.465866e-19 -5.612143e-04 5.807523e-01 -6.988791e-19 1.850601e-01 2.922686e-02 7.275659e-19 9.715081e-01 9.324488e-01 3.284318e-19 1.821643e-01 4.576928e-02 -1.465866e-19 5.651553e-01 8.804842e-01 -4.875132e-19 2.241885e-01 6.195283e-03 9.625317e-19 1.521533e+00 1.202132e+00 -5.971130e-19 1.821643e-01 4.576928e-02 -1.465866e-19 1.079602e+00 1.179049e+00 -3.312549e-19 2.597668e-01 -2.268696e-02 -1.192714e-19 1.772962e+00 1.395307e+00 -6.182339e-19 1.821643e-01 4.576928e-02 -1.465866e-19 1.293342e+00 1.369796e+00 -2.807876e-19 2.974557e-01 -2.025885e-02 -1.908597e-19 1.931413e+00 1.628825e+00 -8.379198e-19 1.821643e-01 4.576928e-02 -1.465866e-19 1.392350e+00 1.579686e+00 -5.040575e-19 3.568991e-01 3.370299e-03 -1.872757e-19 2.107713e+00 1.966414e+00 -9.870709e-19 1.821643e-01 4.576928e-02 -1.465866e-19 1.477631e+00 1.879128e+00 -7.025943e-19 4.479176e-01 4.151703e-02 -1.378900e-19 2.286151e+00 2.212987e+00 -8.859205e-19 1.821643e-01 4.576928e-02 -1.465866e-19 1.548386e+00 2.065196e+00 -5.494386e-19 5.556012e-01 1.020224e-01 -1.898953e-19 2.454055e+00 2.502137e+00 -8.785407e-19 1.821643e-01 4.576928e-02 -1.465866e-19 1.568834e+00 2.331666e+00 -5.494386e-19 7.030573e-01 1.247024e-01 -1.825155e-19 2.563840e+00 2.753685e+00 -8.858877e-19 1.821643e-01 4.576928e-02 -1.465866e-19 1.568834e+00 2.583213e+00 -5.494386e-19 8.128416e-01 1.247024e-01 -1.898626e-19 2.670070e+00 2.975286e+00 -8.858964e-19 1.821643e-01 4.576928e-02 -1.465866e-19 1.568834e+00 2.804815e+00 -5.494386e-19 9.190715e-01 1.247024e-01 -1.898712e-19 2.776573e+00 3.170668e+00 -8.858964e-19 1.821643e-01 4.576928e-02 -1.465866e-19 1.568834e+00 3.000197e+00 -5.494386e-19 1.025575e+00 1.247024e-01 -1.898712e-19 2.887730e+00 3.335508e+00 -8.858976e-19 1.821643e-01 4.576928e-02 -1.465866e-19 1.568834e+00 3.165036e+00 -5.494386e-19 1.136732e+00 1.247024e-01 -1.898724e-19 3.061152e+00 3.514634e+00 -6.027877e-19 1.821643e-01 4.576928e-02 -1.465866e-19 1.631567e+00 3.379509e+00 -1.278738e-19 1.247421e+00 8.935583e-02 -3.283272e-19 3.156970e+00 3.622135e+00 -2.986307e-19 1.821643e-01 4.576928e-02 -1.465866e-19 1.672474e+00 3.504497e+00 2.366221e-19 1.302331e+00 7.186875e-02 -3.886661e-19 3.234952e+00 3.695137e+00 -1.003604e-19 1.821643e-01 4.576928e-02 -1.465866e-19 1.701791e+00 3.591308e+00 5.125973e-19 1.350996e+00 5.805992e-02 -4.663711e-19 3.290940e+00 3.737953e+00 3.388236e-20 1.821643e-01 4.576928e-02 -1.465866e-19 1.716317e+00 3.643039e+00 6.700887e-19 1.392459e+00 4.914518e-02 -4.896197e-19 3.333403e+00 3.741496e+00 2.293878e-20 1.821643e-01 4.576928e-02 -1.465866e-19 1.743928e+00 3.646244e+00 6.682262e-19 1.407310e+00 4.948251e-02 -4.987008e-19
38             5.400052e-01 2.289044e-01 -2.599721e-19 1.818187e-01 4.503499e-02 -1.523122e-19 2.617559e-01 1.441057e-01 -7.399190e-19 9.643065e-02 3.976363e-02 6.322592e-19 5.835958e-01 4.657467e-01 -1.669047e-19 1.818187e-01 4.503499e-02 -1.523122e-19 2.742376e-01 3.786586e-01 -5.707606e-19 1.275395e-01 4.205308e-02 5.561680e-19 3.749009e-01 4.593069e-01 -3.235955e-19 1.818187e-01 4.503499e-02 -1.523122e-19 3.754915e-02 3.853692e-01 -8.755532e-19 1.555331e-01 2.890276e-02 7.042699e-19 3.811936e-01 6.520825e-01 -7.760787e-20 1.818187e-01 4.503499e-02 -1.523122e-19 1.863929e-02 5.780332e-01 -6.985093e-19 1.807356e-01 2.901425e-02 7.732136e-19 1.005746e+00 9.273813e-01 3.963723e-19 1.818187e-01 4.503499e-02 -1.523122e-19 6.043416e-01 8.761160e-01 -4.627519e-19 2.195862e-01 6.230347e-03 1.011436e-18 1.574720e+00 1.199521e+00 -5.615935e-19 1.818187e-01 4.503499e-02 -1.523122e-19 1.137977e+00 1.176928e+00 -2.883718e-19 2.549239e-01 -2.244214e-02 -1.209096e-19 1.839014e+00 1.390031e+00 -5.810923e-19 1.818187e-01 4.503499e-02 -1.523122e-19 1.365227e+00 1.364974e+00 -2.318737e-19 2.919680e-01 -1.997806e-02 -1.969064e-19 2.007617e+00 1.622225e+00 -8.247954e-19 1.818187e-01 4.503499e-02 -1.523122e-19 1.475305e+00 1.573705e+00 -4.791398e-19 3.504928e-01 3.484730e-03 -1.933433e-19 2.193652e+00 1.961453e+00 -9.922946e-19 1.818187e-01 4.503499e-02 -1.523122e-19 1.571629e+00 1.875023e+00 -7.016850e-19 4.402044e-01 4.139500e-02 -1.382974e-19 2.381794e+00 2.205343e+00 -8.737536e-19 1.818187e-01 4.503499e-02 -1.523122e-19 1.653190e+00 2.058689e+00 -5.251269e-19 5.467847e-01 1.016184e-01 -1.963145e-19 2.550578e+00 2.491228e+00 -8.689047e-19 1.818187e-01 4.503499e-02 -1.523122e-19 1.675686e+00 2.321987e+00 -5.251269e-19 6.930734e-01 1.242064e-01 -1.914656e-19 2.659195e+00 2.739386e+00 -8.737149e-19 1.818187e-01 4.503499e-02 -1.523122e-19 1.675686e+00 2.570144e+00 -5.251269e-19 8.016899e-01 1.242064e-01 -1.962758e-19 2.764041e+00 2.957133e+00 -8.737200e-19 1.818187e-01 4.503499e-02 -1.523122e-19 1.675686e+00 2.787892e+00 -5.251269e-19 9.065355e-01 1.242064e-01 -1.962809e-19 2.869170e+00 3.149202e+00 -8.737200e-19 1.818187e-01 4.503499e-02 -1.523122e-19 1.675686e+00 2.979961e+00 -5.251269e-19 1.011665e+00 1.242064e-01 -1.962809e-19 2.979021e+00 3.312034e+00 -8.737213e-19 1.818187e-01 4.503499e-02 -1.523122e-19 1.675686e+00 3.142793e+00 -5.251269e-19 1.121516e+00 1.242064e-01 -1.962822e-19 3.146721e+00 3.493570e+00 -6.140044e-19 1.818187e-01 4.503499e-02 -1.523122e-19 1.734285e+00 3.359333e+00 -1.348261e-19 1.230618e+00 8.920177e-02 -3.268661e-19 3.238229e+00 3.603013e+00 -3.346552e-19 1.818187e-01 4.503499e-02 -1.523122e-19 1.771950e+00 3.486008e+00 2.008530e-19 1.284460e+00 7.196990e-02 -3.831960e-19 3.312254e+00 3.677905e+00 -1.547015e-19 1.818187e-01 4.503499e-02 -1.523122e-19 1.798457e+00 3.574367e+00 4.512341e-19 1.331978e+00 5.850318e-02 -4.536235e-19 3.364916e+00 3.722573e+00 -3.958970e-20 1.818187e-01 4.503499e-02 -1.523122e-19 1.810786e+00 3.627602e+00 5.849023e-19 1.372312e+00 4.993666e-02 -4.721798e-19 3.393521e+00 3.727946e+00 -3.720105e-20 1.818187e-01 4.503499e-02 -1.523122e-19 1.824902e+00 3.632036e+00 5.921577e-19 1.386800e+00 5.087499e-02 -4.770465e-19
39             5.423987e-01 2.277826e-01 -2.631433e-19 1.814759e-01 4.437152e-02 -1.530634e-19 2.664928e-01 1.440454e-01 -7.490934e-19 9.443000e-02 3.936563e-02 6.390135e-19 5.853866e-01 4.657631e-01 -1.661373e-19 1.814759e-01 4.437152e-02 -1.530634e-19 2.792067e-01 3.797477e-01 -5.767880e-19 1.247041e-01 4.164387e-02 5.637140e-19 3.749940e-01 4.597112e-01 -3.224673e-19 1.814759e-01 4.437152e-02 -1.530634e-19 4.146160e-02 3.866095e-01 -8.816634e-19 1.520565e-01 2.873018e-02 7.122594e-19 3.811663e-01 6.526583e-01 -7.367214e-20 1.814759e-01 4.437152e-02 -1.530634e-19 2.256845e-02 5.794219e-01 -7.026185e-19 1.771220e-01 2.886479e-02 7.820097e-19 1.008314e+00 9.284124e-01 4.040017e-19 1.814759e-01 4.437152e-02 -1.530634e-19 6.111265e-01 8.777280e-01 -4.640104e-19 2.157113e-01 6.312900e-03 1.021075e-18 1.579787e+00 1.201089e+00 -5.585745e-19 1.814759e-01 4.437152e-02 -1.530634e-19 1.147485e+00 1.178899e+00 -2.871132e-19 2.508255e-01 -2.218151e-02 -1.183979e-19 1.845470e+00 1.390924e+00 -5.775225e-19 1.814759e-01 4.437152e-02 -1.530634e-19 1.376700e+00 1.366255e+00 -2.294057e-19 2.872945e-01 -1.970172e-02 -1.950534e-19 2.015363e+00 1.622252e+00 -8.255008e-19 1.814759e-01 4.437152e-02 -1.530634e-19 1.488885e+00 1.574284e+00 -4.809427e-19 3.450024e-01 3.597292e-03 -1.914948e-19 2.202701e+00 1.960766e+00 -9.968454e-19 1.814759e-01 4.437152e-02 -1.530634e-19 1.587677e+00 1.875124e+00 -7.085263e-19 4.335477e-01 4.127022e-02 -1.352557e-19 2.392585e+00 2.203018e+00 -8.739055e-19 1.814759e-01 4.437152e-02 -1.530634e-19 1.671974e+00 2.057433e+00 -5.260595e-19 5.391347e-01 1.012137e-01 -1.947826e-19 2.560841e+00 2.487205e+00 -8.697638e-19 1.814759e-01 4.437152e-02 -1.530634e-19 1.694976e+00 2.319118e+00 -5.260595e-19 6.843893e-01 1.237151e-01 -1.906409e-19 2.668413e+00 2.733753e+00 -8.738650e-19 1.814759e-01 4.437152e-02 -1.530634e-19 1.694976e+00 2.565667e+00 -5.260595e-19 7.919613e-01 1.237151e-01 -1.947421e-19 2.772122e+00 2.950183e+00 -8.738692e-19 1.814759e-01 4.437152e-02 -1.530634e-19 1.694976e+00 2.782097e+00 -5.260595e-19 8.956703e-01 1.237151e-01 -1.947463e-19 2.876156e+00 3.141695e+00 -8.738692e-19 1.814759e-01 4.437152e-02 -1.530634e-19 1.694976e+00 2.973608e+00 -5.260595e-19 9.997043e-01 1.237151e-01 -1.947463e-19 2.984945e+00 3.304602e+00 -8.738704e-19 1.814759e-01 4.437152e-02 -1.530634e-19 1.694976e+00 3.136515e+00 -5.260595e-19 1.108493e+00 1.237151e-01 -1.947476e-19 3.150720e+00 3.488206e+00 -6.172426e-19 1.814759e-01 4.437152e-02 -1.530634e-19 1.752947e+00 3.354870e+00 -1.394686e-19 1.216297e+00 8.896372e-02 -3.247106e-19 3.240959e+00 3.599561e+00 -3.405162e-19 1.814759e-01 4.437152e-02 -1.530634e-19 1.790264e+00 3.483234e+00 1.932299e-19 1.269219e+00 7.195550e-02 -3.806828e-19 3.312858e+00 3.675633e+00 -1.667472e-19 1.814759e-01 4.437152e-02 -1.530634e-19 1.815694e+00 3.572426e+00 4.345183e-19 1.315688e+00 5.883533e-02 -4.482021e-19 3.363247e+00 3.721126e+00 -6.308301e-20 1.814759e-01 4.437152e-02 -1.530634e-19 1.826732e+00 3.626181e+00 5.542005e-19 1.355039e+00 5.057437e-02 -4.642202e-19 3.383496e+00 3.728045e+00 -5.204433e-20 1.814759e-01 4.437152e-02 -1.530634e-19 1.832803e+00 3.631504e+00 5.675648e-19 1.369217e+00 5.217034e-02 -4.665457e-19
40             5.412280e-01 2.265542e-01 -2.638464e-19 1.811358e-01 4.377936e-02 -1.528601e-19 2.675054e-01 1.437626e-01 -7.508530e-19 9.258675e-02 3.901229e-02 6.398667e-19 5.834396e-01 4.643469e-01 -1.659006e-19 1.811358e-01 4.377936e-02 -1.528601e-19 2.802647e-01 3.792884e-01 -5.779320e-19 1.220390e-01 4.127914e-02 5.648914e-19 3.725670e-01 4.584353e-01 -3.217191e-19 1.811358e-01 4.377936e-02 -1.528601e-19 4.269449e-02 3.860721e-01 -8.820383e-19 1.487367e-01 2.858381e-02 7.131792e-19 3.786462e-01 6.506361e-01 -7.173577e-20 1.811358e-01 4.377936e-02 -1.528601e-19 2.388626e-02 5.781209e-01 -7.021892e-19 1.736241e-01 2.873591e-02 7.833135e-19 1.005185e+00 9.252258e-01 4.071321e-19 1.811358e-01 4.377936e-02 -1.528601e-19 6.121418e-01 8.750338e-01 -4.619894e-19 2.119070e-01 6.412634e-03 1.021982e-18 1.576166e+00 1.196752e+00 -5.547471e-19 1.811358e-01 4.377936e-02 -1.528601e-19 1.148250e+00 1.174886e+00 -2.835463e-19 2.467808e-01 -2.191271e-02 -1.183408e-19 1.841926e+00 1.384990e+00 -5.731822e-19 1.811358e-01 4.377936e-02 -1.528601e-19 1.378110e+00 1.360646e+00 -2.250992e-19 2.826801e-01 -1.943539e-02 -1.952230e-19 2.012284e+00 1.614552e+00 -8.236874e-19 1.811358e-01 4.377936e-02 -1.528601e-19 1.491562e+00 1.567085e+00 -4.791509e-19 3.395867e-01 3.687569e-03 -1.916765e-19 2.200016e+00 1.951090e+00 -9.973976e-19 1.811358e-01 4.377936e-02 -1.528601e-19 1.591886e+00 1.866203e+00 -7.098432e-19 4.269933e-01 4.110804e-02 -1.346944e-19 2.390585e+00 2.191324e+00 -8.717848e-19 1.811358e-01 4.377936e-02 -1.528601e-19 1.677842e+00 2.046785e+00 -5.238043e-19 5.316072e-01 1.007594e-01 -1.951205e-19 2.558117e+00 2.473693e+00 -8.680490e-19 1.811358e-01 4.377936e-02 -1.528601e-19 1.701124e+00 2.306739e+00 -5.238043e-19 6.758566e-01 1.231753e-01 -1.913846e-19 2.664717e+00 2.718972e+00 -8.717438e-19 1.811358e-01 4.377936e-02 -1.528601e-19 1.701124e+00 2.552018e+00 -5.238043e-19 7.824570e-01 1.231753e-01 -1.950794e-19 2.767435e+00 2.935073e+00 -8.717476e-19 1.811358e-01 4.377936e-02 -1.528601e-19 1.701124e+00 2.768118e+00 -5.238043e-19 8.851750e-01 1.231753e-01 -1.950832e-19 2.870454e+00 3.126857e+00 -8.717476e-19 1.811358e-01 4.377936e-02 -1.528601e-19 1.701124e+00 2.959903e+00 -5.238043e-19 9.881933e-01 1.231753e-01 -1.950832e-19 2.978204e+00 3.290053e+00 -8.717489e-19 1.811358e-01 4.377936e-02 -1.528601e-19 1.701124e+00 3.123099e+00 -5.238043e-19 1.095944e+00 1.231753e-01 -1.950845e-19 3.142196e+00 3.474564e+00 -6.174811e-19 1.811358e-01 4.377936e-02 -1.528601e-19 1.758561e+00 3.342103e+00 -1.409228e-19 1.202498e+00 8.868199e-02 -3.236982e-19 3.230616e+00 3.586306e+00 -3.462125e-19 1.811358e-01 4.377936e-02 -1.528601e-19 1.795013e+00 3.470571e+00 1.845071e-19 1.254467e+00 7.195613e-02 -3.778595e-19 3.299703e+00 3.661926e+00 -1.830778e-19 1.811358e-01 4.377936e-02 -1.528601e-19 1.818696e+00 3.558922e+00 4.103366e-19 1.299872e+00 5.922466e-02 -4.405543e-19 3.347689e+00 3.707196e+00 -9.286072e-20 1.811358e-01 4.377936e-02 -1.528601e-19 1.828240e+00 3.612181e+00 5.138178e-19 1.338313e+00 5.123526e-02 -4.538185e-19 3.361195e+00 3.715091e+00 -7.592634e-20 1.811358e-01 4.377936e-02 -1.528601e-19 1.827838e+00 3.617868e+00 5.309254e-19 1.352221e+00 5.344373e-02 -4.539917e-19
41             5.391963e-01 2.248801e-01 -2.635268e-19 1.807982e-01 4.323372e-02 -1.523904e-19 2.675677e-01 1.429693e-01 -7.494322e-19 9.083046e-02 3.867700e-02 6.382957e-19 5.806260e-01 4.614902e-01 -1.640531e-19 1.807982e-01 4.323372e-02 -1.523904e-19 2.804018e-01 3.773300e-01 -5.754966e-19 1.194259e-01 4.092647e-02 5.638338e-19 3.697502e-01 4.546413e-01 -3.182592e-19 1.807982e-01 4.323372e-02 -1.523904e-19 4.353859e-02 3.829785e-01 -8.772444e-19 1.454133e-01 2.842903e-02 7.113756e-19 3.758048e-01 6.450378e-01 -6.599999e-20 1.807982e-01 4.323372e-02 -1.523904e-19 2.492362e-02 5.732112e-01 -6.957794e-19 1.700829e-01 2.859284e-02 7.821698e-19 1.000742e+00 9.170584e-01 4.140771e-19 1.807982e-01 4.323372e-02 -1.523904e-19 6.119089e-01 8.673281e-01 -4.531182e-19 2.080353e-01 6.496549e-03 1.019586e-18 1.570307e+00 1.186434e+00 -5.453165e-19 1.807982e-01 4.323372e-02 -1.523904e-19 1.146840e+00 1.164853e+00 -2.727597e-19 2.426694e-01 -2.165317e-02 -1.201665e-19 1.835995e+00 1.372426e+00 -5.632474e-19 1.807982e-01 4.323372e-02 -1.523904e-19 1.377164e+00 1.348365e+00 -2.136675e-19 2.780324e-01 -1.917291e-02 -1.971896e-19 2.006743e+00 1.599718e+00 -8.161481e-19 1.807982e-01 4.323372e-02 -1.523904e-19 1.491769e+00 1.552705e+00 -4.701064e-19 3.341755e-01 3.779043e-03 -1.936513e-19 2.194641e+00 1.933756e+00 -9.918625e-19 1.807982e-01 4.323372e-02 -1.523904e-19 1.593343e+00 1.849566e+00 -7.034612e-19 4.204994e-01 4.095596e-02 -1.360110e-19 2.385441e+00 2.171939e+00 -8.644067e-19 1.807982e-01 4.323372e-02 -1.523904e-19 1.680452e+00 2.028376e+00 -5.149501e-19 5.241915e-01 1.003297e-01 -1.970662e-19 2.552180e+00 2.452720e+00 -8.608755e-19 1.807982e-01 4.323372e-02 -1.523904e-19 1.703891e+00 2.286822e+00 -5.149501e-19 6.674910e-01 1.226643e-01 -1.935350e-19 2.657922e+00 2.697257e+00 -8.643660e-19 1.807982e-01 4.323372e-02 -1.523904e-19 1.703891e+00 2.531359e+00 -5.149501e-19 7.732327e-01 1.226643e-01 -1.970255e-19 2.759753e+00 2.913452e+00 -8.643698e-19 1.807982e-01 4.323372e-02 -1.523904e-19 1.703891e+00 2.747554e+00 -5.149501e-19 8.750638e-01 1.226643e-01 -1.970293e-19 2.861780e+00 3.105398e+00 -8.643698e-19 1.807982e-01 4.323372e-02 -1.523904e-19 1.703891e+00 2.939500e+00 -5.149501e-19 9.770910e-01 1.226643e-01 -1.970293e-19 2.968482e+00 3.268531e+00 -8.643710e-19 1.807982e-01 4.323372e-02 -1.523904e-19 1.703891e+00 3.102633e+00 -5.149501e-19 1.083792e+00 1.226643e-01 -1.970305e-19 3.130536e+00 3.452991e+00 -6.132688e-19 1.807982e-01 4.323372e-02 -1.523904e-19 1.760641e+00 3.321296e+00 -1.372756e-19 1.189098e+00 8.846151e-02 -3.236028e-19 3.216945e+00 3.564331e+00 -3.488237e-19 1.807982e-01 4.323372e-02 -1.523904e-19 1.796047e+00 3.449038e+00 1.792371e-19 1.240100e+00 7.205973e-02 -3.756704e-19 3.283566e+00 3.639224e+00 -1.950752e-19 1.807982e-01 4.323372e-02 -1.523904e-19 1.818283e+00 3.536279e+00 3.918618e-19 1.284485e+00 5.971121e-02 -4.345467e-19 3.329752e+00 3.684190e+00 -1.138578e-19 1.807982e-01 4.323372e-02 -1.523904e-19 1.826856e+00 3.589002e+00 4.848108e-19 1.322098e+00 5.195448e-02 -4.462783e-19 3.339019e+00 3.692692e+00 -9.345904e-20 1.807982e-01 4.323372e-02 -1.523904e-19 1.822446e+00 3.594782e+00 5.040095e-19 1.335774e+00 5.467709e-02 -4.450782e-19
42             5.369868e-01 2.227138e-01 -2.624523e-19 1.804630e-01 4.270522e-02 -1.517742e-19 2.673994e-01 1.416754e-01 -7.464177e-19 8.912444e-02 3.833317e-02 6.357396e-19 5.776614e-01 4.574293e-01 -1.606199e-19 1.804630e-01 4.270522e-02 -1.517742e-19 2.803454e-01 3.741654e-01 -5.709657e-19 1.168529e-01 4.055868e-02 5.621201e-19 3.671395e-01 4.489834e-01 -3.124096e-19 1.804630e-01 4.270522e-02 -1.517742e-19 4.456809e-02 3.780355e-01 -8.692669e-19 1.421085e-01 2.824263e-02 7.086315e-19 3.732161e-01 6.369817e-01 -5.749356e-20 1.804630e-01 4.270522e-02 -1.517742e-19 2.620316e-02 5.658613e-01 -6.858954e-19 1.665499e-01 2.841523e-02 7.801761e-19 9.957880e-01 9.056928e-01 4.235069e-19 1.804630e-01 4.270522e-02 -1.517742e-19 6.111421e-01 8.564473e-01 -4.406153e-19 2.041830e-01 6.540246e-03 1.015896e-18 1.563180e+00 1.172303e+00 -5.318993e-19 1.804630e-01 4.270522e-02 -1.517742e-19 1.144128e+00 1.151020e+00 -2.583246e-19 2.385886e-01 -2.142142e-02 -1.218005e-19 1.828691e+00 1.355524e+00 -5.492386e-19 1.804630e-01 4.270522e-02 -1.517742e-19 1.374764e+00 1.331742e+00 -1.986044e-19 2.734643e-01 -1.892379e-02 -1.988601e-19 1.999861e+00 1.580008e+00 -8.045303e-19 1.804630e-01 4.270522e-02 -1.517742e-19 1.490498e+00 1.533428e+00 -4.574351e-19 3.289004e-01 3.874481e-03 -1.953210e-19 2.187899e+00 1.910924e+00 -9.821245e-19 1.804630e-01 4.270522e-02 -1.517742e-19 1.593218e+00 1.827387e+00 -6.933053e-19 4.142183e-01 4.083173e-02 -1.370450e-19 2.378807e+00 2.146750e+00 -8.531526e-19 1.804630e-01 4.270522e-02 -1.517742e-19 1.681285e+00 2.004089e+00 -5.027457e-19 5.170586e-01 9.995649e-02 -1.986327e-19 2.544779e+00 2.425760e+00 -8.497400e-19 1.804630e-01 4.270522e-02 -1.517742e-19 1.704834e+00 2.260838e+00 -5.027457e-19 6.594824e-01 1.222167e-01 -1.952201e-19 2.649759e+00 2.669394e+00 -8.531123e-19 1.804630e-01 4.270522e-02 -1.517742e-19 1.704834e+00 2.504472e+00 -5.027457e-19 7.644618e-01 1.222167e-01 -1.985925e-19 2.750741e+00 2.885069e+00 -8.531162e-19 1.804630e-01 4.270522e-02 -1.517742e-19 1.704834e+00 2.720147e+00 -5.027457e-19 8.654447e-01 1.222167e-01 -1.985964e-19 2.851792e+00 3.076232e+00 -8.531162e-19 1.804630e-01 4.270522e-02 -1.517742e-19 1.704834e+00 2.911310e+00 -5.027457e-19 9.664951e-01 1.222167e-01 -1.985964e-19 2.957469e+00 3.238576e+00 -8.531174e-19 1.804630e-01 4.270522e-02 -1.517742e-19 1.704834e+00 3.073654e+00 -5.027457e-19 1.072172e+00 1.222167e-01 -1.985976e-19 3.117633e+00 3.422345e+00 -6.052151e-19 1.804630e-01 4.270522e-02 -1.517742e-19 1.760915e+00 3.291320e+00 -1.300079e-19 1.176255e+00 8.832028e-02 -3.234330e-19 3.202410e+00 3.533190e+00 -3.457764e-19 1.804630e-01 4.270522e-02 -1.517742e-19 1.795616e+00 3.418244e+00 1.803531e-19 1.226332e+00 7.224147e-02 -3.743552e-19 3.267547e+00 3.607881e+00 -1.962473e-19 1.804630e-01 4.270522e-02 -1.517742e-19 1.817296e+00 3.504942e+00 3.876118e-19 1.269787e+00 6.023463e-02 -4.320849e-19 3.312784e+00 3.652918e+00 -1.171474e-19 1.804630e-01 4.270522e-02 -1.517742e-19 1.825680e+00 3.557523e+00 4.785055e-19 1.306641e+00 5.268996e-02 -4.438787e-19 3.320601e+00 3.661936e+00 -9.519074e-20 1.804630e-01 4.270522e-02 -1.517742e-19 1.820033e+00 3.563382e+00 4.987877e-19 1.320105e+00 5.584859e-02 -4.422042e-19
43             5.228040e-01 2.191180e-01 -2.509183e-19 1.801302e-01 4.216429e-02 -1.475023e-19 2.551602e-01 1.389967e-01 -7.186054e-19 8.751366e-02 3.795701e-02 6.151894e-19 5.619890e-01 4.482038e-01 -1.586578e-19 1.801302e-01 4.216429e-02 -1.475023e-19 2.674047e-01 3.658857e-01 -5.526618e-19 1.144542e-01 4.015382e-02 5.415063e-19 3.566722e-01 4.412239e-01 -3.096648e-19 1.801302e-01 4.216429e-02 -1.475023e-19 3.752013e-02 3.710515e-01 -8.475482e-19 1.390219e-01 2.800807e-02 6.853857e-19 3.625972e-01 6.270260e-01 -6.764445e-20 1.801302e-01 4.216429e-02 -1.475023e-19 1.922365e-02 5.566734e-01 -6.735221e-19 1.632434e-01 2.818828e-02 7.533799e-19 9.684865e-01 8.917653e-01 3.963787e-19 1.801302e-01 4.216429e-02 -1.475023e-19 5.877876e-01 8.430752e-01 -4.405715e-19 2.005686e-01 6.525806e-03 9.844525e-19 1.519747e+00 1.152432e+00 -5.310210e-19 1.801302e-01 4.216429e-02 -1.475023e-19 1.104883e+00 1.131497e+00 -2.673558e-19 2.347336e-01 -2.122973e-02 -1.161630e-19 1.776364e+00 1.332601e+00 -5.482622e-19 1.801302e-01 4.216429e-02 -1.475023e-19 1.327105e+00 1.309148e+00 -2.104218e-19 2.691293e-01 -1.871135e-02 -1.903382e-19 1.941618e+00 1.552648e+00 -7.920080e-19 1.801302e-01 4.216429e-02 -1.475023e-19 1.437613e+00 1.506543e+00 -4.577080e-19 3.238741e-01 3.940874e-03 -1.867977e-19 2.123670e+00 1.876027e+00 -9.611621e-19 1.801302e-01 4.216429e-02 -1.475023e-19 1.535337e+00 1.793174e+00 -6.825652e-19 4.082035e-01 4.068893e-02 -1.310946e-19 2.308856e+00 2.108115e+00 -8.400491e-19 1.801302e-01 4.216429e-02 -1.475023e-19 1.618523e+00 1.966378e+00 -5.026056e-19 5.102026e-01 9.957313e-02 -1.899412e-19 2.472951e+00 2.384244e+00 -8.354285e-19 1.801302e-01 4.216429e-02 -1.475023e-19 1.641061e+00 2.220319e+00 -5.026056e-19 6.517602e-01 1.217612e-01 -1.853206e-19 2.577159e+00 2.625707e+00 -8.400122e-19 1.801302e-01 4.216429e-02 -1.475023e-19 1.641061e+00 2.461782e+00 -5.026056e-19 7.559676e-01 1.217612e-01 -1.899043e-19 2.677234e+00 2.839151e+00 -8.400176e-19 1.801302e-01 4.216429e-02 -1.475023e-19 1.641061e+00 2.675226e+00 -5.026056e-19 8.560433e-01 1.217612e-01 -1.899098e-19 2.777284e+00 3.027830e+00 -8.400176e-19 1.801302e-01 4.216429e-02 -1.475023e-19 1.641061e+00 2.863904e+00 -5.026056e-19 9.560933e-01 1.217612e-01 -1.899098e-19 2.881950e+00 3.188039e+00 -8.400188e-19 1.801302e-01 4.216429e-02 -1.475023e-19 1.641061e+00 3.024114e+00 -5.026056e-19 1.060759e+00 1.217612e-01 -1.899110e-19 3.043263e+00 3.368094e+00 -5.778405e-19 1.801302e-01 4.216429e-02 -1.475023e-19 1.699514e+00 3.237756e+00 -1.101844e-19 1.163618e+00 8.817330e-02 -3.201538e-19 3.130301e+00 3.477830e+00 -2.959254e-19 1.801302e-01 4.216429e-02 -1.475023e-19 1.737371e+00 3.363273e+00 2.274504e-19 1.212800e+00 7.239228e-02 -3.758734e-19 3.198671e+00 3.553099e+00 -1.199795e-19 1.801302e-01 4.216429e-02 -1.475023e-19 1.763164e+00 3.450248e+00 4.716833e-19 1.255377e+00 6.068739e-02 -4.441605e-19 3.246576e+00 3.598211e+00 -1.081773e-20 1.801302e-01 4.216429e-02 -1.475023e-19 1.774975e+00 3.502686e+00 5.997370e-19 1.291471e+00 5.336110e-02 -4.630524e-19 3.270847e+00 3.607784e+00 6.457347e-22 1.801302e-01 4.216429e-02 -1.475023e-19 1.786004e+00 3.508704e+00 6.145082e-19 1.304712e+00 5.691572e-02 -4.663601e-19
44             5.207030e-01 2.168023e-01 -2.496112e-19 1.797996e-01 4.164639e-02 -1.469251e-19 2.549275e-01 1.375930e-01 -7.160135e-19 8.597595e-02 3.756300e-02 6.133274e-19 5.591795e-01 4.443856e-01 -1.564851e-19 1.797996e-01 4.164639e-02 -1.469251e-19 2.671899e-01 3.630075e-01 -5.498271e-19 1.121900e-01 3.973175e-02 5.402670e-19 3.539201e-01 4.374005e-01 -3.069000e-19 1.797996e-01 4.164639e-02 -1.469251e-19 3.798765e-02 3.680054e-01 -8.436989e-19 1.361328e-01 2.774878e-02 6.837240e-19 3.596842e-01 6.228720e-01 -6.615719e-20 1.797996e-01 4.164639e-02 -1.469251e-19 1.973011e-02 5.532875e-01 -6.705533e-19 1.601544e-01 2.793817e-02 7.513212e-19 9.635023e-01 8.875212e-01 3.957576e-19 1.797996e-01 4.164639e-02 -1.469251e-19 5.865087e-01 8.393916e-01 -4.391664e-19 1.971940e-01 6.483259e-03 9.818491e-19 1.512875e+00 1.147985e+00 -5.288005e-19 1.797996e-01 4.164639e-02 -1.469251e-19 1.101959e+00 1.127404e+00 -2.672041e-19 2.311169e-01 -2.106495e-02 -1.146714e-19 1.767891e+00 1.328074e+00 -5.460742e-19 1.797996e-01 4.164639e-02 -1.469251e-19 1.323038e+00 1.304959e+00 -2.106174e-19 2.650536e-01 -1.853130e-02 -1.885317e-19 1.931788e+00 1.547576e+00 -7.882299e-19 1.797996e-01 4.164639e-02 -1.469251e-19 1.432851e+00 1.501953e+00 -4.562955e-19 3.191378e-01 3.977418e-03 -1.850093e-19 2.112308e+00 1.869825e+00 -9.563517e-19 1.797996e-01 4.164639e-02 -1.469251e-19 1.529995e+00 1.787661e+00 -6.798027e-19 4.025141e-01 4.051676e-02 -1.296239e-19 2.296144e+00 2.101129e+00 -8.360586e-19 1.797996e-01 4.164639e-02 -1.469251e-19 1.612657e+00 1.960329e+00 -5.009927e-19 5.036876e-01 9.915279e-02 -1.881408e-19 2.459241e+00 2.376512e+00 -8.313444e-19 1.797996e-01 4.164639e-02 -1.469251e-19 1.635055e+00 2.213599e+00 -5.009927e-19 6.443857e-01 1.212666e-01 -1.834266e-19 2.562652e+00 2.617294e+00 -8.360221e-19 1.797996e-01 4.164639e-02 -1.469251e-19 1.635055e+00 2.454381e+00 -5.009927e-19 7.477972e-01 1.212666e-01 -1.881043e-19 2.661801e+00 2.829713e+00 -8.360276e-19 1.797996e-01 4.164639e-02 -1.469251e-19 1.635055e+00 2.666800e+00 -5.009927e-19 8.469461e-01 1.212666e-01 -1.881098e-19 2.760889e+00 3.017290e+00 -8.360276e-19 1.797996e-01 4.164639e-02 -1.469251e-19 1.635055e+00 2.854377e+00 -5.009927e-19 9.460337e-01 1.212666e-01 -1.881098e-19 2.864610e+00 3.176848e+00 -8.360288e-19 1.797996e-01 4.164639e-02 -1.469251e-19 1.635055e+00 3.013935e+00 -5.009927e-19 1.049755e+00 1.212666e-01 -1.881110e-19 3.025197e+00 3.356639e+00 -5.708275e-19 1.797996e-01 4.164639e-02 -1.469251e-19 1.693937e+00 3.227031e+00 -1.041863e-19 1.151460e+00 8.796170e-02 -3.197161e-19 3.112553e+00 3.467127e+00 -2.811828e-19 1.797996e-01 4.164639e-02 -1.469251e-19 1.732942e+00 3.353039e+00 2.431903e-19 1.199811e+00 7.244207e-02 -3.774480e-19 3.181815e+00 3.543922e+00 -9.421237e-20 1.797996e-01 4.164639e-02 -1.469251e-19 1.760463e+00 3.441257e+00 5.030281e-19 1.241553e+00 6.101925e-02 -4.503154e-19 3.230269e+00 3.589959e+00 2.643034e-20 1.797996e-01 4.164639e-02 -1.469251e-19 1.773581e+00 3.494383e+00 6.452580e-19 1.276888e+00 5.392980e-02 -4.719025e-19 3.258600e+00 3.600408e+00 3.678355e-20 1.797996e-01 4.164639e-02 -1.469251e-19 1.788916e+00 3.500866e+00 6.602229e-19 1.289885e+00 5.789483e-02 -4.765143e-19
45             5.193452e-01 2.150955e-01 -2.492433e-19 1.794711e-01 4.117268e-02 -1.466217e-19 2.553810e-01 1.367332e-01 -7.155506e-19 8.449312e-02 3.718953e-02 6.129290e-19 5.571201e-01 4.422566e-01 -1.554680e-19 1.794711e-01 4.117268e-02 -1.466217e-19 2.676601e-01 3.617479e-01 -5.491372e-19 1.099889e-01 3.933603e-02 5.402909e-19 3.514699e-01 4.361193e-01 -3.059766e-19 1.794711e-01 4.117268e-02 -1.466217e-19 3.863150e-02 3.674363e-01 -8.431072e-19 1.333674e-01 2.751036e-02 6.837522e-19 3.570283e-01 6.220433e-01 -6.688356e-20 1.794711e-01 4.117268e-02 -1.466217e-19 2.033405e-02 5.531586e-01 -6.711144e-19 1.572232e-01 2.771208e-02 7.508525e-19 9.598542e-01 8.876689e-01 3.932387e-19 1.794711e-01 4.117268e-02 -1.466217e-19 5.863695e-01 8.400322e-01 -4.416137e-19 1.940136e-01 6.463989e-03 9.814742e-19 1.508397e+00 1.148872e+00 -5.304281e-19 1.794711e-01 4.117268e-02 -1.466217e-19 1.101210e+00 1.128589e+00 -2.710791e-19 2.277156e-01 -2.088962e-02 -1.127273e-19 1.762073e+00 1.329707e+00 -5.478473e-19 1.794711e-01 4.117268e-02 -1.466217e-19 1.321358e+00 1.306880e+00 -2.148614e-19 2.612439e-01 -1.834549e-02 -1.863643e-19 1.924646e+00 1.549515e+00 -7.883010e-19 1.794711e-01 4.117268e-02 -1.466217e-19 1.430441e+00 1.504315e+00 -4.588240e-19 3.147339e-01 4.027385e-03 -1.828554e-19 2.103737e+00 1.871641e+00 -9.553765e-19 1.794711e-01 4.117268e-02 -1.466217e-19 1.527021e+00 1.790107e+00 -6.809628e-19 3.972446e-01 4.036150e-02 -1.277919e-19 2.286367e+00 2.102765e+00 -8.357652e-19 1.794711e-01 4.117268e-02 -1.466217e-19 1.609245e+00 1.962848e+00 -5.031130e-19 4.976507e-01 9.874434e-02 -1.860305e-19 2.448544e+00 2.377829e+00 -8.310147e-19 1.794711e-01 4.117268e-02 -1.466217e-19 1.631533e+00 2.215875e+00 -5.031130e-19 6.375406e-01 1.207820e-01 -1.812800e-19 2.551202e+00 2.618244e+00 -8.357289e-19 1.794711e-01 4.117268e-02 -1.466217e-19 1.631533e+00 2.456289e+00 -5.031130e-19 7.401980e-01 1.207820e-01 -1.859942e-19 2.649514e+00 2.830168e+00 -8.357344e-19 1.794711e-01 4.117268e-02 -1.466217e-19 1.631533e+00 2.668213e+00 -5.031130e-19 8.385098e-01 1.207820e-01 -1.859997e-19 2.747763e+00 3.017402e+00 -8.357344e-19 1.794711e-01 4.117268e-02 -1.466217e-19 1.631533e+00 2.855447e+00 -5.031130e-19 9.367594e-01 1.207820e-01 -1.859997e-19 2.850666e+00 3.176937e+00 -8.357356e-19 1.794711e-01 4.117268e-02 -1.466217e-19 1.631533e+00 3.014983e+00 -5.031130e-19 1.039662e+00 1.207820e-01 -1.860009e-19 3.010754e+00 3.357039e+00 -5.672471e-19 1.794711e-01 4.117268e-02 -1.466217e-19 1.690921e+00 3.228146e+00 -1.014267e-19 1.140361e+00 8.771968e-02 -3.191987e-19 3.098444e+00 3.468471e+00 -2.703043e-19 1.794711e-01 4.117268e-02 -1.466217e-19 1.730994e+00 3.354869e+00 2.550719e-19 1.187979e+00 7.242888e-02 -3.787544e-19 3.168322e+00 3.546664e+00 -7.413369e-20 1.794711e-01 4.117268e-02 -1.466217e-19 1.759905e+00 3.444208e+00 5.276133e-19 1.228946e+00 6.128275e-02 -4.551253e-19 3.217058e+00 3.593536e+00 5.531108e-20 1.794711e-01 4.117268e-02 -1.466217e-19 1.774020e+00 3.497927e+00 6.806445e-19 1.263567e+00 5.443605e-02 -4.787118e-19 3.248420e+00 3.605007e+00 6.541198e-20 1.794711e-01 4.117268e-02 -1.466217e-19 1.792636e+00 3.504974e+00 6.963511e-19 1.276314e+00 5.886060e-02 -4.843175e-19
46             5.195681e-01 2.139352e-01 -2.501880e-19 1.791444e-01 4.074152e-02 -1.467359e-19 2.573254e-01 1.363456e-01 -7.184196e-19 8.309825e-02 3.684813e-02 6.149675e-19 5.567770e-01 4.414793e-01 -1.544355e-19 1.791444e-01 4.074152e-02 -1.467359e-19 2.697110e-01 3.617599e-01 -5.505627e-19 1.079216e-01 3.897797e-02 5.428631e-19 3.504004e-01 4.360228e-01 -3.046396e-19 1.791444e-01 4.074152e-02 -1.467359e-19 4.045510e-02 3.679727e-01 -8.443430e-19 1.308008e-01 2.730866e-02 6.864393e-19 3.558209e-01 6.221573e-01 -6.528263e-20 1.791444e-01 4.074152e-02 -1.467359e-19 2.215303e-02 5.538910e-01 -6.721273e-19 1.545234e-01 2.752477e-02 7.535805e-19 9.589358e-01 8.883692e-01 3.951034e-19 1.791444e-01 4.074152e-02 -1.467359e-19 5.887017e-01 8.411488e-01 -4.425901e-19 1.910897e-01 6.478889e-03 9.844294e-19 1.507860e+00 1.150205e+00 -5.296510e-19 1.791444e-01 4.074152e-02 -1.467359e-19 1.104128e+00 1.130155e+00 -2.720299e-19 2.245874e-01 -2.069218e-02 -1.108852e-19 1.761243e+00 1.331374e+00 -5.470699e-19 1.791444e-01 4.074152e-02 -1.467359e-19 1.324351e+00 1.308773e+00 -2.157230e-19 2.577478e-01 -1.814136e-02 -1.846111e-19 1.923402e+00 1.551241e+00 -7.876816e-19 1.791444e-01 4.074152e-02 -1.467359e-19 1.433559e+00 1.506400e+00 -4.598350e-19 3.106984e-01 4.099941e-03 -1.811107e-19 2.101979e+00 1.873212e+00 -9.551088e-19 1.791444e-01 4.074152e-02 -1.467359e-19 1.530414e+00 1.792240e+00 -6.824478e-19 3.924212e-01 4.023112e-02 -1.259251e-19 2.284238e+00 2.103898e+00 -8.349510e-19 1.791444e-01 4.074152e-02 -1.467359e-19 1.612976e+00 1.964796e+00 -5.038832e-19 4.921179e-01 9.836047e-02 -1.843319e-19 2.445697e+00 2.378442e+00 -8.303081e-19 1.791444e-01 4.074152e-02 -1.467359e-19 1.635295e+00 2.217379e+00 -5.038832e-19 6.312574e-01 1.203216e-01 -1.796890e-19 2.547671e+00 2.618494e+00 -8.349149e-19 1.791444e-01 4.074152e-02 -1.467359e-19 1.635295e+00 2.457431e+00 -5.038832e-19 7.332320e-01 1.203216e-01 -1.842957e-19 2.645263e+00 2.830295e+00 -8.349203e-19 1.791444e-01 4.074152e-02 -1.467359e-19 1.635295e+00 2.669232e+00 -5.038832e-19 8.308235e-01 1.203216e-01 -1.843012e-19 2.742782e+00 3.017633e+00 -8.349203e-19 1.791444e-01 4.074152e-02 -1.467359e-19 1.635295e+00 2.856570e+00 -5.038832e-19 9.283431e-01 1.203216e-01 -1.843012e-19 2.844956e+00 3.177390e+00 -8.349214e-19 1.791444e-01 4.074152e-02 -1.467359e-19 1.635295e+00 3.016327e+00 -5.038832e-19 1.030517e+00 1.203216e-01 -1.843023e-19 3.004448e+00 3.357937e+00 -5.643229e-19 1.791444e-01 4.074152e-02 -1.467359e-19 1.694980e+00 3.229716e+00 -9.916333e-20 1.130323e+00 8.747879e-02 -3.184237e-19 3.092161e+00 3.470138e+00 -2.625906e-19 1.791444e-01 4.074152e-02 -1.467359e-19 1.735736e+00 3.356995e+00 2.631747e-19 1.177281e+00 7.240101e-02 -3.790294e-19 3.162164e+00 3.549335e+00 -6.062159e-20 1.791444e-01 4.074152e-02 -1.467359e-19 1.765496e+00 3.447063e+00 5.434931e-19 1.217523e+00 6.153034e-02 -4.573788e-19 3.210891e+00 3.596849e+00 7.450278e-20 1.791444e-01 4.074152e-02 -1.467359e-19 1.780261e+00 3.501190e+00 7.035677e-19 1.251486e+00 5.491662e-02 -4.823290e-19 3.244466e+00 3.609349e+00 8.477383e-20 1.791444e-01 4.074152e-02 -1.467359e-19 1.801333e+00 3.508772e+00 7.201265e-19 1.263988e+00 5.983473e-02 -4.886168e-19
47             5.285230e-01 2.132307e-01 -2.576493e-19 1.788197e-01 4.033654e-02 -1.492007e-19 2.678654e-01 1.363567e-01 -7.379171e-19 8.183788e-02 3.653750e-02 6.294686e-19 5.659002e-01 4.425701e-01 -1.500688e-19 1.788197e-01 4.033654e-02 -1.492007e-19 2.809915e-01 3.635798e-01 -5.600253e-19 1.060890e-01 3.865368e-02 5.591572e-19 3.564654e-01 4.341926e-01 -2.969294e-19 1.788197e-01 4.033654e-02 -1.492007e-19 4.910048e-02 3.667187e-01 -8.509348e-19 1.285452e-01 2.713731e-02 7.032062e-19 3.620795e-01 6.185873e-01 -4.470669e-20 1.788197e-01 4.033654e-02 -1.492007e-19 3.110118e-02 5.508828e-01 -6.694055e-19 1.521586e-01 2.736801e-02 7.738995e-19 9.736792e-01 8.830409e-01 4.290406e-19 1.788197e-01 4.033654e-02 -1.492007e-19 6.063344e-01 8.361968e-01 -4.275724e-19 1.885252e-01 6.507527e-03 1.005814e-18 1.530803e+00 1.145080e+00 -5.096212e-19 1.788197e-01 4.033654e-02 -1.492007e-19 1.130138e+00 1.125245e+00 -2.478014e-19 2.218458e-01 -2.050197e-02 -1.126190e-19 1.790402e+00 1.323899e+00 -5.260645e-19 1.788197e-01 4.033654e-02 -1.492007e-19 1.356882e+00 1.301509e+00 -1.884232e-19 2.547007e-01 -1.794706e-02 -1.884406e-19 1.957736e+00 1.541968e+00 -7.788644e-19 1.788197e-01 4.033654e-02 -1.492007e-19 1.471723e+00 1.497457e+00 -4.447215e-19 3.071927e-01 4.173598e-03 -1.849422e-19 2.141264e+00 1.863278e+00 -9.556181e-19 1.788197e-01 4.033654e-02 -1.492007e-19 1.574200e+00 1.782823e+00 -6.795780e-19 3.882440e-01 4.011843e-02 -1.268394e-19 2.328312e+00 2.091593e+00 -8.268203e-19 1.788197e-01 4.033654e-02 -1.492007e-19 1.662156e+00 1.953236e+00 -4.893530e-19 4.873368e-01 9.802087e-02 -1.882665e-19 2.490134e+00 2.363698e+00 -8.233757e-19 1.788197e-01 4.033654e-02 -1.492007e-19 1.685467e+00 2.203449e+00 -4.893530e-19 6.258465e-01 1.199125e-01 -1.848220e-19 2.591570e+00 2.601828e+00 -8.267822e-19 1.788197e-01 4.033654e-02 -1.492007e-19 1.685467e+00 2.441579e+00 -4.893530e-19 7.272827e-01 1.199125e-01 -1.882285e-19 2.688601e+00 2.812304e+00 -8.267863e-19 1.788197e-01 4.033654e-02 -1.492007e-19 1.685467e+00 2.652055e+00 -4.893530e-19 8.243135e-01 1.199125e-01 -1.882326e-19 2.785520e+00 2.998648e+00 -8.267863e-19 1.788197e-01 4.033654e-02 -1.492007e-19 1.685467e+00 2.838399e+00 -4.893530e-19 9.212329e-01 1.199125e-01 -1.882326e-19 2.887079e+00 3.157616e+00 -8.267875e-19 1.788197e-01 4.033654e-02 -1.492007e-19 1.685467e+00 2.997367e+00 -4.893530e-19 1.022792e+00 1.199125e-01 -1.882338e-19 3.044035e+00 3.338734e+00 -5.661014e-19 1.788197e-01 4.033654e-02 -1.492007e-19 1.743366e+00 3.211141e+00 -9.829572e-20 1.121849e+00 8.725692e-02 -3.186050e-19 3.129549e+00 3.451144e+00 -2.764229e-19 1.788197e-01 4.033654e-02 -1.492007e-19 1.782485e+00 3.338440e+00 2.496462e-19 1.168244e+00 7.236732e-02 -3.768684e-19 3.197368e+00 3.530439e+00 -8.478419e-20 1.788197e-01 4.033654e-02 -1.492007e-19 1.810694e+00 3.428353e+00 5.156789e-19 1.207855e+00 6.174906e-02 -4.512624e-19 3.244553e+00 3.578359e+00 4.141129e-20 1.788197e-01 4.033654e-02 -1.492007e-19 1.824475e+00 3.482686e+00 6.651010e-19 1.241258e+00 5.533693e-02 -4.744890e-19 3.273487e+00 3.591746e+00 5.605064e-20 1.788197e-01 4.033654e-02 -1.492007e-19 1.841122e+00 3.490655e+00 6.845167e-19 1.253545e+00 6.075384e-02 -4.792653e-19
48             5.317630e-01 2.120612e-01 -2.606941e-19 1.784968e-01 3.995416e-02 -1.500816e-19 2.725707e-01 1.358621e-01 -7.459585e-19 8.069548e-02 3.624498e-02 6.353460e-19 5.690064e-01 4.413510e-01 -1.469766e-19 1.784968e-01 3.995416e-02 -1.500816e-19 2.860692e-01 3.630507e-01 -5.630195e-19 1.044403e-01 3.834615e-02 5.661244e-19 3.583981e-01 4.308875e-01 -2.913944e-19 1.784968e-01 3.995416e-02 -1.500816e-19 5.339968e-02 3.639634e-01 -8.512449e-19 1.265016e-01 2.697003e-02 7.099320e-19 3.641544e-01 6.133714e-01 -3.187872e-20 1.784968e-01 3.995416e-02 -1.500816e-19 3.566229e-02 5.462052e-01 -6.644810e-19 1.499953e-01 2.721199e-02 7.826838e-19 9.788233e-01 8.753462e-01 4.490272e-19 1.784968e-01 3.995416e-02 -1.500816e-19 6.141677e-01 8.288710e-01 -4.153654e-19 1.861588e-01 6.521062e-03 1.014474e-18 1.538987e+00 1.135972e+00 -4.945168e-19 1.784968e-01 3.995416e-02 -1.500816e-19 1.141177e+00 1.116361e+00 -2.298930e-19 2.193135e-01 -2.034334e-02 -1.145422e-19 1.801970e+00 1.311903e+00 -5.099944e-19 1.784968e-01 3.995416e-02 -1.500816e-19 1.371571e+00 1.289739e+00 -1.684497e-19 2.519018e-01 -1.779045e-02 -1.914632e-19 1.972642e+00 1.527374e+00 -7.707776e-19 1.784968e-01 3.995416e-02 -1.500816e-19 1.490150e+00 1.483199e+00 -4.327383e-19 3.039951e-01 4.220193e-03 -1.879578e-19 2.159419e+00 1.846567e+00 -9.538052e-19 1.784968e-01 3.995416e-02 -1.500816e-19 1.596455e+00 1.766615e+00 -6.758529e-19 3.844668e-01 3.999839e-02 -1.278707e-19 2.349673e+00 2.072193e+00 -8.190901e-19 1.784968e-01 3.995416e-02 -1.500816e-19 1.688126e+00 1.934530e+00 -4.776054e-19 4.830502e-01 9.770906e-02 -1.914031e-19 2.511656e+00 2.341934e+00 -8.164162e-19 1.784968e-01 3.995416e-02 -1.500816e-19 1.712105e+00 2.182438e+00 -4.776054e-19 6.210539e-01 1.195424e-01 -1.887292e-19 2.612687e+00 2.578411e+00 -8.190511e-19 1.784968e-01 3.995416e-02 -1.500816e-19 1.712105e+00 2.418914e+00 -4.776054e-19 7.220852e-01 1.195424e-01 -1.913641e-19 2.709272e+00 2.787686e+00 -8.190544e-19 1.784968e-01 3.995416e-02 -1.500816e-19 1.712105e+00 2.628190e+00 -4.776054e-19 8.186704e-01 1.195424e-01 -1.913674e-19 2.805685e+00 2.972847e+00 -8.190544e-19 1.784968e-01 3.995416e-02 -1.500816e-19 1.712105e+00 2.813351e+00 -4.776054e-19 9.150826e-01 1.195424e-01 -1.913674e-19 2.906727e+00 3.130699e+00 -8.190555e-19 1.784968e-01 3.995416e-02 -1.500816e-19 1.712105e+00 2.971202e+00 -4.776054e-19 1.016125e+00 1.195424e-01 -1.913686e-19 3.061494e+00 3.311787e+00 -5.671796e-19 1.784968e-01 3.995416e-02 -1.500816e-19 1.768442e+00 3.184790e+00 -9.861464e-20 1.114555e+00 8.704269e-02 -3.184834e-19 3.144929e+00 3.424005e+00 -2.892891e-19 1.784968e-01 3.995416e-02 -1.500816e-19 1.805963e+00 3.311735e+00 2.353583e-19 1.160469e+00 7.231664e-02 -3.745659e-19 3.210498e+00 3.502987e+00 -1.091474e-19 1.784968e-01 3.995416e-02 -1.500816e-19 1.832465e+00 3.401114e+00 4.858006e-19 1.199537e+00 6.191942e-02 -4.448664e-19 3.255965e+00 3.551014e+00 5.706628e-21 1.784968e-01 3.995416e-02 -1.500816e-19 1.845003e+00 3.455383e+00 6.217406e-19 1.232466e+00 5.567662e-02 -4.659524e-19 3.278463e+00 3.565027e+00 2.532280e-20 1.784968e-01 3.995416e-02 -1.500816e-19 1.855389e+00 3.463512e+00 6.441220e-19 1.244578e+00 6.156127e-02 -4.687177e-19
49             5.314399e-01 2.106697e-01 -2.611078e-19 1.781756e-01 3.959854e-02 -1.500331e-19 2.736647e-01 1.351116e-01 -7.469096e-19 7.959961e-02 3.595954e-02 6.358348e-19 5.682921e-01 4.390605e-01 -1.450475e-19 1.781756e-01 3.959854e-02 -1.500331e-19 2.872938e-01 3.614198e-01 -5.622003e-19 1.028227e-01 3.804218e-02 5.671858e-19 3.574464e-01 4.276110e-01 -2.881129e-19 1.781756e-01 3.959854e-02 -1.500331e-19 5.480774e-02 3.612209e-01 -8.486186e-19 1.244631e-01 2.679162e-02 7.105388e-19 3.632108e-01 6.088923e-01 -2.615645e-20 1.781756e-01 3.959854e-02 -1.500331e-19 3.722336e-02 5.422525e-01 -6.600808e-19 1.478119e-01 2.704127e-02 7.839574e-19 9.777715e-01 8.694120e-01 4.565419e-19 1.781756e-01 3.959854e-02 -1.500331e-19 6.158365e-01 8.232972e-01 -4.086043e-19 1.837595e-01 6.516260e-03 1.015179e-18 1.537964e+00 1.129044e+00 -4.870731e-19 1.781756e-01 3.959854e-02 -1.500331e-19 1.143041e+00 1.109652e+00 -2.213463e-19 2.167476e-01 -2.020693e-02 -1.156937e-19 1.801556e+00 1.303587e+00 -5.021712e-19 1.781756e-01 3.959854e-02 -1.500331e-19 1.374303e+00 1.281647e+00 -1.592584e-19 2.490775e-01 -1.765825e-02 -1.928797e-19 1.972995e+00 1.517720e+00 -7.653769e-19 1.781756e-01 3.959854e-02 -1.500331e-19 1.494028e+00 1.473873e+00 -4.259651e-19 3.007915e-01 4.248520e-03 -1.893787e-19 2.160427e+00 1.835615e+00 -9.503502e-19 1.781756e-01 3.959854e-02 -1.500331e-19 1.601534e+00 1.756146e+00 -6.716560e-19 3.807166e-01 3.987073e-02 -1.286611e-19 2.351350e+00 2.060003e+00 -8.138409e-19 1.781756e-01 3.959854e-02 -1.500331e-19 1.694345e+00 1.922997e+00 -4.709596e-19 4.788288e-01 9.740758e-02 -1.928483e-19 2.513054e+00 2.328929e+00 -8.113400e-19 1.781756e-01 3.959854e-02 -1.500331e-19 1.718493e+00 2.170140e+00 -4.709596e-19 6.163848e-01 1.191904e-01 -1.903474e-19 2.613724e+00 2.565100e+00 -8.138020e-19 1.781756e-01 3.959854e-02 -1.500331e-19 1.718493e+00 2.406311e+00 -4.709596e-19 7.170554e-01 1.191904e-01 -1.928094e-19 2.709880e+00 2.774158e+00 -8.138051e-19 1.781756e-01 3.959854e-02 -1.500331e-19 1.718493e+00 2.615369e+00 -4.709596e-19 8.132109e-01 1.191904e-01 -1.928125e-19 2.805802e+00 2.958920e+00 -8.138051e-19 1.781756e-01 3.959854e-02 -1.500331e-19 1.718493e+00 2.800131e+00 -4.709596e-19 9.091328e-01 1.191904e-01 -1.928125e-19 2.906361e+00 3.116382e+00 -8.138063e-19 1.781756e-01 3.959854e-02 -1.500331e-19 1.718493e+00 2.957593e+00 -4.709596e-19 1.009692e+00 1.191904e-01 -1.928137e-19 3.060043e+00 3.297569e+00 -5.645625e-19 1.781756e-01 3.959854e-02 -1.500331e-19 1.774328e+00 3.171133e+00 -9.562542e-20 1.107540e+00 8.683708e-02 -3.189040e-19 3.142569e+00 3.409934e+00 -2.900489e-19 1.781756e-01 3.959854e-02 -1.500331e-19 1.811392e+00 3.298065e+00 2.343517e-19 1.153001e+00 7.227044e-02 -3.743676e-19 3.207129e+00 3.489093e+00 -1.133231e-19 1.781756e-01 3.959854e-02 -1.500331e-19 1.837393e+00 3.387411e+00 4.802418e-19 1.191560e+00 6.208272e-02 -4.435319e-19 3.251725e+00 3.537343e+00 -2.412655e-21 1.781756e-01 3.959854e-02 -1.500331e-19 1.849510e+00 3.441740e+00 6.116094e-19 1.224039e+00 5.600445e-02 -4.639890e-19 3.271115e+00 3.551854e+00 1.979697e-20 1.781756e-01 3.959854e-02 -1.500331e-19 1.856941e+00 3.449944e+00 6.356240e-19 1.235998e+00 6.231199e-02 -4.657940e-19
50             5.305278e-01 2.091825e-01 -2.609047e-19 1.778560e-01 3.926500e-02 -1.498155e-19 2.741473e-01 1.342397e-01 -7.463015e-19 7.852452e-02 3.567777e-02 6.352123e-19 5.669339e-01 4.365454e-01 -1.429669e-19 1.778560e-01 3.926500e-02 -1.498155e-19 2.878737e-01 3.595404e-01 -5.602738e-19 1.012042e-01 3.773994e-02 5.671224e-19 3.560465e-01 4.243718e-01 -2.847886e-19 1.778560e-01 3.926500e-02 -1.498155e-19 5.577279e-02 3.585020e-01 -8.449811e-19 1.224178e-01 2.660483e-02 7.100080e-19 3.617907e-01 6.046709e-01 -2.150665e-20 1.778560e-01 3.926500e-02 -1.498155e-19 3.831051e-02 5.385443e-01 -6.554516e-19 1.456242e-01 2.686165e-02 7.837604e-19 9.755799e-01 8.641044e-01 4.616699e-19 1.778560e-01 3.926500e-02 -1.498155e-19 6.163538e-01 8.183361e-01 -4.028729e-19 1.813702e-01 6.503347e-03 1.014358e-18 1.535175e+00 1.122985e+00 -4.810051e-19 1.778560e-01 3.926500e-02 -1.498155e-19 1.143118e+00 1.103797e+00 -2.148663e-19 2.142016e-01 -2.007687e-02 -1.163234e-19 1.798715e+00 1.296643e+00 -4.958868e-19 1.778560e-01 3.926500e-02 -1.498155e-19 1.374568e+00 1.274904e+00 -1.525116e-19 2.462909e-01 -1.752582e-02 -1.935598e-19 1.970266e+00 1.509849e+00 -7.600674e-19 1.778560e-01 3.926500e-02 -1.498155e-19 1.494762e+00 1.466297e+00 -4.201833e-19 2.976476e-01 4.286445e-03 -1.900687e-19 2.157702e+00 1.826713e+00 -9.458714e-19 1.778560e-01 3.926500e-02 -1.498155e-19 1.602793e+00 1.747687e+00 -6.669736e-19 3.770532e-01 3.976156e-02 -1.290824e-19 2.348697e+00 2.050200e+00 -8.085223e-19 1.778560e-01 3.926500e-02 -1.498155e-19 1.696128e+00 1.913805e+00 -4.651509e-19 4.747129e-01 9.712980e-02 -1.935559e-19 2.510040e+00 2.318440e+00 -8.061230e-19 1.778560e-01 3.926500e-02 -1.498155e-19 1.720344e+00 2.160311e+00 -4.651509e-19 6.118402e-01 1.188646e-01 -1.911567e-19 2.610349e+00 2.554141e+00 -8.084834e-19 1.778560e-01 3.926500e-02 -1.498155e-19 1.720344e+00 2.396011e+00 -4.651509e-19 7.121494e-01 1.188646e-01 -1.935171e-19 2.706068e+00 2.762643e+00 -8.084864e-19 1.778560e-01 3.926500e-02 -1.498155e-19 1.720344e+00 2.604513e+00 -4.651509e-19 8.078680e-01 1.188646e-01 -1.935200e-19 2.801514e+00 2.946745e+00 -8.084864e-19 1.778560e-01 3.926500e-02 -1.498155e-19 1.720344e+00 2.788616e+00 -4.651509e-19 9.033142e-01 1.188646e-01 -1.935200e-19 2.901615e+00 3.103669e+00 -8.084875e-19 1.778560e-01 3.926500e-02 -1.498155e-19 1.720344e+00 2.945539e+00 -4.651509e-19 1.003415e+00 1.188646e-01 -1.935212e-19 3.054385e+00 3.284713e+00 -5.609907e-19 1.778560e-01 3.926500e-02 -1.498155e-19 1.775817e+00 3.158795e+00 -9.233179e-20 1.100712e+00 8.665236e-02 -3.188434e-19 3.136229e+00 3.397153e+00 -2.882817e-19 1.778560e-01 3.926500e-02 -1.498155e-19 1.812636e+00 3.285645e+00 2.354569e-19 1.145738e+00 7.224315e-02 -3.739231e-19 3.200136e+00 3.476561e+00 -1.127325e-19 1.778560e-01 3.926500e-02 -1.498155e-19 1.838468e+00 3.375037e+00 4.797480e-19 1.183813e+00 6.225854e-02 -4.426651e-19 3.244169e+00 3.525072e+00 -3.002108e-21 1.778560e-01 3.926500e-02 -1.498155e-19 1.850461e+00 3.429457e+00 6.097775e-19 1.215852e+00 5.635035e-02 -4.629642e-19 3.261986e+00 3.540060e+00 2.078150e-20 1.778560e-01 3.926500e-02 -1.498155e-19 1.856465e+00 3.437745e+00 6.348932e-19 1.227665e+00 6.305012e-02 -4.642962e-19
51             5.293572e-01 2.077066e-01 -2.602941e-19 1.775378e-01 3.894548e-02 -1.494906e-19 2.743395e-01 1.333621e-01 -7.449928e-19 7.747984e-02 3.539900e-02 6.341893e-19 5.653003e-01 4.341115e-01 -1.408532e-19 1.775378e-01 3.894548e-02 -1.494906e-19 2.881353e-01 3.577254e-01 -5.580256e-19 9.962720e-02 3.744060e-02 5.666630e-19 3.545496e-01 4.215563e-01 -2.815487e-19 1.775378e-01 3.894548e-02 -1.494906e-19 5.657231e-02 3.561951e-01 -8.411519e-19 1.204394e-01 2.641571e-02 7.090937e-19 3.602651e-01 6.010532e-01 -1.781402e-20 1.775378e-01 3.894548e-02 -1.494906e-19 3.920499e-02 5.354270e-01 -6.512616e-19 1.435222e-01 2.668064e-02 7.829381e-19 9.727619e-01 8.596020e-01 4.649632e-19 1.775378e-01 3.894548e-02 -1.494906e-19 6.161363e-01 8.141699e-01 -3.984624e-19 1.790877e-01 6.486605e-03 1.012916e-18 1.531253e+00 1.117776e+00 -4.758967e-19 1.775378e-01 3.894548e-02 -1.494906e-19 1.141947e+00 1.098778e+00 -2.103298e-19 2.117682e-01 -1.994728e-02 -1.160763e-19 1.794372e+00 1.290696e+00 -4.905952e-19 1.775378e-01 3.894548e-02 -1.494906e-19 1.373201e+00 1.269140e+00 -1.478748e-19 2.436332e-01 -1.738907e-02 -1.932299e-19 1.965748e+00 1.503014e+00 -7.550598e-19 1.775378e-01 3.894548e-02 -1.494906e-19 1.493556e+00 1.459733e+00 -4.158200e-19 2.946545e-01 4.335493e-03 -1.897492e-19 2.152945e+00 1.818729e+00 -9.412244e-19 1.775378e-01 3.894548e-02 -1.494906e-19 1.601843e+00 1.740115e+00 -6.630849e-19 3.735640e-01 3.966772e-02 -1.286490e-19 2.343819e+00 2.041218e+00 -8.033297e-19 1.775378e-01 3.894548e-02 -1.494906e-19 1.695503e+00 1.905410e+00 -4.605596e-19 4.707789e-01 9.686237e-02 -1.932796e-19 2.504776e+00 2.308446e+00 -8.010593e-19 1.775378e-01 3.894548e-02 -1.494906e-19 1.719766e+00 2.150953e+00 -4.605596e-19 6.074722e-01 1.185474e-01 -1.910092e-19 2.604711e+00 2.543161e+00 -8.032906e-19 1.775378e-01 3.894548e-02 -1.494906e-19 1.719766e+00 2.385668e+00 -4.605596e-19 7.074077e-01 1.185474e-01 -1.932405e-19 2.700000e+00 2.750615e+00 -8.032934e-19 1.775378e-01 3.894548e-02 -1.494906e-19 1.719766e+00 2.593122e+00 -4.605596e-19 8.026966e-01 1.185474e-01 -1.932432e-19 2.795002e+00 2.933722e+00 -8.032934e-19 1.775378e-01 3.894548e-02 -1.494906e-19 1.719766e+00 2.776230e+00 -4.605596e-19 8.976984e-01 1.185474e-01 -1.932432e-19 2.894678e+00 3.089859e+00 -8.032946e-19 1.775378e-01 3.894548e-02 -1.494906e-19 1.719766e+00 2.932366e+00 -4.605596e-19 9.973744e-01 1.185474e-01 -1.932444e-19 3.046644e+00 3.270469e+00 -5.571864e-19 1.775378e-01 3.894548e-02 -1.494906e-19 1.774947e+00 3.145058e+00 -8.968747e-20 1.094159e+00 8.646541e-02 -3.180084e-19 3.127960e+00 3.382853e+00 -2.854567e-19 1.775378e-01 3.894548e-02 -1.494906e-19 1.811643e+00 3.271703e+00 2.369645e-19 1.138779e+00 7.220385e-02 -3.729306e-19 3.191461e+00 3.462490e+00 -1.097104e-19 1.775378e-01 3.894548e-02 -1.494906e-19 1.837522e+00 3.361134e+00 4.815795e-19 1.176401e+00 6.241003e-02 -4.417994e-19 3.235179e+00 3.511257e+00 8.369533e-22 1.775378e-01 3.894548e-02 -1.494906e-19 1.849619e+00 3.415642e+00 6.127272e-19 1.208023e+00 5.666922e-02 -4.623997e-19 3.252908e+00 3.526769e+00 2.527682e-20 1.775378e-01 3.894548e-02 -1.494906e-19 1.855679e+00 3.424075e+00 6.384722e-19 1.219691e+00 6.374784e-02 -4.637049e-19
52             5.268865e-01 2.061319e-01 -2.584283e-19 1.772212e-01 3.863224e-02 -1.487268e-19 2.731698e-01 1.323753e-01 -7.409916e-19 7.649547e-02 3.512438e-02 6.312902e-19 5.623112e-01 4.312172e-01 -1.389936e-19 1.772212e-01 3.863224e-02 -1.487268e-19 2.869305e-01 3.554385e-01 -5.544995e-19 9.815941e-02 3.714645e-02 5.642327e-19 3.523761e-01 4.187392e-01 -2.787575e-19 1.772212e-01 3.863224e-02 -1.487268e-19 5.653888e-02 3.538784e-01 -8.360353e-19 1.186161e-01 2.622853e-02 7.060046e-19 3.580601e-01 5.974430e-01 -1.653431e-20 1.772212e-01 3.863224e-02 -1.487268e-19 3.924565e-02 5.323085e-01 -6.472165e-19 1.415932e-01 2.650227e-02 7.794090e-19 9.673975e-01 8.549025e-01 4.636614e-19 1.772212e-01 3.863224e-02 -1.487268e-19 6.131849e-01 8.098051e-01 -3.960041e-19 1.769913e-01 6.465122e-03 1.008392e-18 1.522932e+00 1.111799e+00 -4.721521e-19 1.772212e-01 3.863224e-02 -1.487268e-19 1.136193e+00 1.092987e+00 -2.090005e-19 2.095177e-01 -1.982020e-02 -1.144248e-19 1.784608e+00 1.283700e+00 -4.866575e-19 1.772212e-01 3.863224e-02 -1.487268e-19 1.366221e+00 1.262324e+00 -1.467888e-19 2.411658e-01 -1.725650e-02 -1.911419e-19 1.955177e+00 1.494600e+00 -7.499434e-19 1.772212e-01 3.863224e-02 -1.487268e-19 1.486092e+00 1.451587e+00 -4.135465e-19 2.918640e-01 4.380485e-03 -1.876701e-19 2.141576e+00 1.808142e+00 -9.354745e-19 1.772212e-01 3.863224e-02 -1.487268e-19 1.594066e+00 1.729943e+00 -6.599814e-19 3.702896e-01 3.956698e-02 -1.267662e-19 2.331840e+00 2.028967e+00 -7.978146e-19 1.772212e-01 3.863224e-02 -1.487268e-19 1.687562e+00 1.893758e+00 -4.578131e-19 4.670569e-01 9.657645e-02 -1.912747e-19 2.492307e+00 2.294412e+00 -7.955941e-19 1.772212e-01 3.863224e-02 -1.487268e-19 1.711788e+00 2.137573e+00 -4.578131e-19 6.032979e-01 1.182074e-01 -1.890542e-19 2.591862e+00 2.527382e+00 -7.977755e-19 1.772212e-01 3.863224e-02 -1.487268e-19 1.711788e+00 2.370543e+00 -4.578131e-19 7.028526e-01 1.182074e-01 -1.912357e-19 2.686743e+00 2.733201e+00 -7.977782e-19 1.772212e-01 3.863224e-02 -1.487268e-19 1.711788e+00 2.576361e+00 -4.578131e-19 7.977339e-01 1.182074e-01 -1.912383e-19 2.781335e+00 2.914864e+00 -7.977782e-19 1.772212e-01 3.863224e-02 -1.487268e-19 1.711788e+00 2.758025e+00 -4.578131e-19 8.923258e-01 1.182074e-01 -1.912383e-19 2.880619e+00 3.069818e+00 -7.977794e-19 1.772212e-01 3.863224e-02 -1.487268e-19 1.711788e+00 2.912978e+00 -4.578131e-19 9.916103e-01 1.182074e-01 -1.912395e-19 3.032258e+00 3.249314e+00 -5.505538e-19 1.772212e-01 3.863224e-02 -1.487268e-19 1.767116e+00 3.124440e+00 -8.532170e-20 1.087920e+00 8.624255e-02 -3.165053e-19 3.113640e+00 3.361369e+00 -2.757883e-19 1.772212e-01 3.863224e-02 -1.487268e-19 1.804256e+00 3.250622e+00 2.450844e-19 1.132162e+00 7.211463e-02 -3.721459e-19 3.177472e+00 3.441178e+00 -9.525544e-20 1.772212e-01 3.863224e-02 -1.487268e-19 1.830888e+00 3.340049e+00 4.963899e-19 1.169362e+00 6.249675e-02 -4.429185e-19 3.221518e+00 3.490089e+00 2.149698e-20 1.772212e-01 3.863224e-02 -1.487268e-19 1.843702e+00 3.394543e+00 6.353218e-19 1.200594e+00 5.691300e-02 -4.650980e-19 3.242940e+00 3.506147e+00 4.398078e-20 1.772212e-01 3.863224e-02 -1.487268e-19 1.853601e+00 3.403150e+00 6.601739e-19 1.212118e+00 6.436509e-02 -4.674663e-19
53             5.196194e-01 2.043086e-01 -2.527360e-19 1.769061e-01 3.832382e-02 -1.465572e-19 2.671138e-01 1.311301e-01 -7.276660e-19 7.559951e-02 3.485465e-02 6.214873e-19 5.542435e-01 4.269259e-01 -1.387646e-19 1.769061e-01 3.832382e-02 -1.465572e-19 2.804806e-01 3.517436e-01 -5.465131e-19 9.685687e-02 3.685840e-02 5.543057e-19 3.469413e-01 4.161105e-01 -2.787232e-19 1.769061e-01 3.832382e-02 -1.465572e-19 5.302639e-02 3.517434e-01 -8.270688e-19 1.170089e-01 2.604320e-02 6.949029e-19 3.525007e-01 5.944116e-01 -2.454742e-20 1.769061e-01 3.832382e-02 -1.465572e-19 3.570595e-02 5.297624e-01 -6.440566e-19 1.398887e-01 2.632534e-02 7.660664e-19 9.532345e-01 8.509007e-01 4.458405e-19 1.769061e-01 3.832382e-02 -1.465572e-19 6.012070e-01 8.061406e-01 -4.006329e-19 1.751214e-01 6.436254e-03 9.930306e-19 1.500509e+00 1.105623e+00 -4.759466e-19 1.769061e-01 3.832382e-02 -1.465572e-19 1.116117e+00 1.086996e+00 -2.193716e-19 2.074854e-01 -1.969708e-02 -1.100177e-19 1.757128e+00 1.276864e+00 -4.906238e-19 1.769061e-01 3.832382e-02 -1.465572e-19 1.341310e+00 1.255672e+00 -1.589322e-19 2.389125e-01 -1.713211e-02 -1.851344e-19 1.924064e+00 1.486199e+00 -7.465892e-19 1.769061e-01 3.832382e-02 -1.465572e-19 1.457874e+00 1.443462e+00 -4.183604e-19 2.892845e-01 4.412605e-03 -1.816716e-19 2.106860e+00 1.796380e+00 -9.268362e-19 1.769061e-01 3.832382e-02 -1.465572e-19 1.562733e+00 1.718608e+00 -6.578800e-19 3.672211e-01 3.944777e-02 -1.223990e-19 2.293677e+00 2.015641e+00 -7.939714e-19 1.769061e-01 3.832382e-02 -1.465572e-19 1.653241e+00 1.881054e+00 -4.622028e-19 4.635294e-01 9.626335e-02 -1.852113e-19 2.453060e+00 2.279777e+00 -7.910589e-19 1.769061e-01 3.832382e-02 -1.465572e-19 1.676857e+00 2.123616e+00 -4.622028e-19 5.992968e-01 1.178369e-01 -1.822989e-19 2.552228e+00 2.511768e+00 -7.939342e-19 1.769061e-01 3.832382e-02 -1.465572e-19 1.676857e+00 2.355608e+00 -4.622028e-19 6.984646e-01 1.178369e-01 -1.851741e-19 2.646711e+00 2.716889e+00 -7.939378e-19 1.769061e-01 3.832382e-02 -1.465572e-19 1.676857e+00 2.560728e+00 -4.622028e-19 7.929472e-01 1.178369e-01 -1.851778e-19 2.740894e+00 2.897995e+00 -7.939378e-19 1.769061e-01 3.832382e-02 -1.465572e-19 1.676857e+00 2.741834e+00 -4.622028e-19 8.871300e-01 1.178369e-01 -1.851778e-19 2.839782e+00 3.052462e+00 -7.939390e-19 1.769061e-01 3.832382e-02 -1.465572e-19 1.676857e+00 2.896301e+00 -4.622028e-19 9.860181e-01 1.178369e-01 -1.851789e-19 2.992799e+00 3.230342e+00 -5.356997e-19 1.769061e-01 3.832382e-02 -1.465572e-19 1.734048e+00 3.106028e+00 -7.446595e-20 1.081845e+00 8.599078e-02 -3.146765e-19 3.076099e+00 3.342123e+00 -2.443426e-19 1.769061e-01 3.832382e-02 -1.465572e-19 1.773487e+00 3.231805e+00 2.758945e-19 1.125706e+00 7.199405e-02 -3.736798e-19 3.142196e+00 3.422440e+00 -4.610969e-20 1.769061e-01 3.832382e-02 -1.465572e-19 1.802809e+00 3.321567e+00 5.515974e-19 1.162481e+00 6.254919e-02 -4.511498e-19 3.187999e+00 3.471421e+00 8.951611e-20 1.769061e-01 3.832382e-02 -1.465572e-19 1.817771e+00 3.375979e+00 7.138176e-19 1.193322e+00 5.711817e-02 -4.777442e-19 3.220133e+00 3.488027e+00 1.052602e-19 1.769061e-01 3.832382e-02 -1.465572e-19 1.838533e+00 3.384766e+00 7.351467e-19 1.204694e+00 6.493704e-02 -4.833292e-19
54             5.185778e-01 2.031946e-01 -2.524822e-19 1.765922e-01 3.804419e-02 -1.463521e-19 2.672312e-01 1.305505e-01 -7.273347e-19 7.475438e-02 3.459991e-02 6.212046e-19 5.528224e-01 4.252813e-01 -1.381928e-19 1.765922e-01 3.804419e-02 -1.463521e-19 2.806075e-01 3.506505e-01 -5.460521e-19 9.562273e-02 3.658654e-02 5.542115e-19 3.454236e-01 4.146980e-01 -2.779980e-19 1.765922e-01 3.804419e-02 -1.463521e-19 5.334835e-02 3.507873e-01 -8.263157e-19 1.154830e-01 2.586646e-02 6.946698e-19 3.509089e-01 5.929888e-01 -2.427264e-20 1.765922e-01 3.804419e-02 -1.463521e-19 3.605540e-02 5.287886e-01 -6.436103e-19 1.382613e-01 2.615606e-02 7.656898e-19 9.510240e-01 8.496191e-01 4.455389e-19 1.765922e-01 3.804419e-02 -1.463521e-19 6.011017e-01 8.051661e-01 -4.006888e-19 1.733301e-01 6.408834e-03 9.925798e-19 1.497817e+00 1.104490e+00 -4.757241e-19 1.765922e-01 3.804419e-02 -1.463521e-19 1.115688e+00 1.086023e+00 -2.197865e-19 2.055364e-01 -1.957699e-02 -1.095855e-19 1.753918e+00 1.275776e+00 -4.904191e-19 1.765922e-01 3.804419e-02 -1.463521e-19 1.340570e+00 1.254744e+00 -1.594277e-19 2.367557e-01 -1.701203e-02 -1.846392e-19 1.920375e+00 1.484929e+00 -7.459549e-19 1.765922e-01 3.804419e-02 -1.463521e-19 1.456967e+00 1.442443e+00 -4.184178e-19 2.868159e-01 4.441644e-03 -1.811850e-19 2.102621e+00 1.794683e+00 -9.260070e-19 1.765922e-01 3.804419e-02 -1.463521e-19 1.561744e+00 1.717310e+00 -6.576946e-19 3.642845e-01 3.932838e-02 -1.219602e-19 2.288920e+00 2.013575e+00 -7.932729e-19 1.765922e-01 3.804419e-02 -1.463521e-19 1.652176e+00 1.879577e+00 -4.622004e-19 4.601516e-01 9.595454e-02 -1.847204e-19 2.447798e+00 2.277413e+00 -7.903378e-19 1.765922e-01 3.804419e-02 -1.463521e-19 1.675745e+00 2.121898e+00 -4.622004e-19 5.954613e-01 1.174712e-01 -1.817853e-19 2.546603e+00 2.509376e+00 -7.932362e-19 1.765922e-01 3.804419e-02 -1.463521e-19 1.675745e+00 2.353861e+00 -4.622004e-19 6.942663e-01 1.174712e-01 -1.846838e-19 2.640707e+00 2.714646e+00 -7.932400e-19 1.765922e-01 3.804419e-02 -1.463521e-19 1.675745e+00 2.559130e+00 -4.622004e-19 7.883703e-01 1.174712e-01 -1.846875e-19 2.734486e+00 2.895880e+00 -7.932400e-19 1.765922e-01 3.804419e-02 -1.463521e-19 1.675745e+00 2.740365e+00 -4.622004e-19 8.821492e-01 1.174712e-01 -1.846875e-19 2.832975e+00 3.050416e+00 -7.932411e-19 1.765922e-01 3.804419e-02 -1.463521e-19 1.675745e+00 2.894900e+00 -4.622004e-19 9.806383e-01 1.174712e-01 -1.846887e-19 2.985623e+00 3.228306e+00 -5.340880e-19 1.765922e-01 3.804419e-02 -1.463521e-19 1.733046e+00 3.104513e+00 -7.331994e-20 1.075985e+00 8.574804e-02 -3.144159e-19 3.068809e+00 3.340306e+00 -2.408527e-19 1.765922e-01 3.804419e-02 -1.463521e-19 1.772747e+00 3.230377e+00 2.792703e-19 1.119469e+00 7.188466e-02 -3.737709e-19 3.134826e+00 3.421012e+00 -4.032036e-20 1.765922e-01 3.804419e-02 -1.463521e-19 1.802413e+00 3.320352e+00 5.581074e-19 1.155821e+00 6.261609e-02 -4.520757e-19 3.180514e+00 3.470267e+00 9.758231e-20 1.765922e-01 3.804419e-02 -1.463521e-19 1.817645e+00 3.374885e+00 7.232512e-19 1.186277e+00 5.733802e-02 -4.793168e-19 3.213223e+00 3.487441e+00 1.135637e-19 1.765922e-01 3.804419e-02 -1.463521e-19 1.839141e+00 3.383876e+00 7.450284e-19 1.197489e+00 6.552094e-02 -4.851126e-19
55             5.180511e-01 2.023063e-01 -2.527259e-19 1.762796e-01 3.779349e-02 -1.462904e-19 2.678364e-01 1.301453e-01 -7.279436e-19 7.393511e-02 3.436746e-02 6.215080e-19 5.519298e-01 4.241290e-01 -1.374468e-19 1.762796e-01 3.779349e-02 -1.462904e-19 2.812670e-01 3.499979e-01 -5.459241e-19 9.438313e-02 3.633764e-02 5.547677e-19 3.442785e-01 4.135370e-01 -2.767963e-19 1.762796e-01 3.779349e-02 -1.462904e-19 5.406022e-02 3.500399e-01 -8.255924e-19 1.139387e-01 2.570364e-02 6.950865e-19 3.497110e-01 5.915654e-01 -2.249571e-20 1.762796e-01 3.779349e-02 -1.462904e-19 3.682013e-02 5.277722e-01 -6.424475e-19 1.366112e-01 2.599971e-02 7.662422e-19 9.497083e-01 8.480352e-01 4.476555e-19 1.762796e-01 3.779349e-02 -1.462904e-19 6.019044e-01 8.038513e-01 -3.990714e-19 1.715243e-01 6.390449e-03 9.930172e-19 1.496505e+00 1.102936e+00 -4.738312e-19 1.762796e-01 3.779349e-02 -1.462904e-19 1.116636e+00 1.084600e+00 -2.178583e-19 2.035887e-01 -1.945737e-02 -1.096825e-19 1.752557e+00 1.274058e+00 -4.884688e-19 1.762796e-01 3.779349e-02 -1.462904e-19 1.341651e+00 1.253155e+00 -1.573800e-19 2.346269e-01 -1.689052e-02 -1.847984e-19 1.918946e+00 1.482941e+00 -7.444055e-19 1.762796e-01 3.779349e-02 -1.462904e-19 1.458258e+00 1.440667e+00 -4.167698e-19 2.844086e-01 4.480584e-03 -1.813453e-19 2.101039e+00 1.792331e+00 -9.248516e-19 1.762796e-01 3.779349e-02 -1.462904e-19 1.563303e+00 1.715308e+00 -6.565888e-19 3.614568e-01 3.922966e-02 -1.219724e-19 2.287186e+00 2.010826e+00 -7.917447e-19 1.762796e-01 3.779349e-02 -1.462904e-19 1.653980e+00 1.877353e+00 -4.605776e-19 4.569255e-01 9.567954e-02 -1.848768e-19 2.445666e+00 2.274395e+00 -7.888395e-19 1.762796e-01 3.779349e-02 -1.462904e-19 1.677561e+00 2.119459e+00 -4.605776e-19 5.918252e-01 1.171426e-01 -1.819715e-19 2.544156e+00 2.506384e+00 -7.917085e-19 1.762796e-01 3.779349e-02 -1.462904e-19 1.677561e+00 2.351447e+00 -4.605776e-19 6.903148e-01 1.171426e-01 -1.848405e-19 2.637919e+00 2.711795e+00 -7.917123e-19 1.762796e-01 3.779349e-02 -1.462904e-19 1.677561e+00 2.556859e+00 -4.605776e-19 7.840784e-01 1.171426e-01 -1.848443e-19 2.731327e+00 2.893094e+00 -7.917123e-19 1.762796e-01 3.779349e-02 -1.462904e-19 1.677561e+00 2.738158e+00 -4.605776e-19 8.774859e-01 1.171426e-01 -1.848443e-19 2.829448e+00 3.047644e+00 -7.917134e-19 1.762796e-01 3.779349e-02 -1.462904e-19 1.677561e+00 2.892708e+00 -4.605776e-19 9.756075e-01 1.171426e-01 -1.848455e-19 2.981605e+00 3.225606e+00 -5.326810e-19 1.762796e-01 3.779349e-02 -1.462904e-19 1.734807e+00 3.102277e+00 -7.189621e-20 1.070518e+00 8.553571e-02 -3.144944e-19 3.064497e+00 3.337802e+00 -2.391237e-19 1.762796e-01 3.779349e-02 -1.462904e-19 1.774560e+00 3.228208e+00 2.811071e-19 1.113658e+00 7.180050e-02 -3.739404e-19 3.130213e+00 3.418816e+00 -3.798546e-20 1.762796e-01 3.779349e-02 -1.462904e-19 1.804319e+00 3.318319e+00 5.607860e-19 1.149615e+00 6.270387e-02 -4.524810e-19 3.175624e+00 3.468330e+00 1.005137e-19 1.762796e-01 3.779349e-02 -1.462904e-19 1.819632e+00 3.372963e+00 7.268096e-19 1.179713e+00 5.757327e-02 -4.800055e-19 3.208011e+00 3.486049e+00 1.172863e-19 1.762796e-01 3.779349e-02 -1.462904e-19 1.840963e+00 3.382136e+00 7.493200e-19 1.190769e+00 6.611932e-02 -4.857433e-19
56             5.237666e-01 2.016564e-01 -2.573143e-19 1.759683e-01 3.755180e-02 -1.478401e-19 2.746173e-01 1.299534e-01 -7.400427e-19 7.318106e-02 3.415117e-02 6.305686e-19 5.577735e-01 4.242579e-01 -1.336823e-19 1.759683e-01 3.755180e-02 -1.478401e-19 2.885671e-01 3.506014e-01 -5.509876e-19 9.323813e-02 3.610472e-02 5.651454e-19 3.482998e-01 4.111858e-01 -2.702172e-19 1.759683e-01 3.755180e-02 -1.478401e-19 5.982401e-02 3.480812e-01 -8.278823e-19 1.125076e-01 2.555273e-02 7.055052e-19 3.539000e-01 5.874550e-01 -6.608150e-21 1.759683e-01 3.755180e-02 -1.478401e-19 4.284754e-02 5.240483e-01 -6.379733e-19 1.350842e-01 2.585489e-02 7.792053e-19 9.592190e-01 8.420675e-01 4.726716e-19 1.759683e-01 3.755180e-02 -1.478401e-19 6.133921e-01 7.981392e-01 -3.858069e-19 1.698587e-01 6.376507e-03 1.006319e-18 1.511261e+00 1.096697e+00 -4.576013e-19 1.759683e-01 3.755180e-02 -1.478401e-19 1.133493e+00 1.078487e+00 -1.981007e-19 2.017992e-01 -1.934196e-02 -1.116606e-19 1.771655e+00 1.265930e+00 -4.715185e-19 1.759683e-01 3.755180e-02 -1.478401e-19 1.362997e+00 1.245147e+00 -1.354914e-19 2.326895e-01 -1.676892e-02 -1.881870e-19 1.941736e+00 1.473438e+00 -7.359762e-19 1.759683e-01 3.755180e-02 -1.478401e-19 1.483530e+00 1.431354e+00 -4.034018e-19 2.822375e-01 4.531786e-03 -1.847343e-19 2.127371e+00 1.782349e+00 -9.228917e-19 1.759683e-01 3.755180e-02 -1.478401e-19 1.592474e+00 1.705638e+00 -6.517185e-19 3.589288e-01 3.915876e-02 -1.233332e-19 2.316940e+00 1.999233e+00 -7.837597e-19 1.759683e-01 3.755180e-02 -1.478401e-19 1.686914e+00 1.866229e+00 -4.475673e-19 4.540578e-01 9.545177e-02 -1.883523e-19 2.475777e+00 2.261135e+00 -7.817132e-19 1.759683e-01 3.755180e-02 -1.478401e-19 1.711194e+00 2.106717e+00 -4.475673e-19 5.886147e-01 1.168665e-01 -1.863058e-19 2.574013e+00 2.491721e+00 -7.837221e-19 1.759683e-01 3.755180e-02 -1.478401e-19 1.711194e+00 2.337303e+00 -4.475673e-19 6.868515e-01 1.168665e-01 -1.883147e-19 2.667495e+00 2.695881e+00 -7.837249e-19 1.759683e-01 3.755180e-02 -1.478401e-19 1.711194e+00 2.541463e+00 -4.475673e-19 7.803333e-01 1.168665e-01 -1.883174e-19 2.760597e+00 2.876021e+00 -7.837249e-19 1.759683e-01 3.755180e-02 -1.478401e-19 1.711194e+00 2.721603e+00 -4.475673e-19 8.734348e-01 1.168665e-01 -1.883174e-19 2.858421e+00 3.029612e+00 -7.837260e-19 1.759683e-01 3.755180e-02 -1.478401e-19 1.711194e+00 2.875194e+00 -4.475673e-19 9.712589e-01 1.168665e-01 -1.883186e-19 3.008539e+00 3.207687e+00 -5.343209e-19 1.759683e-01 3.755180e-02 -1.478401e-19 1.766759e+00 3.084778e+00 -7.210499e-20 1.065811e+00 8.535780e-02 -3.143758e-19 3.089391e+00 3.319633e+00 -2.536480e-19 1.759683e-01 3.755180e-02 -1.478401e-19 1.804762e+00 3.210348e+00 2.655916e-19 1.108661e+00 7.173365e-02 -3.713995e-19 3.153019e+00 3.400281e+00 -6.429566e-20 1.759683e-01 3.755180e-02 -1.478401e-19 1.832770e+00 3.299940e+00 5.291938e-19 1.144281e+00 6.278894e-02 -4.456494e-19 3.196919e+00 3.449876e+00 6.335716e-20 1.759683e-01 3.755180e-02 -1.478401e-19 1.846878e+00 3.354535e+00 6.821510e-19 1.174073e+00 5.778923e-02 -4.709538e-19 3.223476e+00 3.468030e+00 8.432166e-20 1.759683e-01 3.755180e-02 -1.478401e-19 1.862517e+00 3.363793e+00 7.070304e-19 1.184991e+00 6.668508e-02 -4.748686e-19
57             5.243345e-01 2.008069e-01 -2.581217e-19 1.756581e-01 3.732381e-02 -1.480377e-19 2.762005e-01 1.295362e-01 -7.423644e-19 7.247603e-02 3.394689e-02 6.322803e-19 5.581242e-01 4.231196e-01 -1.320462e-19 1.756581e-01 3.732381e-02 -1.480377e-19 2.902948e-01 3.499125e-01 -5.513504e-19 9.217138e-02 3.588331e-02 5.673419e-19 3.482464e-01 4.093279e-01 -2.674844e-19 1.756581e-01 3.732381e-02 -1.480377e-19 6.141466e-02 3.465949e-01 -8.269426e-19 1.111737e-01 2.540919e-02 7.074959e-19 3.538711e-01 5.848582e-01 -1.480546e-21 1.756581e-01 3.732381e-02 -1.480377e-19 4.455180e-02 5.218172e-01 -6.352773e-19 1.336613e-01 2.571711e-02 7.818344e-19 9.599369e-01 8.387041e-01 4.798645e-19 1.756581e-01 3.732381e-02 -1.480377e-19 6.159693e-01 7.950180e-01 -3.809140e-19 1.683096e-01 6.362260e-03 1.008816e-18 1.512802e+00 1.093007e+00 -4.518385e-19 1.756581e-01 3.732381e-02 -1.480377e-19 1.137008e+00 1.074918e+00 -1.915503e-19 2.001359e-01 -1.923404e-02 -1.122505e-19 1.774145e+00 1.261375e+00 -4.654313e-19 1.756581e-01 3.732381e-02 -1.480377e-19 1.367589e+00 1.240706e+00 -1.283017e-19 2.308976e-01 -1.665459e-02 -1.890920e-19 1.945170e+00 1.468046e+00 -7.323131e-19 1.756581e-01 3.732381e-02 -1.480377e-19 1.489268e+00 1.426137e+00 -3.986367e-19 2.802437e-01 4.585230e-03 -1.856388e-19 2.131701e+00 1.776229e+00 -9.211791e-19 1.756581e-01 3.732381e-02 -1.480377e-19 1.599419e+00 1.699803e+00 -6.495269e-19 3.566236e-01 3.910217e-02 -1.236146e-19 2.322180e+00 1.992159e+00 -7.801215e-19 1.756581e-01 3.732381e-02 -1.480377e-19 1.695068e+00 1.859583e+00 -4.427668e-19 4.514541e-01 9.525231e-02 -1.893171e-19 2.480931e+00 2.253188e+00 -7.783486e-19 1.756581e-01 3.732381e-02 -1.480377e-19 1.719556e+00 2.099241e+00 -4.427668e-19 5.857166e-01 1.166230e-01 -1.875442e-19 2.578956e+00 2.483086e+00 -7.800837e-19 1.756581e-01 3.732381e-02 -1.480377e-19 1.719556e+00 2.329139e+00 -4.427668e-19 6.837418e-01 1.166230e-01 -1.892792e-19 2.672201e+00 2.686594e+00 -7.800861e-19 1.756581e-01 3.732381e-02 -1.480377e-19 1.719556e+00 2.532648e+00 -4.427668e-19 7.769872e-01 1.166230e-01 -1.892817e-19 2.765055e+00 2.866092e+00 -7.800861e-19 1.756581e-01 3.732381e-02 -1.480377e-19 1.719556e+00 2.712145e+00 -4.427668e-19 8.698412e-01 1.166230e-01 -1.892817e-19 2.862650e+00 3.019181e+00 -7.800872e-19 1.756581e-01 3.732381e-02 -1.480377e-19 1.719556e+00 2.865235e+00 -4.427668e-19 9.674362e-01 1.166230e-01 -1.892828e-19 3.012017e+00 3.197344e+00 -5.333147e-19 1.756581e-01 3.732381e-02 -1.480377e-19 1.774657e+00 3.074829e+00 -7.073061e-20 1.061702e+00 8.519101e-02 -3.145464e-19 3.092243e+00 3.309456e+00 -2.556311e-19 1.756581e-01 3.732381e-02 -1.480377e-19 1.812277e+00 3.200472e+00 2.635858e-19 1.104308e+00 7.166059e-02 -3.711792e-19 3.155222e+00 3.390336e+00 -6.884083e-20 1.756581e-01 3.732381e-02 -1.480377e-19 1.839925e+00 3.290163e+00 5.239011e-19 1.139639e+00 6.284893e-02 -4.447043e-19 3.198562e+00 3.440206e+00 5.602871e-20 1.756581e-01 3.732381e-02 -1.480377e-19 1.853740e+00 3.344914e+00 6.736821e-19 1.169164e+00 5.796760e-02 -4.696157e-19 3.222860e+00 3.458778e+00 7.893378e-20 1.756581e-01 3.732381e-02 -1.480377e-19 1.867237e+00 3.354258e+00 6.998112e-19 1.179965e+00 6.719641e-02 -4.728397e-19
58             5.243110e-01 1.999025e-01 -2.584375e-19 1.753489e-01 3.711041e-02 -1.480706e-19 2.771691e-01 1.290393e-01 -7.434155e-19 7.179302e-02 3.375283e-02 6.330486e-19 5.578387e-01 4.217216e-01 -1.305260e-19 1.753489e-01 3.711041e-02 -1.480706e-19 2.913674e-01 3.489394e-01 -5.509926e-19 9.112238e-02 3.567184e-02 5.685371e-19 3.477687e-01 4.073576e-01 -2.650003e-19 1.753489e-01 3.711041e-02 -1.480706e-19 6.255925e-02 3.449784e-01 -8.253641e-19 1.098606e-01 2.526873e-02 7.084344e-19 3.534019e-01 5.822381e-01 2.532178e-21 1.753489e-01 3.711041e-02 -1.480706e-19 4.579405e-02 5.195459e-01 -6.325632e-19 1.322589e-01 2.558174e-02 7.831660e-19 9.595635e-01 8.354075e-01 4.849754e-19 1.753489e-01 3.711041e-02 -1.480706e-19 6.174303e-01 7.919519e-01 -3.768589e-19 1.667843e-01 6.345156e-03 1.009905e-18 1.512622e+00 1.089345e+00 -4.471178e-19 1.753489e-01 3.711041e-02 -1.480706e-19 1.138775e+00 1.071370e+00 -1.864896e-19 1.984976e-01 -1.913504e-02 -1.125576e-19 1.774427e+00 1.256988e+00 -4.604602e-19 1.753489e-01 3.711041e-02 -1.480706e-19 1.369947e+00 1.236431e+00 -1.228218e-19 2.291310e-01 -1.655299e-02 -1.895677e-19 1.946000e+00 1.462897e+00 -7.288868e-19 1.753489e-01 3.711041e-02 -1.480706e-19 1.492367e+00 1.421158e+00 -3.946938e-19 2.782838e-01 4.628378e-03 -1.861224e-19 2.133050e+00 1.770290e+00 -9.190577e-19 1.753489e-01 3.711041e-02 -1.480706e-19 1.603336e+00 1.694141e+00 -6.472959e-19 3.543651e-01 3.903837e-02 -1.236912e-19 2.324089e+00 1.985316e+00 -7.766335e-19 1.753489e-01 3.711041e-02 -1.480706e-19 1.699833e+00 1.853158e+00 -4.387019e-19 4.489066e-01 9.504735e-02 -1.898609e-19 2.482700e+00 2.245466e+00 -7.750740e-19 1.753489e-01 3.711041e-02 -1.480706e-19 1.724467e+00 2.091980e+00 -4.387019e-19 5.828834e-01 1.163752e-01 -1.883015e-19 2.580516e+00 2.474613e+00 -7.765954e-19 1.753489e-01 3.711041e-02 -1.480706e-19 1.724467e+00 2.321128e+00 -4.387019e-19 6.806995e-01 1.163752e-01 -1.898228e-19 2.673536e+00 2.677432e+00 -7.765976e-19 1.753489e-01 3.711041e-02 -1.480706e-19 1.724467e+00 2.523947e+00 -4.387019e-19 7.737197e-01 1.163752e-01 -1.898250e-19 2.766163e+00 2.856292e+00 -7.765976e-19 1.753489e-01 3.711041e-02 -1.480706e-19 1.724467e+00 2.702806e+00 -4.387019e-19 8.663461e-01 1.163752e-01 -1.898250e-19 2.863556e+00 3.008856e+00 -7.765987e-19 1.753489e-01 3.711041e-02 -1.480706e-19 1.724467e+00 2.855370e+00 -4.387019e-19 9.637397e-01 1.163752e-01 -1.898261e-19 3.012336e+00 3.186926e+00 -5.316614e-19 1.753489e-01 3.711041e-02 -1.480706e-19 1.779234e+00 3.064809e+00 -6.909606e-20 1.057754e+00 8.500742e-02 -3.144947e-19 3.092085e+00 3.299095e+00 -2.559161e-19 1.753489e-01 3.711041e-02 -1.480706e-19 1.816601e+00 3.190420e+00 2.629751e-19 1.100135e+00 7.156414e-02 -3.708206e-19 3.154601e+00 3.380155e+00 -7.044922e-20 1.753489e-01 3.711041e-02 -1.480706e-19 1.844061e+00 3.280164e+00 5.215313e-19 1.135192e+00 6.288082e-02 -4.439099e-19 3.197544e+00 3.430250e+00 5.310667e-20 1.753489e-01 3.711041e-02 -1.480706e-19 1.857738e+00 3.335020e+00 6.698228e-19 1.164456e+00 5.811975e-02 -4.686455e-19 3.220529e+00 3.449226e+00 7.728245e-20 1.753489e-01 3.711041e-02 -1.480706e-19 1.870031e+00 3.344443e+00 6.968316e-19 1.175150e+00 6.767232e-02 -4.714785e-19
59             5.239219e-01 1.989778e-01 -2.583799e-19 1.750408e-01 3.690888e-02 -1.479842e-19 2.777376e-01 1.285019e-01 -7.436035e-19 7.114352e-02 3.356700e-02 6.332078e-19 5.571715e-01 4.202113e-01 -1.290365e-19 1.750408e-01 3.690888e-02 -1.479842e-19 2.920115e-01 3.478335e-01 -5.501565e-19 9.011922e-02 3.546884e-02 5.691042e-19 3.470934e-01 4.054095e-01 -2.626101e-19 1.750408e-01 3.690888e-02 -1.479842e-19 6.344601e-02 3.433695e-01 -8.233181e-19 1.086066e-01 2.513113e-02 7.086923e-19 3.527299e-01 5.796517e-01 5.870391e-21 1.750408e-01 3.690888e-02 -1.479842e-19 4.676886e-02 5.172940e-01 -6.297998e-19 1.309202e-01 2.544885e-02 7.836544e-19 9.584615e-01 8.321289e-01 4.887128e-19 1.750408e-01 3.690888e-02 -1.479842e-19 6.180919e-01 7.888942e-01 -3.733276e-19 1.653288e-01 6.325746e-03 1.010025e-18 1.511205e+00 1.085618e+00 -4.429084e-19 1.750408e-01 3.690888e-02 -1.479842e-19 1.139233e+00 1.067751e+00 -1.824078e-19 1.969319e-01 -1.904174e-02 -1.125164e-19 1.773105e+00 1.252629e+00 -4.560657e-19 1.750408e-01 3.690888e-02 -1.479842e-19 1.370622e+00 1.232178e+00 -1.185027e-19 2.274416e-01 -1.645771e-02 -1.895788e-19 1.944915e+00 1.457827e+00 -7.253483e-19 1.750408e-01 3.690888e-02 -1.479842e-19 1.493465e+00 1.416251e+00 -3.912198e-19 2.764091e-01 4.666829e-03 -1.861443e-19 2.132187e+00 1.764364e+00 -9.163094e-19 1.750408e-01 3.690888e-02 -1.479842e-19 1.604943e+00 1.688483e+00 -6.448548e-19 3.522028e-01 3.897160e-02 -1.234704e-19 2.323502e+00 1.978513e+00 -7.729765e-19 1.750408e-01 3.690888e-02 -1.479842e-19 1.702000e+00 1.846766e+00 -4.350539e-19 4.464611e-01 9.483880e-02 -1.899384e-19 2.481923e+00 2.237760e+00 -7.715796e-19 1.750408e-01 3.690888e-02 -1.479842e-19 1.726728e+00 2.084728e+00 -4.350539e-19 5.801539e-01 1.161236e-01 -1.885415e-19 2.579534e+00 2.466113e+00 -7.729383e-19 1.750408e-01 3.690888e-02 -1.479842e-19 1.726728e+00 2.313081e+00 -4.350539e-19 6.777648e-01 1.161236e-01 -1.899002e-19 2.672343e+00 2.668238e+00 -7.729403e-19 1.750408e-01 3.690888e-02 -1.479842e-19 1.726728e+00 2.515206e+00 -4.350539e-19 7.705740e-01 1.161236e-01 -1.899022e-19 2.764758e+00 2.846464e+00 -7.729403e-19 1.750408e-01 3.690888e-02 -1.479842e-19 1.726728e+00 2.693431e+00 -4.350539e-19 8.629892e-01 1.161236e-01 -1.899022e-19 2.861966e+00 2.998446e+00 -7.729414e-19 1.750408e-01 3.690888e-02 -1.479842e-19 1.726728e+00 2.845413e+00 -4.350539e-19 9.601974e-01 1.161236e-01 -1.899033e-19 3.010260e+00 3.176176e+00 -5.293706e-19 1.750408e-01 3.690888e-02 -1.479842e-19 1.781234e+00 3.054456e+00 -6.733100e-20 1.053985e+00 8.481102e-02 -3.140554e-19 3.089632e+00 3.288231e+00 -2.549180e-19 1.750408e-01 3.690888e-02 -1.479842e-19 1.818431e+00 3.179875e+00 2.631987e-19 1.096160e+00 7.144686e-02 -3.701326e-19 3.151832e+00 3.369363e+00 -6.990278e-20 1.750408e-01 3.690888e-02 -1.479842e-19 1.845830e+00 3.269570e+00 5.211275e-19 1.130962e+00 6.288372e-02 -4.430461e-19 3.194535e+00 3.419600e+00 5.363683e-20 1.750408e-01 3.690888e-02 -1.479842e-19 1.859515e+00 3.324452e+00 6.694984e-19 1.159979e+00 5.823944e-02 -4.678774e-19 3.217272e+00 3.438969e+00 7.830369e-20 1.750408e-01 3.690888e-02 -1.479842e-19 1.871662e+00 3.333954e+00 6.969193e-19 1.170569e+00 6.810652e-02 -4.706314e-19
60             5.233199e-01 1.980622e-01 -2.580680e-19 1.747336e-01 3.671557e-02 -1.478177e-19 2.780498e-01 1.279571e-01 -7.432871e-19 7.053651e-02 3.338955e-02 6.330369e-19 5.562963e-01 4.186688e-01 -1.275940e-19 1.747336e-01 3.671557e-02 -1.478177e-19 2.923783e-01 3.466785e-01 -5.490996e-19 8.918434e-02 3.527473e-02 5.693233e-19 3.463581e-01 4.035240e-01 -2.602947e-19 1.747336e-01 3.671557e-02 -1.478177e-19 6.418492e-02 3.418103e-01 -8.210341e-19 1.074396e-01 2.499815e-02 7.085571e-19 3.519999e-01 5.770992e-01 8.788928e-21 1.747336e-01 3.671557e-02 -1.478177e-19 4.759273e-02 5.150633e-01 -6.270508e-19 1.296736e-01 2.532027e-02 7.836574e-19 9.569227e-01 8.288028e-01 4.916045e-19 1.747336e-01 3.671557e-02 -1.478177e-19 6.182169e-01 7.857817e-01 -3.701322e-19 1.639722e-01 6.305582e-03 1.009554e-18 1.508982e+00 1.081723e+00 -4.388914e-19 1.747336e-01 3.671557e-02 -1.478177e-19 1.138779e+00 1.063958e+00 -1.789133e-19 1.954694e-01 -1.895041e-02 -1.121604e-19 1.770755e+00 1.248089e+00 -4.518929e-19 1.747336e-01 3.671557e-02 -1.478177e-19 1.370157e+00 1.227735e+00 -1.148781e-19 2.258639e-01 -1.636234e-02 -1.891971e-19 1.942628e+00 1.452531e+00 -7.216361e-19 1.747336e-01 3.671557e-02 -1.478177e-19 1.493239e+00 1.411108e+00 -3.880466e-19 2.746553e-01 4.707212e-03 -1.857718e-19 2.129949e+00 1.758071e+00 -9.130793e-19 1.747336e-01 3.671557e-02 -1.478177e-19 1.605043e+00 1.682447e+00 -6.423149e-19 3.501730e-01 3.890843e-02 -1.229467e-19 2.321361e+00 1.971290e+00 -7.691399e-19 1.747336e-01 3.671557e-02 -1.478177e-19 1.702472e+00 1.839941e+00 -4.317122e-19 4.441547e-01 9.463351e-02 -1.896100e-19 2.479557e+00 2.229572e+00 -7.678608e-19 1.747336e-01 3.671557e-02 -1.478177e-19 1.727258e+00 2.076982e+00 -4.317122e-19 5.775656e-01 1.158747e-01 -1.883309e-19 2.576971e+00 2.457091e+00 -7.691016e-19 1.747336e-01 3.671557e-02 -1.478177e-19 1.727258e+00 2.304500e+00 -4.317122e-19 6.749798e-01 1.158747e-01 -1.895717e-19 2.669585e+00 2.658505e+00 -7.691035e-19 1.747336e-01 3.671557e-02 -1.478177e-19 1.727258e+00 2.505914e+00 -4.317122e-19 7.675932e-01 1.158747e-01 -1.895736e-19 2.761802e+00 2.836069e+00 -7.691035e-19 1.747336e-01 3.671557e-02 -1.478177e-19 1.727258e+00 2.683479e+00 -4.317122e-19 8.598101e-01 1.158747e-01 -1.895736e-19 2.858834e+00 2.987416e+00 -7.691046e-19 1.747336e-01 3.671557e-02 -1.478177e-19 1.727258e+00 2.834826e+00 -4.317122e-19 9.568429e-01 1.158747e-01 -1.895747e-19 3.006774e+00 3.164600e+00 -5.262494e-19 1.747336e-01 3.671557e-02 -1.478177e-19 1.781615e+00 3.043274e+00 -6.499459e-20 1.050426e+00 8.461013e-02 -3.134371e-19 3.085925e+00 3.276424e+00 -2.521006e-19 1.747336e-01 3.671557e-02 -1.478177e-19 1.818778e+00 3.168392e+00 2.651867e-19 1.092413e+00 7.131638e-02 -3.694696e-19 3.148002e+00 3.357552e+00 -6.643344e-20 1.747336e-01 3.671557e-02 -1.478177e-19 1.846289e+00 3.257973e+00 5.240351e-19 1.126980e+00 6.286355e-02 -4.426508e-19 3.190649e+00 3.407849e+00 5.852595e-20 1.747336e-01 3.671557e-02 -1.478177e-19 1.860147e+00 3.312806e+00 6.742773e-19 1.155768e+00 5.832814e-02 -4.679337e-19 3.214358e+00 3.427583e+00 8.273531e-20 1.747336e-01 3.671557e-02 -1.478177e-19 1.873365e+00 3.322369e+00 7.014990e-19 1.166259e+00 6.849798e-02 -4.709459e-19
61             5.225686e-01 1.971832e-01 -2.576127e-19 1.744274e-01 3.652964e-02 -1.476012e-19 2.781637e-01 1.274321e-01 -7.426883e-19 6.997750e-02 3.322150e-02 6.326768e-19 5.552833e-01 4.171405e-01 -1.263056e-19 1.744274e-01 3.652964e-02 -1.476012e-19 2.925280e-01 3.455204e-01 -5.480153e-19 8.832783e-02 3.509053e-02 5.693109e-19 3.455793e-01 4.017283e-01 -2.581999e-19 1.744274e-01 3.652964e-02 -1.476012e-19 6.478226e-02 3.403277e-01 -8.187703e-19 1.063696e-01 2.487089e-02 7.081716e-19 3.512257e-01 5.746522e-01 1.121685e-20 1.744274e-01 3.652964e-02 -1.476012e-19 4.827143e-02 5.129257e-01 -6.245203e-19 1.285269e-01 2.519689e-02 7.833384e-19 9.551171e-01 8.255708e-01 4.937148e-19 1.744274e-01 3.652964e-02 -1.476012e-19 6.179680e-01 7.827564e-01 -3.674005e-19 1.627216e-01 6.284761e-03 1.008717e-18 1.506262e+00 1.077870e+00 -4.352555e-19 1.744274e-01 3.652964e-02 -1.476012e-19 1.137717e+00 1.060201e+00 -1.760695e-19 1.941181e-01 -1.886133e-02 -1.115848e-19 1.767765e+00 1.243577e+00 -4.481208e-19 1.744274e-01 3.652964e-02 -1.476012e-19 1.368929e+00 1.223314e+00 -1.119774e-19 2.244085e-01 -1.626692e-02 -1.885422e-19 1.939583e+00 1.447220e+00 -7.180497e-19 1.744274e-01 3.652964e-02 -1.476012e-19 1.492119e+00 1.405940e+00 -3.853258e-19 2.730362e-01 4.750809e-03 -1.851227e-19 2.126818e+00 1.751652e+00 -9.097348e-19 1.744274e-01 3.652964e-02 -1.476012e-19 1.604098e+00 1.676271e+00 -6.399189e-19 3.482934e-01 3.885189e-02 -1.222147e-19 2.318159e+00 1.963921e+00 -7.654830e-19 1.744274e-01 3.652964e-02 -1.476012e-19 1.701722e+00 1.832954e+00 -4.289031e-19 4.420100e-01 9.443769e-02 -1.889786e-19 2.476100e+00 2.221263e+00 -7.642611e-19 1.744274e-01 3.652964e-02 -1.476012e-19 1.726525e+00 2.069098e+00 -4.289031e-19 5.751479e-01 1.156355e-01 -1.877567e-19 2.573331e+00 2.448009e+00 -7.654450e-19 1.744274e-01 3.652964e-02 -1.476012e-19 1.726525e+00 2.295844e+00 -4.289031e-19 6.723786e-01 1.156355e-01 -1.889406e-19 2.665763e+00 2.648774e+00 -7.654468e-19 1.744274e-01 3.652964e-02 -1.476012e-19 1.726525e+00 2.496609e+00 -4.289031e-19 7.648107e-01 1.156355e-01 -1.889425e-19 2.757795e+00 2.825731e+00 -7.654468e-19 1.744274e-01 3.652964e-02 -1.476012e-19 1.726525e+00 2.673566e+00 -4.289031e-19 8.568427e-01 1.156355e-01 -1.889425e-19 2.854665e+00 2.976518e+00 -7.654479e-19 1.744274e-01 3.652964e-02 -1.476012e-19 1.726525e+00 2.824353e+00 -4.289031e-19 9.537124e-01 1.156355e-01 -1.889436e-19 3.002487e+00 3.153115e+00 -5.220651e-19 1.744274e-01 3.652964e-02 -1.476012e-19 1.780951e+00 3.032172e+00 -6.143843e-20 1.047109e+00 8.441302e-02 -3.130255e-19 3.081680e+00 3.264727e+00 -2.464496e-19 1.744274e-01 3.652964e-02 -1.476012e-19 1.818328e+00 3.157014e+00 2.705464e-19 1.088924e+00 7.118300e-02 -3.693948e-19 3.143905e+00 3.345883e+00 -5.847402e-20 1.744274e-01 3.652964e-02 -1.476012e-19 1.846204e+00 3.246520e+00 5.326281e-19 1.123273e+00 6.283245e-02 -4.435009e-19 3.186704e+00 3.396204e+00 6.958817e-20 1.744274e-01 3.652964e-02 -1.476012e-19 1.860426e+00 3.301277e+00 6.868225e-19 1.151851e+00 5.839772e-02 -4.696331e-19 3.212497e+00 3.416258e+00 9.247480e-20 1.744274e-01 3.652964e-02 -1.476012e-19 1.875823e+00 3.310874e+00 7.132996e-19 1.162247e+00 6.885493e-02 -4.732236e-19
62             5.217187e-01 1.963931e-01 -2.571505e-19 1.741222e-01 3.635393e-02 -1.473756e-19 2.781338e-01 1.269748e-01 -7.420109e-19 6.946277e-02 3.306442e-02 6.322361e-19 5.541774e-01 4.157607e-01 -1.253192e-19 1.741222e-01 3.635393e-02 -1.473756e-19 2.925173e-01 3.444890e-01 -5.470772e-19 8.753798e-02 3.491777e-02 5.691337e-19 3.446924e-01 4.001999e-01 -2.565838e-19 1.741222e-01 3.635393e-02 -1.473756e-19 6.519053e-02 3.390958e-01 -8.168740e-19 1.053798e-01 2.475019e-02 7.076658e-19 3.503304e-01 5.726116e-01 1.290577e-20 1.741222e-01 3.635393e-02 -1.473756e-19 4.874745e-02 5.111783e-01 -6.225452e-19 1.274608e-01 2.507939e-02 7.828266e-19 9.532187e-01 8.229389e-01 4.949053e-19 1.741222e-01 3.635393e-02 -1.473756e-19 6.175395e-01 7.803210e-01 -3.654747e-19 1.615571e-01 6.263927e-03 1.007756e-18 1.503473e+00 1.074766e+00 -4.326099e-19 1.741222e-01 3.635393e-02 -1.473756e-19 1.136492e+00 1.057188e+00 -1.742246e-19 1.928588e-01 -1.877570e-02 -1.110096e-19 1.764628e+00 1.239975e+00 -4.453780e-19 1.741222e-01 3.635393e-02 -1.473756e-19 1.367450e+00 1.219794e+00 -1.101391e-19 2.230564e-01 -1.617366e-02 -1.878633e-19 1.936283e+00 1.442970e+00 -7.152402e-19 1.741222e-01 3.635393e-02 -1.473756e-19 1.490626e+00 1.401819e+00 -3.834171e-19 2.715351e-01 4.797006e-03 -1.844474e-19 2.123310e+00 1.746461e+00 -9.069426e-19 1.741222e-01 3.635393e-02 -1.473756e-19 1.602636e+00 1.671303e+00 -6.380451e-19 3.465513e-01 3.880386e-02 -1.215219e-19 2.314428e+00 1.957971e+00 -7.626572e-19 1.741222e-01 3.635393e-02 -1.473756e-19 1.700286e+00 1.827360e+00 -4.269841e-19 4.400199e-01 9.425689e-02 -1.882974e-19 2.472091e+00 2.214620e+00 -7.614339e-19 1.741222e-01 3.635393e-02 -1.473756e-19 1.725068e+00 2.062853e+00 -4.269841e-19 5.729002e-01 1.154128e-01 -1.870741e-19 2.569152e+00 2.440856e+00 -7.626196e-19 1.741222e-01 3.635393e-02 -1.473756e-19 1.725068e+00 2.289089e+00 -4.269841e-19 6.699615e-01 1.154128e-01 -1.882598e-19 2.661416e+00 2.641214e+00 -7.626215e-19 1.741222e-01 3.635393e-02 -1.473756e-19 1.725068e+00 2.489447e+00 -4.269841e-19 7.622254e-01 1.154128e-01 -1.882617e-19 2.753278e+00 2.817795e+00 -7.626215e-19 1.741222e-01 3.635393e-02 -1.473756e-19 1.725068e+00 2.666028e+00 -4.269841e-19 8.540870e-01 1.154128e-01 -1.882617e-19 2.850000e+00 2.968269e+00 -7.626226e-19 1.741222e-01 3.635393e-02 -1.473756e-19 1.725068e+00 2.816502e+00 -4.269841e-19 9.508090e-01 1.154128e-01 -1.882628e-19 2.997880e+00 3.144482e+00 -5.178200e-19 1.741222e-01 3.635393e-02 -1.473756e-19 1.779724e+00 3.023899e+00 -5.752044e-20 1.044034e+00 8.422906e-02 -3.129239e-19 3.077265e+00 3.256027e+00 -2.396843e-19 1.741222e-01 3.635393e-02 -1.473756e-19 1.817457e+00 3.148612e+00 2.775278e-19 1.085686e+00 7.106041e-02 -3.698365e-19 3.139752e+00 3.337318e+00 -4.867816e-20 1.741222e-01 3.635393e-02 -1.473756e-19 1.845802e+00 3.238156e+00 5.438253e-19 1.119828e+00 6.280837e-02 -4.451278e-19 3.182760e+00 3.387714e+00 8.288926e-20 1.741222e-01 3.635393e-02 -1.473756e-19 1.860432e+00 3.292890e+00 7.024461e-19 1.148206e+00 5.846979e-02 -4.721812e-19 3.210540e+00 3.408076e+00 1.045455e-19 1.741222e-01 3.635393e-02 -1.473756e-19 1.877909e+00 3.302522e+00 7.282753e-19 1.158509e+00 6.920025e-02 -4.763542e-19
63             5.208869e-01 1.957196e-01 -2.567923e-19 1.738177e-01 3.619148e-02 -1.471838e-19 2.780879e-01 1.266081e-01 -7.414657e-19 6.898129e-02 3.291997e-02 6.318572e-19 5.530923e-01 4.146280e-01 -1.245773e-19 1.738177e-01 3.619148e-02 -1.471838e-19 2.924858e-01 3.436785e-01 -5.463384e-19 8.678879e-02 3.475806e-02 5.689449e-19 3.437320e-01 3.990137e-01 -2.553694e-19 1.738177e-01 3.619148e-02 -1.471838e-19 6.547838e-02 3.381847e-01 -8.154066e-19 1.044359e-01 2.463760e-02 7.072209e-19 3.493475e-01 5.710600e-01 1.412678e-20 1.738177e-01 3.619148e-02 -1.471838e-19 4.908930e-02 5.098992e-01 -6.210453e-19 1.264405e-01 2.496936e-02 7.823558e-19 9.514586e-01 8.210190e-01 4.956758e-19 1.738177e-01 3.619148e-02 -1.471838e-19 6.171979e-01 7.785818e-01 -3.640946e-19 1.604430e-01 6.245726e-03 1.006954e-18 1.501047e+00 1.072586e+00 -4.308048e-19 1.738177e-01 3.619148e-02 -1.471838e-19 1.135574e+00 1.055086e+00 -1.729812e-19 1.916552e-01 -1.869181e-02 -1.106398e-19 1.761900e+00 1.237493e+00 -4.435029e-19 1.738177e-01 3.619148e-02 -1.471838e-19 1.366314e+00 1.217383e+00 -1.089117e-19 2.217684e-01 -1.608178e-02 -1.874074e-19 1.933383e+00 1.440060e+00 -7.132521e-19 1.738177e-01 3.619148e-02 -1.471838e-19 1.489454e+00 1.399021e+00 -3.820729e-19 2.701117e-01 4.846929e-03 -1.839954e-19 2.120194e+00 1.742908e+00 -9.049315e-19 1.738177e-01 3.619148e-02 -1.471838e-19 1.601470e+00 1.667950e+00 -6.366825e-19 3.449060e-01 3.876618e-02 -1.210653e-19 2.311084e+00 1.953893e+00 -7.606505e-19 1.738177e-01 3.619148e-02 -1.471838e-19 1.699123e+00 1.823608e+00 -4.256252e-19 4.381431e-01 9.409360e-02 -1.878416e-19 2.468480e+00 2.210089e+00 -7.594201e-19 1.738177e-01 3.619148e-02 -1.471838e-19 1.723881e+00 2.058688e+00 -4.256252e-19 5.707814e-01 1.152094e-01 -1.866112e-19 2.565383e+00 2.436032e+00 -7.606132e-19 1.738177e-01 3.619148e-02 -1.471838e-19 1.723881e+00 2.284631e+00 -4.256252e-19 6.676841e-01 1.152094e-01 -1.878043e-19 2.657488e+00 2.636168e+00 -7.606152e-19 1.738177e-01 3.619148e-02 -1.471838e-19 1.723881e+00 2.484767e+00 -4.256252e-19 7.597897e-01 1.152094e-01 -1.878063e-19 2.749193e+00 2.812549e+00 -7.606152e-19 1.738177e-01 3.619148e-02 -1.471838e-19 1.723881e+00 2.661148e+00 -4.256252e-19 8.514941e-01 1.152094e-01 -1.878063e-19 2.845780e+00 2.962870e+00 -7.606163e-19 1.738177e-01 3.619148e-02 -1.471838e-19 1.723881e+00 2.811469e+00 -4.256252e-19 9.480820e-01 1.152094e-01 -1.878073e-19 2.993670e+00 3.138904e+00 -5.147567e-19 1.738177e-01 3.619148e-02 -1.471838e-19 1.778707e+00 3.018649e+00 -5.468062e-20 1.041146e+00 8.406367e-02 -3.128923e-19 3.073145e+00 3.250472e+00 -2.348513e-19 1.738177e-01 3.619148e-02 -1.471838e-19 1.816687e+00 3.143324e+00 2.825051e-19 1.082640e+00 7.095673e-02 -3.701727e-19 3.135746e+00 3.331936e+00 -4.178844e-20 1.738177e-01 3.619148e-02 -1.471838e-19 1.845348e+00 3.232943e+00 5.516499e-19 1.116580e+00 6.280180e-02 -4.462545e-19 3.178826e+00 3.382464e+00 9.205302e-20 1.738177e-01 3.619148e-02 -1.471838e-19 1.860245e+00 3.287715e+00 7.131632e-19 1.144763e+00 5.855806e-02 -4.739264e-19 3.207554e+00 3.403150e+00 1.132757e-19 1.738177e-01 3.619148e-02 -1.471838e-19 1.878764e+00 3.297405e+00 7.388685e-19 1.154973e+00 6.955426e-02 -4.784090e-19
64             5.201131e-01 1.951357e-01 -2.565010e-19 1.735141e-01 3.604166e-02 -1.470180e-19 2.780733e-01 1.263055e-01 -7.410249e-19 6.852577e-02 3.278860e-02 6.315418e-19 5.520681e-01 4.136760e-01 -1.238830e-19 1.735141e-01 3.604166e-02 -1.470180e-19 2.924883e-01 3.430225e-01 -5.456642e-19 8.606571e-02 3.461178e-02 5.687992e-19 3.427837e-01 3.980223e-01 -2.542247e-19 1.735141e-01 3.604166e-02 -1.470180e-19 6.575049e-02 3.374463e-01 -8.140536e-19 1.035192e-01 2.453438e-02 7.068469e-19 3.483740e-01 5.697315e-01 1.535691e-20 1.735141e-01 3.604166e-02 -1.470180e-19 4.941222e-02 5.088216e-01 -6.196018e-19 1.254477e-01 2.486820e-02 7.819767e-19 9.498398e-01 8.193709e-01 4.965611e-19 1.735141e-01 3.604166e-02 -1.470180e-19 6.169648e-01 7.770968e-01 -3.627028e-19 1.593610e-01 6.232442e-03 1.006282e-18 1.498894e+00 1.070743e+00 -4.291140e-19 1.735141e-01 3.604166e-02 -1.470180e-19 1.134892e+00 1.053308e+00 -1.716810e-19 1.904881e-01 -1.860692e-02 -1.104150e-19 1.759508e+00 1.235412e+00 -4.417463e-19 1.735141e-01 3.604166e-02 -1.470180e-19 1.365472e+00 1.215359e+00 -1.076119e-19 2.205220e-01 -1.598860e-02 -1.871164e-19 1.930860e+00 1.437640e+00 -7.114484e-19 1.735141e-01 3.604166e-02 -1.470180e-19 1.488606e+00 1.396696e+00 -3.807203e-19 2.687400e-01 4.902337e-03 -1.837102e-19 2.117506e+00 1.739986e+00 -9.031630e-19 1.735141e-01 3.604166e-02 -1.470180e-19 1.600665e+00 1.665205e+00 -6.353833e-19 3.433269e-01 3.873932e-02 -1.207617e-19 2.308233e+00 1.950532e+00 -7.587970e-19 1.735141e-01 3.604166e-02 -1.470180e-19 1.698374e+00 1.820544e+00 -4.242130e-19 4.363450e-01 9.394608e-02 -1.875660e-19 2.465387e+00 2.206327e+00 -7.575841e-19 1.735141e-01 3.604166e-02 -1.470180e-19 1.723121e+00 2.055262e+00 -4.242130e-19 5.687516e-01 1.150231e-01 -1.863531e-19 2.562137e+00 2.431992e+00 -7.587600e-19 1.735141e-01 3.604166e-02 -1.470180e-19 1.723121e+00 2.280927e+00 -4.242130e-19 6.655018e-01 1.150231e-01 -1.875290e-19 2.654092e+00 2.631906e+00 -7.587620e-19 1.735141e-01 3.604166e-02 -1.470180e-19 1.723121e+00 2.480841e+00 -4.242130e-19 7.574566e-01 1.150231e-01 -1.875310e-19 2.745649e+00 2.808082e+00 -7.587620e-19 1.735141e-01 3.604166e-02 -1.470180e-19 1.723121e+00 2.657018e+00 -4.242130e-19 8.490141e-01 1.150231e-01 -1.875310e-19 2.842114e+00 2.958232e+00 -7.587631e-19 1.735141e-01 3.604166e-02 -1.470180e-19 1.723121e+00 2.807167e+00 -4.242130e-19 9.454784e-01 1.150231e-01 -1.875320e-19 2.989901e+00 3.134121e+00 -5.125581e-19 1.735141e-01 3.604166e-02 -1.470180e-19 1.777997e+00 3.014165e+00 -5.278129e-20 1.038390e+00 8.391443e-02 -3.127589e-19 3.069323e+00 3.245699e+00 -2.319469e-19 1.735141e-01 3.604166e-02 -1.470180e-19 1.816078e+00 3.138789e+00 2.852612e-19 1.079732e+00 7.086843e-02 -3.701901e-19 3.131886e+00 3.327304e+00 -3.789391e-20 1.735141e-01 3.604166e-02 -1.470180e-19 1.844894e+00 3.228455e+00 5.557896e-19 1.113477e+00 6.280819e-02 -4.466655e-19 3.174919e+00 3.377974e+00 9.711320e-20 1.735141e-01 3.604166e-02 -1.470180e-19 1.859933e+00 3.283275e+00 7.188348e-19 1.141472e+00 5.865781e-02 -4.747037e-19 3.203913e+00 3.398999e+00 1.184065e-19 1.735141e-01 3.604166e-02 -1.470180e-19 1.878812e+00 3.293040e+00 7.447247e-19 1.151587e+00 6.991720e-02 -4.793002e-19
65             5.193680e-01 1.945835e-01 -2.561698e-19 1.732111e-01 3.590054e-02 -1.468429e-19 2.780583e-01 1.260139e-01 -7.405335e-19 6.809854e-02 3.266906e-02 6.312066e-19 5.510826e-01 4.127393e-01 -1.230615e-19 1.732111e-01 3.590054e-02 -1.468429e-19 2.924948e-01 3.423613e-01 -5.448829e-19 8.537667e-02 3.447754e-02 5.686643e-19 3.419204e-01 3.969754e-01 -2.528495e-19 1.732111e-01 3.590054e-02 -1.468429e-19 6.606955e-02 3.366348e-01 -8.124491e-19 1.026397e-01 2.444013e-02 7.064424e-19 3.474958e-01 5.682387e-01 1.694552e-20 1.732111e-01 3.590054e-02 -1.468429e-19 4.979081e-02 5.075626e-01 -6.178147e-19 1.244939e-01 2.477565e-02 7.816032e-19 9.482392e-01 8.173998e-01 4.978534e-19 1.732111e-01 3.590054e-02 -1.468429e-19 6.167057e-01 7.752753e-01 -3.608433e-19 1.583223e-01 6.224019e-03 1.005540e-18 1.496685e+00 1.068449e+00 -4.268555e-19 1.732111e-01 3.590054e-02 -1.468429e-19 1.134107e+00 1.051068e+00 -1.698250e-19 1.893677e-01 -1.851972e-02 -1.101876e-19 1.757089e+00 1.232775e+00 -4.393985e-19 1.732111e-01 3.590054e-02 -1.468429e-19 1.364553e+00 1.212767e+00 -1.057314e-19 2.193255e-01 -1.589220e-02 -1.868241e-19 1.928369e+00 1.434578e+00 -7.091627e-19 1.732111e-01 3.590054e-02 -1.468429e-19 1.487733e+00 1.393714e+00 -3.788943e-19 2.674249e-01 4.963980e-03 -1.834255e-19 2.114923e+00 1.736334e+00 -9.010111e-19 1.732111e-01 3.590054e-02 -1.468429e-19 1.599898e+00 1.661712e+00 -6.337357e-19 3.418139e-01 3.872215e-02 -1.204325e-19 2.305579e+00 1.946344e+00 -7.564139e-19 1.732111e-01 3.590054e-02 -1.468429e-19 1.697749e+00 1.816634e+00 -4.222614e-19 4.346193e-01 9.381015e-02 -1.873096e-19 2.462518e+00 2.201590e+00 -7.552581e-19 1.732111e-01 3.590054e-02 -1.468429e-19 1.722509e+00 2.050841e+00 -4.222614e-19 5.667981e-01 1.148488e-01 -1.861538e-19 2.559118e+00 2.426791e+00 -7.563770e-19 1.732111e-01 3.590054e-02 -1.468429e-19 1.722509e+00 2.276042e+00 -4.222614e-19 6.633981e-01 1.148488e-01 -1.872727e-19 2.650928e+00 2.626298e+00 -7.563789e-19 1.732111e-01 3.590054e-02 -1.468429e-19 1.722509e+00 2.475548e+00 -4.222614e-19 7.552082e-01 1.148488e-01 -1.872746e-19 2.742347e+00 2.802090e+00 -7.563789e-19 1.732111e-01 3.590054e-02 -1.468429e-19 1.722509e+00 2.651340e+00 -4.222614e-19 8.466268e-01 1.148488e-01 -1.872746e-19 2.838696e+00 2.951885e+00 -7.563800e-19 1.732111e-01 3.590054e-02 -1.468429e-19 1.722509e+00 2.801136e+00 -4.222614e-19 9.429759e-01 1.148488e-01 -1.872757e-19 2.986264e+00 3.127504e+00 -5.105848e-19 1.732111e-01 3.590054e-02 -1.468429e-19 1.777306e+00 3.007830e+00 -5.136864e-20 1.035747e+00 8.377372e-02 -3.123733e-19 3.065511e+00 3.238996e+00 -2.302533e-19 1.732111e-01 3.590054e-02 -1.468429e-19 1.815355e+00 3.132310e+00 2.863724e-19 1.076945e+00 7.078482e-02 -3.697828e-19 3.127918e+00 3.320655e+00 -3.607709e-20 1.732111e-01 3.590054e-02 -1.468429e-19 1.844201e+00 3.221940e+00 5.571220e-19 1.110507e+00 6.281447e-02 -4.463562e-19 3.170824e+00 3.371429e+00 9.930649e-20 1.732111e-01 3.590054e-02 -1.468429e-19 1.859292e+00 3.276774e+00 7.207439e-19 1.138320e+00 5.875410e-02 -4.745945e-19 3.199791e+00 3.392784e+00 1.208376e-19 1.732111e-01 3.590054e-02 -1.468429e-19 1.878238e+00 3.286610e+00 7.468799e-19 1.148343e+00 7.027354e-02 -4.791995e-19
66             5.186925e-01 1.940049e-01 -2.557955e-19 1.729090e-01 3.576462e-02 -1.466673e-19 2.780791e-01 1.256815e-01 -7.400352e-19 6.770440e-02 3.255883e-02 6.309070e-19 5.501890e-01 4.116876e-01 -1.220556e-19 1.729090e-01 3.576462e-02 -1.466673e-19 2.925440e-01 3.415703e-01 -5.439991e-19 8.473606e-02 3.435268e-02 5.686109e-19 3.412012e-01 3.956816e-01 -2.511619e-19 1.729090e-01 3.576462e-02 -1.466673e-19 6.647620e-02 3.355645e-01 -8.105657e-19 1.018161e-01 2.435244e-02 7.060712e-19 3.467765e-01 5.663695e-01 1.903473e-20 1.729090e-01 3.576462e-02 -1.466673e-19 5.027005e-02 5.059156e-01 -6.156154e-19 1.235975e-01 2.468926e-02 7.813175e-19 9.467352e-01 8.148531e-01 4.997654e-19 1.729090e-01 3.576462e-02 -1.466673e-19 6.164817e-01 7.728709e-01 -3.583746e-19 1.573446e-01 6.217554e-03 1.004807e-18 1.494509e+00 1.065413e+00 -4.238212e-19 1.729090e-01 3.576462e-02 -1.466673e-19 1.133290e+00 1.048080e+00 -1.672054e-19 1.883105e-01 -1.843212e-02 -1.099485e-19 1.754769e+00 1.229224e+00 -4.362327e-19 1.729090e-01 3.576462e-02 -1.466673e-19 1.363665e+00 1.209254e+00 -1.030341e-19 2.181946e-01 -1.579435e-02 -1.865313e-19 1.926082e+00 1.430441e+00 -7.062731e-19 1.729090e-01 3.576462e-02 -1.466673e-19 1.486994e+00 1.389648e+00 -3.764651e-19 2.661787e-01 5.028805e-03 -1.831407e-19 2.112665e+00 1.731433e+00 -8.984395e-19 1.729090e-01 3.576462e-02 -1.466673e-19 1.599382e+00 1.656959e+00 -6.317230e-19 3.403743e-01 3.870972e-02 -1.200492e-19 2.303391e+00 1.940728e+00 -7.533836e-19 1.729090e-01 3.576462e-02 -1.466673e-19 1.697514e+00 1.811285e+00 -4.196433e-19 4.329684e-01 9.367840e-02 -1.870729e-19 2.460144e+00 2.195194e+00 -7.523361e-19 1.729090e-01 3.576462e-02 -1.466673e-19 1.722318e+00 2.044751e+00 -4.196433e-19 5.649169e-01 1.146782e-01 -1.860254e-19 2.556593e+00 2.419677e+00 -7.533467e-19 1.729090e-01 3.576462e-02 -1.466673e-19 1.722318e+00 2.269234e+00 -4.196433e-19 6.613661e-01 1.146782e-01 -1.870360e-19 2.648263e+00 2.618522e+00 -7.533485e-19 1.729090e-01 3.576462e-02 -1.466673e-19 1.722318e+00 2.468079e+00 -4.196433e-19 7.530356e-01 1.146782e-01 -1.870378e-19 2.739549e+00 2.793681e+00 -7.533485e-19 1.729090e-01 3.576462e-02 -1.466673e-19 1.722318e+00 2.643238e+00 -4.196433e-19 8.443214e-01 1.146782e-01 -1.870378e-19 2.835791e+00 2.942888e+00 -7.533495e-19 1.729090e-01 3.576462e-02 -1.466673e-19 1.722318e+00 2.792445e+00 -4.196433e-19 9.405636e-01 1.146782e-01 -1.870388e-19 2.983007e+00 3.118069e+00 -5.088361e-19 1.729090e-01 3.576462e-02 -1.466673e-19 1.776890e+00 2.998674e+00 -5.046806e-20 1.033208e+00 8.363057e-02 -3.117007e-19 3.061932e+00 3.229337e+00 -2.299591e-19 1.729090e-01 3.576462e-02 -1.466673e-19 1.814750e+00 3.122881e+00 2.855908e-19 1.074274e+00 7.069213e-02 -3.688826e-19 3.124035e+00 3.310912e+00 -3.674612e-20 1.729090e-01 3.576462e-02 -1.466673e-19 1.843463e+00 3.212343e+00 5.550928e-19 1.107663e+00 6.280462e-02 -4.451715e-19 3.166712e+00 3.361710e+00 9.801531e-20 1.729090e-01 3.576462e-02 -1.466673e-19 1.858496e+00 3.267117e+00 7.180774e-19 1.135307e+00 5.882857e-02 -4.733947e-19 3.195323e+00 3.383353e+00 1.198891e-19 1.729090e-01 3.576462e-02 -1.466673e-19 1.877172e+00 3.276989e+00 7.444419e-19 1.145241e+00 7.059933e-02 -4.778854e-19
67             5.181354e-01 1.933995e-01 -2.554576e-19 1.726075e-01 3.563316e-02 -1.465216e-19 2.781840e-01 1.253107e-01 -7.396866e-19 6.734396e-02 3.245565e-02 6.307506e-19 5.494393e-01 4.105527e-01 -1.209793e-19 1.726075e-01 3.563316e-02 -1.465216e-19 2.926839e-01 3.406845e-01 -5.431765e-19 8.414799e-02 3.423498e-02 5.687189e-19 3.406125e-01 3.942127e-01 -2.493724e-19 1.726075e-01 3.563316e-02 -1.465216e-19 6.695046e-02 3.343111e-01 -8.087134e-19 1.010546e-01 2.426841e-02 7.058626e-19 3.461930e-01 5.642991e-01 2.136884e-20 1.726075e-01 3.563316e-02 -1.465216e-19 5.082185e-02 5.040600e-01 -6.133457e-19 1.227636e-01 2.460601e-02 7.812362e-19 9.454573e-01 8.120615e-01 5.020803e-19 1.726075e-01 3.563316e-02 -1.465216e-19 6.164182e-01 7.702190e-01 -3.556844e-19 1.564317e-01 6.209410e-03 1.004286e-18 1.492639e+00 1.062108e+00 -4.205088e-19 1.726075e-01 3.563316e-02 -1.465216e-19 1.132712e+00 1.044823e+00 -1.642471e-19 1.873200e-01 -1.834814e-02 -1.097401e-19 1.752834e+00 1.225353e+00 -4.327726e-19 1.726075e-01 3.563316e-02 -1.465216e-19 1.363094e+00 1.205420e+00 -9.995896e-20 2.171324e-01 -1.569975e-02 -1.862920e-19 1.924258e+00 1.425936e+00 -7.032467e-19 1.726075e-01 3.563316e-02 -1.465216e-19 1.486646e+00 1.385211e+00 -3.738159e-19 2.650041e-01 5.091311e-03 -1.829092e-19 2.110951e+00 1.726120e+00 -8.958580e-19 1.726075e-01 3.563316e-02 -1.465216e-19 1.599335e+00 1.651791e+00 -6.296559e-19 3.390091e-01 3.869575e-02 -1.196805e-19 2.301827e+00 1.934640e+00 -7.502151e-19 1.726075e-01 3.563316e-02 -1.465216e-19 1.697827e+00 1.805463e+00 -4.167994e-19 4.313923e-01 9.354423e-02 -1.868940e-19 2.458407e+00 2.188250e+00 -7.492997e-19 1.726075e-01 3.563316e-02 -1.465216e-19 1.722693e+00 2.038113e+00 -4.167994e-19 5.631065e-01 1.145046e-01 -1.859787e-19 2.554704e+00 2.411938e+00 -7.501781e-19 1.726075e-01 3.563316e-02 -1.465216e-19 1.722693e+00 2.261801e+00 -4.167994e-19 6.594036e-01 1.145046e-01 -1.868571e-19 2.646236e+00 2.610052e+00 -7.501797e-19 1.726075e-01 3.563316e-02 -1.465216e-19 1.722693e+00 2.459915e+00 -4.167994e-19 7.509355e-01 1.145046e-01 -1.868587e-19 2.737394e+00 2.784518e+00 -7.501797e-19 1.726075e-01 3.563316e-02 -1.465216e-19 1.722693e+00 2.634380e+00 -4.167994e-19 8.420941e-01 1.145046e-01 -1.868587e-19 2.833538e+00 2.933081e+00 -7.501808e-19 1.726075e-01 3.563316e-02 -1.465216e-19 1.722693e+00 2.782943e+00 -4.167994e-19 9.382380e-01 1.145046e-01 -1.868597e-19 2.980360e+00 3.107799e+00 -5.072910e-19 1.726075e-01 3.563316e-02 -1.465216e-19 1.776982e+00 2.988688e+00 -4.980316e-20 1.030770e+00 8.347744e-02 -3.109662e-19 3.058903e+00 3.218801e+00 -2.303947e-19 1.726075e-01 3.563316e-02 -1.465216e-19 1.814581e+00 3.112586e+00 2.839497e-19 1.071715e+00 7.058218e-02 -3.678227e-19 3.120628e+00 3.300227e+00 -3.872155e-20 1.726075e-01 3.563316e-02 -1.465216e-19 1.843076e+00 3.201825e+00 5.514141e-19 1.104945e+00 6.276978e-02 -4.436141e-19 3.163017e+00 3.351006e+00 9.478796e-20 1.726075e-01 3.563316e-02 -1.465216e-19 1.857978e+00 3.256502e+00 7.129884e-19 1.132431e+00 5.887155e-02 -4.716788e-19 3.190966e+00 3.372886e+00 1.171089e-19 1.726075e-01 3.563316e-02 -1.465216e-19 1.876075e+00 3.266374e+00 7.395922e-19 1.142284e+00 7.087883e-02 -4.759617e-19
68             5.177143e-01 1.928232e-01 -2.552348e-19 1.723066e-01 3.550760e-02 -1.464253e-19 2.783937e-01 1.249564e-01 -7.396120e-19 6.701399e-02 3.235917e-02 6.308025e-19 5.488439e-01 4.095000e-01 -1.199888e-19 1.723066e-01 3.550760e-02 -1.464253e-19 2.929320e-01 3.398682e-01 -5.425805e-19 8.360524e-02 3.412429e-02 5.690169e-19 3.401027e-01 3.928379e-01 -2.477448e-19 1.723066e-01 3.550760e-02 -1.464253e-19 6.744915e-02 3.331429e-01 -8.072151e-19 1.003469e-01 2.418738e-02 7.058956e-19 3.456817e-01 5.624034e-01 2.359285e-20 1.723066e-01 3.550760e-02 -1.464253e-19 5.139170e-02 5.023706e-01 -6.113930e-19 1.219833e-01 2.452518e-02 7.814111e-19 9.444592e-01 8.095693e-01 5.044146e-19 1.723066e-01 3.550760e-02 -1.464253e-19 6.165780e-01 7.678627e-01 -3.532631e-19 1.555746e-01 6.198961e-03 1.004103e-18 1.491246e+00 1.059236e+00 -4.175382e-19 1.723066e-01 3.550760e-02 -1.464253e-19 1.132551e+00 1.041998e+00 -1.615316e-19 1.863883e-01 -1.826945e-02 -1.095813e-19 1.751434e+00 1.222028e+00 -4.296795e-19 1.723066e-01 3.550760e-02 -1.464253e-19 1.362994e+00 1.202131e+00 -9.712840e-20 2.161327e-01 -1.561025e-02 -1.861258e-19 1.922971e+00 1.422098e+00 -7.005926e-19 1.723066e-01 3.550760e-02 -1.464253e-19 1.486767e+00 1.381440e+00 -3.714169e-19 2.638968e-01 5.150109e-03 -1.827503e-19 2.109767e+00 1.721631e+00 -8.936340e-19 1.723066e-01 3.550760e-02 -1.464253e-19 1.599743e+00 1.647443e+00 -6.278215e-19 3.377176e-01 3.868001e-02 -1.193872e-19 2.300762e+00 1.929509e+00 -7.474620e-19 1.723066e-01 3.550760e-02 -1.464253e-19 1.698561e+00 1.800591e+00 -4.142631e-19 4.298942e-01 9.340967e-02 -1.867736e-19 2.457160e+00 2.182415e+00 -7.466606e-19 1.723066e-01 3.550760e-02 -1.464253e-19 1.723479e+00 2.032577e+00 -4.142631e-19 5.613745e-01 1.143305e-01 -1.859722e-19 2.553307e+00 2.405479e+00 -7.474251e-19 1.723066e-01 3.550760e-02 -1.464253e-19 1.723479e+00 2.255641e+00 -4.142631e-19 6.575216e-01 1.143305e-01 -1.867366e-19 2.644706e+00 2.603043e+00 -7.474265e-19 1.723066e-01 3.550760e-02 -1.464253e-19 1.723479e+00 2.453205e+00 -4.142631e-19 7.489206e-01 1.143305e-01 -1.867381e-19 2.735744e+00 2.776996e+00 -7.474265e-19 1.723066e-01 3.550760e-02 -1.464253e-19 1.723479e+00 2.627158e+00 -4.142631e-19 8.399587e-01 1.143305e-01 -1.867381e-19 2.831798e+00 2.925090e+00 -7.474276e-19 1.723066e-01 3.550760e-02 -1.464253e-19 1.723479e+00 2.775252e+00 -4.142631e-19 9.360131e-01 1.143305e-01 -1.867391e-19 2.978310e+00 3.099489e+00 -5.057534e-19 1.723066e-01 3.550760e-02 -1.464253e-19 1.777557e+00 2.980663e+00 -4.889498e-20 1.028446e+00 8.331844e-02 -3.104331e-19 3.056546e+00 3.210319e+00 -2.303468e-19 1.723066e-01 3.550760e-02 -1.464253e-19 1.814959e+00 3.104351e+00 2.831217e-19 1.069281e+00 7.046089e-02 -3.670432e-19 3.117955e+00 3.291666e+00 -3.985279e-20 1.723066e-01 3.550760e-02 -1.464253e-19 1.843285e+00 3.193441e+00 5.490231e-19 1.102363e+00 6.271753e-02 -4.424506e-19 3.160086e+00 3.342457e+00 9.260973e-20 1.723066e-01 3.550760e-02 -1.464253e-19 1.858079e+00 3.248057e+00 7.094235e-19 1.129700e+00 5.889252e-02 -4.703885e-19 3.187328e+00 3.364550e+00 1.154106e-19 1.723066e-01 3.550760e-02 -1.464253e-19 1.875546e+00 3.257921e+00 7.363040e-19 1.139475e+00 7.112128e-02 -4.744681e-19
69             5.173860e-01 1.923245e-01 -2.551214e-19 1.720064e-01 3.538951e-02 -1.463695e-19 2.786695e-01 1.246642e-01 -7.397657e-19 6.670999e-02 3.227074e-02 6.310137e-19 5.483499e-01 4.086475e-01 -1.191485e-19 1.720064e-01 3.538951e-02 -1.463695e-19 2.932461e-01 3.392358e-01 -5.422167e-19 8.309736e-02 3.402217e-02 5.694377e-19 3.396172e-01 3.917417e-01 -2.463715e-19 1.720064e-01 3.538951e-02 -1.463695e-19 6.793070e-02 3.322409e-01 -8.061145e-19 9.968002e-02 2.411127e-02 7.061124e-19 3.451845e-01 5.608904e-01 2.555041e-20 1.720064e-01 3.538951e-02 -1.463695e-19 5.193405e-02 5.010521e-01 -6.098472e-19 1.212440e-01 2.444880e-02 7.817671e-19 9.436625e-01 8.076144e-01 5.065548e-19 1.720064e-01 3.538951e-02 -1.463695e-19 6.168947e-01 7.660362e-01 -3.512644e-19 1.547614e-01 6.188754e-03 1.004189e-18 1.490235e+00 1.057055e+00 -4.150965e-19 1.720064e-01 3.538951e-02 -1.463695e-19 1.132723e+00 1.039859e+00 -1.592613e-19 1.855051e-01 -1.819422e-02 -1.094657e-19 1.750446e+00 1.219538e+00 -4.271489e-19 1.720064e-01 3.538951e-02 -1.463695e-19 1.363252e+00 1.199672e+00 -9.476194e-20 2.151871e-01 -1.552350e-02 -1.860175e-19 1.922071e+00 1.419252e+00 -6.984408e-19 1.720064e-01 3.538951e-02 -1.463695e-19 1.487213e+00 1.378653e+00 -3.694227e-19 2.628513e-01 5.208902e-03 -1.826486e-19 2.108931e+00 1.718331e+00 -8.918399e-19 1.720064e-01 3.538951e-02 -1.463695e-19 1.600426e+00 1.644273e+00 -6.262994e-19 3.364990e-01 3.866816e-02 -1.191710e-19 2.299985e+00 1.925738e+00 -7.452584e-19 1.720064e-01 3.538951e-02 -1.463695e-19 1.699499e+00 1.797065e+00 -4.121952e-19 4.284789e-01 9.328329e-02 -1.866937e-19 2.456189e+00 2.178143e+00 -7.445397e-19 1.720064e-01 3.538951e-02 -1.463695e-19 1.724450e+00 2.028588e+00 -4.121952e-19 5.597325e-01 1.141652e-01 -1.859750e-19 2.552193e+00 2.400804e+00 -7.452215e-19 1.720064e-01 3.538951e-02 -1.463695e-19 1.724450e+00 2.251250e+00 -4.121952e-19 6.557365e-01 1.141652e-01 -1.866568e-19 2.643466e+00 2.598038e+00 -7.452230e-19 1.720064e-01 3.538951e-02 -1.463695e-19 1.724450e+00 2.448483e+00 -4.121952e-19 7.470099e-01 1.141652e-01 -1.866582e-19 2.734392e+00 2.771693e+00 -7.452230e-19 1.720064e-01 3.538951e-02 -1.463695e-19 1.724450e+00 2.622138e+00 -4.121952e-19 8.379362e-01 1.141652e-01 -1.866582e-19 2.830366e+00 2.919517e+00 -7.452240e-19 1.720064e-01 3.538951e-02 -1.463695e-19 1.724450e+00 2.769962e+00 -4.121952e-19 9.339098e-01 1.141652e-01 -1.866593e-19 2.976681e+00 3.093751e+00 -5.041683e-19 1.720064e-01 3.538951e-02 -1.463695e-19 1.778419e+00 2.975197e+00 -4.764966e-20 1.026255e+00 8.316498e-02 -3.101492e-19 3.054724e+00 3.204519e+00 -2.294619e-19 1.720064e-01 3.538951e-02 -1.463695e-19 1.815729e+00 3.098788e+00 2.835520e-19 1.066988e+00 7.034193e-02 -3.666445e-19 3.115927e+00 3.285885e+00 -3.944615e-20 1.720064e-01 3.538951e-02 -1.463695e-19 1.843989e+00 3.187831e+00 5.488272e-19 1.099931e+00 6.266388e-02 -4.419039e-19 3.157876e+00 3.336740e+00 9.259246e-20 1.720064e-01 3.538951e-02 -1.463695e-19 1.858744e+00 3.242441e+00 7.088005e-19 1.127126e+00 5.890984e-02 -4.698386e-19 3.184630e+00 3.359055e+00 1.157884e-19 1.720064e-01 3.538951e-02 -1.463695e-19 1.875797e+00 3.252315e+00 7.359523e-19 1.136827e+00 7.135041e-02 -4.737944e-19
70             5.172432e-01 1.919130e-01 -2.551590e-19 1.717068e-01 3.527866e-02 -1.463673e-19 2.791060e-01 1.244427e-01 -7.402980e-19 6.643036e-02 3.219171e-02 6.315064e-19 5.480579e-01 4.080068e-01 -1.183400e-19 1.717068e-01 3.527866e-02 -1.463673e-19 2.937297e-01 3.387981e-01 -5.421110e-19 8.262138e-02 3.393003e-02 5.701384e-19 3.392679e-01 3.908602e-01 -2.450257e-19 1.717068e-01 3.527866e-02 -1.463673e-19 6.851080e-02 3.315392e-01 -8.053009e-19 9.905025e-02 2.404232e-02 7.066426e-19 3.448239e-01 5.596015e-01 2.767488e-20 1.717068e-01 3.527866e-02 -1.463673e-19 5.257453e-02 4.999436e-01 -6.084490e-19 1.205426e-01 2.437918e-02 7.824912e-19 9.432034e-01 8.059021e-01 5.090940e-19 1.717068e-01 3.527866e-02 -1.463673e-19 6.175069e-01 7.644421e-01 -3.492259e-19 1.539897e-01 6.181297e-03 1.004687e-18 1.489752e+00 1.055164e+00 -4.125790e-19 1.717068e-01 3.527866e-02 -1.463673e-19 1.133377e+00 1.038005e+00 -1.568179e-19 1.846684e-01 -1.812016e-02 -1.093937e-19 1.750102e+00 1.217353e+00 -4.245418e-19 1.717068e-01 3.527866e-02 -1.463673e-19 1.364100e+00 1.197511e+00 -9.218657e-20 2.142949e-01 -1.543678e-02 -1.859879e-19 1.921893e+00 1.416752e+00 -6.963696e-19 1.717068e-01 3.527866e-02 -1.463673e-19 1.488317e+00 1.376202e+00 -3.673769e-19 2.618691e-01 5.271544e-03 -1.826253e-19 2.108884e+00 1.715458e+00 -8.902225e-19 1.717068e-01 3.527866e-02 -1.463673e-19 1.601819e+00 1.641514e+00 -6.248526e-19 3.353580e-01 3.866539e-02 -1.190026e-19 2.300048e+00 1.922441e+00 -7.431695e-19 1.717068e-01 3.527866e-02 -1.463673e-19 1.701187e+00 1.793991e+00 -4.101161e-19 4.271542e-01 9.317186e-02 -1.866861e-19 2.456077e+00 2.174400e+00 -7.425350e-19 1.717068e-01 3.527866e-02 -1.463673e-19 1.726177e+00 2.025106e+00 -4.101161e-19 5.581932e-01 1.140163e-01 -1.860515e-19 2.551947e+00 2.396714e+00 -7.431329e-19 1.717068e-01 3.527866e-02 -1.463673e-19 1.726177e+00 2.247419e+00 -4.101161e-19 6.540638e-01 1.140163e-01 -1.866494e-19 2.643105e+00 2.593665e+00 -7.431342e-19 1.717068e-01 3.527866e-02 -1.463673e-19 1.726177e+00 2.444370e+00 -4.101161e-19 7.452215e-01 1.140163e-01 -1.866507e-19 2.733930e+00 2.767071e+00 -7.431342e-19 1.717068e-01 3.527866e-02 -1.463673e-19 1.726177e+00 2.617777e+00 -4.101161e-19 8.360469e-01 1.140163e-01 -1.866507e-19 2.829833e+00 2.914677e+00 -7.431352e-19 1.717068e-01 3.527866e-02 -1.463673e-19 1.726177e+00 2.765382e+00 -4.101161e-19 9.319499e-01 1.140163e-01 -1.866517e-19 2.975997e+00 3.088789e+00 -5.025004e-19 1.717068e-01 3.527866e-02 -1.463673e-19 1.780071e+00 2.970485e+00 -4.612122e-20 1.024219e+00 8.302479e-02 -3.100118e-19 3.053898e+00 3.199528e+00 -2.281791e-19 1.717068e-01 3.527866e-02 -1.463673e-19 1.817332e+00 3.094016e+00 2.846357e-19 1.064860e+00 7.023367e-02 -3.664474e-19 3.114957e+00 3.280946e+00 -3.829362e-20 1.717068e-01 3.527866e-02 -1.463673e-19 1.845578e+00 3.183050e+00 5.497552e-19 1.097672e+00 6.261775e-02 -4.416815e-19 3.156781e+00 3.331889e+00 9.375688e-20 1.717068e-01 3.527866e-02 -1.463673e-19 1.860342e+00 3.237677e+00 7.098311e-19 1.124732e+00 5.893256e-02 -4.697069e-19 3.183341e+00 3.354442e+00 1.171962e-19 1.717068e-01 3.527866e-02 -1.463673e-19 1.877273e+00 3.247583e+00 7.371841e-19 1.134361e+00 7.158065e-02 -4.736205e-19
71             5.174854e-01 1.915788e-01 -2.554690e-19 1.714077e-01 3.517375e-02 -1.464646e-19 2.799000e-01 1.242826e-01 -7.415738e-19 6.617762e-02 3.212245e-02 6.325694e-19 5.481869e-01 4.075543e-01 -1.174286e-19 1.714077e-01 3.517375e-02 -1.464646e-19 2.945952e-01 3.385324e-01 -5.424173e-19 8.218402e-02 3.384816e-02 5.714533e-19 3.392454e-01 3.900530e-01 -2.434687e-19 1.714077e-01 3.517375e-02 -1.464646e-19 6.937113e-02 3.308979e-01 -8.048129e-19 9.846657e-02 2.398136e-02 7.078088e-19 3.448015e-01 5.583229e-01 3.049221e-20 1.714077e-01 3.517375e-02 -1.464646e-19 5.350490e-02 4.988320e-01 -6.070275e-19 1.198889e-01 2.431722e-02 7.839843e-19 9.434190e-01 8.041287e-01 5.128237e-19 1.714077e-01 3.517375e-02 -1.464646e-19 6.187410e-01 7.627778e-01 -3.467041e-19 1.532702e-01 6.177155e-03 1.005992e-18 1.490261e+00 1.053216e+00 -4.093935e-19 1.714077e-01 3.517375e-02 -1.464646e-19 1.134964e+00 1.036089e+00 -1.535568e-19 1.838895e-01 -1.804706e-02 -1.093721e-19 1.750997e+00 1.215034e+00 -4.212390e-19 1.714077e-01 3.517375e-02 -1.464646e-19 1.366120e+00 1.195210e+00 -8.869185e-20 2.134684e-01 -1.534977e-02 -1.860825e-19 1.923154e+00 1.414078e+00 -6.940243e-19 1.714077e-01 3.517375e-02 -1.464646e-19 1.490782e+00 1.373565e+00 -3.648334e-19 2.609648e-01 5.339144e-03 -1.827263e-19 2.110468e+00 1.712423e+00 -8.886305e-19 1.714077e-01 3.517375e-02 -1.464646e-19 1.604748e+00 1.638576e+00 -6.232994e-19 3.343117e-01 3.867355e-02 -1.188665e-19 2.301921e+00 1.918931e+00 -7.408433e-19 1.714077e-01 3.517375e-02 -1.464646e-19 1.704574e+00 1.790680e+00 -4.075762e-19 4.259396e-01 9.307773e-02 -1.868025e-19 2.457821e+00 2.170380e+00 -7.403282e-19 1.714077e-01 3.517375e-02 -1.464646e-19 1.729635e+00 2.021320e+00 -4.075762e-19 5.567789e-01 1.138862e-01 -1.862875e-19 2.553571e+00 2.392265e+00 -7.408066e-19 1.714077e-01 3.517375e-02 -1.464646e-19 1.729635e+00 2.243205e+00 -4.075762e-19 6.525284e-01 1.138862e-01 -1.867659e-19 2.644626e+00 2.588849e+00 -7.408078e-19 1.714077e-01 3.517375e-02 -1.464646e-19 1.729635e+00 2.439789e+00 -4.075762e-19 7.435839e-01 1.138862e-01 -1.867671e-19 2.735366e+00 2.761929e+00 -7.408078e-19 1.714077e-01 3.517375e-02 -1.464646e-19 1.729635e+00 2.612869e+00 -4.075762e-19 8.343233e-01 1.138862e-01 -1.867671e-19 2.831214e+00 2.909258e+00 -7.408088e-19 1.714077e-01 3.517375e-02 -1.464646e-19 1.729635e+00 2.760198e+00 -4.075762e-19 9.301711e-01 1.138862e-01 -1.867681e-19 2.977231e+00 3.083217e+00 -5.006735e-19 1.714077e-01 3.517375e-02 -1.464646e-19 1.783441e+00 2.965145e+00 -4.421555e-20 1.022382e+00 8.289863e-02 -3.099934e-19 3.055006e+00 3.193909e+00 -2.267199e-19 1.714077e-01 3.517375e-02 -1.464646e-19 1.820657e+00 3.088600e+00 2.861324e-19 1.062941e+00 7.013548e-02 -3.663877e-19 3.115962e+00 3.275373e+00 -3.679335e-20 1.714077e-01 3.517375e-02 -1.464646e-19 1.848919e+00 3.177622e+00 5.513459e-19 1.095636e+00 6.257702e-02 -4.416747e-19 3.157718e+00 3.326396e+00 9.566440e-20 1.714077e-01 3.517375e-02 -1.464646e-19 1.863738e+00 3.232266e+00 7.120169e-19 1.122572e+00 5.895666e-02 -4.698879e-19 3.184505e+00 3.349193e+00 1.190630e-19 1.714077e-01 3.517375e-02 -1.464646e-19 1.880965e+00 3.242210e+00 7.393883e-19 1.132133e+00 7.180965e-02 -4.738608e-19
72             5.179250e-01 1.913002e-01 -2.559297e-19 1.711092e-01 3.507489e-02 -1.466174e-19 2.808626e-01 1.241626e-01 -7.432581e-19 6.595329e-02 3.206271e-02 6.339458e-19 5.485381e-01 4.072076e-01 -1.165257e-19 1.711092e-01 3.507489e-02 -1.466174e-19 2.956392e-01 3.383564e-01 -5.429968e-19 8.178969e-02 3.377628e-02 5.730885e-19 3.393882e-01 3.893041e-01 -2.419094e-19 1.711092e-01 3.507489e-02 -1.466174e-19 7.034352e-02 3.303011e-01 -8.046121e-19 9.793546e-02 2.392807e-02 7.093201e-19 3.449476e-01 5.571126e-01 3.349734e-20 1.711092e-01 3.507489e-02 -1.466174e-19 5.454859e-02 4.977751e-01 -6.057583e-19 1.192898e-01 2.426264e-02 7.858730e-19 9.440045e-01 8.024486e-01 5.169648e-19 1.711092e-01 3.507489e-02 -1.466174e-19 6.202849e-01 7.611978e-01 -3.441581e-19 1.526103e-01 6.175924e-03 1.007740e-18 1.491331e+00 1.051411e+00 -4.061202e-19 1.711092e-01 3.507489e-02 -1.466174e-19 1.137046e+00 1.034312e+00 -1.501428e-19 1.831762e-01 -1.797568e-02 -1.093600e-19 1.752572e+00 1.212866e+00 -4.178403e-19 1.711092e-01 3.507489e-02 -1.466174e-19 1.368747e+00 1.193055e+00 -8.500159e-20 2.127159e-01 -1.526366e-02 -1.862213e-19 1.925188e+00 1.411576e+00 -6.917576e-19 1.711092e-01 3.507489e-02 -1.466174e-19 1.493931e+00 1.371090e+00 -3.622685e-19 2.601471e-01 5.410493e-03 -1.828717e-19 2.112917e+00 1.709606e+00 -8.872453e-19 1.711092e-01 3.507489e-02 -1.466174e-19 1.608438e+00 1.635840e+00 -6.218916e-19 3.333699e-01 3.869135e-02 -1.187363e-19 2.304751e+00 1.915643e+00 -7.386028e-19 1.711092e-01 3.507489e-02 -1.466174e-19 1.708796e+00 1.787568e+00 -4.050193e-19 4.248453e-01 9.299944e-02 -1.869661e-19 2.460553e+00 2.166571e+00 -7.382248e-19 1.711092e-01 3.507489e-02 -1.466174e-19 1.733943e+00 2.017723e+00 -4.050193e-19 5.555007e-01 1.137736e-01 -1.865881e-19 2.556195e+00 2.388005e+00 -7.385662e-19 1.711092e-01 3.507489e-02 -1.466174e-19 1.733943e+00 2.239157e+00 -4.050193e-19 6.511427e-01 1.137736e-01 -1.869295e-19 2.647164e+00 2.584196e+00 -7.385673e-19 1.711092e-01 3.507489e-02 -1.466174e-19 1.733943e+00 2.435348e+00 -4.050193e-19 7.421114e-01 1.137736e-01 -1.869306e-19 2.737835e+00 2.756929e+00 -7.385673e-19 1.711092e-01 3.507489e-02 -1.466174e-19 1.733943e+00 2.608080e+00 -4.050193e-19 8.327824e-01 1.137736e-01 -1.869306e-19 2.833647e+00 2.903964e+00 -7.385682e-19 1.711092e-01 3.507489e-02 -1.466174e-19 1.733943e+00 2.755116e+00 -4.050193e-19 9.285943e-01 1.137736e-01 -1.869316e-19 2.979536e+00 3.077774e+00 -4.989644e-19 1.711092e-01 3.507489e-02 -1.466174e-19 1.787659e+00 2.959915e+00 -4.231128e-20 1.020768e+00 8.278356e-02 -3.100357e-19 3.057202e+00 3.188416e+00 -2.253815e-19 1.711092e-01 3.507489e-02 -1.466174e-19 1.824833e+00 3.083298e+00 2.876415e-19 1.061260e+00 7.004305e-02 -3.664057e-19 3.118083e+00 3.269921e+00 -3.534933e-20 1.711092e-01 3.507489e-02 -1.466174e-19 1.853123e+00 3.172310e+00 5.530563e-19 1.093851e+00 6.253597e-02 -4.417882e-19 3.159803e+00 3.321021e+00 9.767329e-20 1.711092e-01 3.507489e-02 -1.466174e-19 1.868015e+00 3.226971e+00 7.145225e-19 1.120678e+00 5.897506e-02 -4.702319e-19 3.186977e+00 3.344053e+00 1.209058e-19 1.711092e-01 3.507489e-02 -1.466174e-19 1.885692e+00 3.236949e+00 7.418248e-19 1.130176e+00 7.202912e-02 -4.743016e-19
73             5.180310e-01 1.910456e-01 -2.561666e-19 1.708111e-01 3.498347e-02 -1.466896e-19 2.814661e-01 1.240500e-01 -7.443229e-19 6.575378e-02 3.201214e-02 6.348459e-19 5.485389e-01 4.068336e-01 -1.158450e-19 1.708111e-01 3.498347e-02 -1.466896e-19 2.962969e-01 3.381361e-01 -5.433278e-19 8.143091e-02 3.371406e-02 5.741725e-19 3.392564e-01 3.886687e-01 -2.407408e-19 1.708111e-01 3.498347e-02 -1.466896e-19 7.099815e-02 3.298034e-01 -8.043359e-19 9.744706e-02 2.388186e-02 7.102848e-19 3.448054e-01 5.561294e-01 3.560484e-20 1.708111e-01 3.498347e-02 -1.466896e-19 5.525945e-02 4.969310e-01 -6.047817e-19 1.187348e-01 2.421487e-02 7.870761e-19 9.440452e-01 8.011298e-01 5.197306e-19 1.708111e-01 3.498347e-02 -1.466896e-19 6.212359e-01 7.599686e-01 -3.423832e-19 1.519981e-01 6.177706e-03 1.008803e-18 1.491614e+00 1.050018e+00 -4.038283e-19 1.708111e-01 3.498347e-02 -1.466896e-19 1.138288e+00 1.032940e+00 -1.478485e-19 1.825147e-01 -1.790550e-02 -1.092901e-19 1.753139e+00 1.211240e+00 -4.154593e-19 1.708111e-01 3.498347e-02 -1.466896e-19 1.370307e+00 1.191435e+00 -8.253860e-20 2.120207e-01 -1.517864e-02 -1.862311e-19 1.926024e+00 1.409722e+00 -6.900717e-19 1.708111e-01 3.498347e-02 -1.466896e-19 1.495817e+00 1.369254e+00 -3.604934e-19 2.593959e-01 5.484143e-03 -1.828887e-19 2.113995e+00 1.707512e+00 -8.861240e-19 1.708111e-01 3.498347e-02 -1.466896e-19 1.610676e+00 1.633812e+00 -6.208564e-19 3.325077e-01 3.871592e-02 -1.185780e-19 2.306048e+00 1.913190e+00 -7.369026e-19 1.708111e-01 3.498347e-02 -1.466896e-19 1.711394e+00 1.785274e+00 -4.032089e-19 4.238424e-01 9.293266e-02 -1.870041e-19 2.461732e+00 2.163721e+00 -7.366237e-19 1.708111e-01 3.498347e-02 -1.466896e-19 1.736595e+00 2.015063e+00 -4.032089e-19 5.543255e-01 1.136737e-01 -1.867252e-19 2.557276e+00 2.384821e+00 -7.368661e-19 1.708111e-01 3.498347e-02 -1.466896e-19 1.736595e+00 2.236164e+00 -4.032089e-19 6.498694e-01 1.136737e-01 -1.869676e-19 2.648169e+00 2.580732e+00 -7.368670e-19 1.708111e-01 3.498347e-02 -1.466896e-19 1.736595e+00 2.432075e+00 -4.032089e-19 7.407625e-01 1.136737e-01 -1.869685e-19 2.738784e+00 2.753216e+00 -7.368670e-19 1.708111e-01 3.498347e-02 -1.466896e-19 1.736595e+00 2.604559e+00 -4.032089e-19 8.313777e-01 1.136737e-01 -1.869685e-19 2.834574e+00 2.900035e+00 -7.368680e-19 1.708111e-01 3.498347e-02 -1.466896e-19 1.736595e+00 2.751378e+00 -4.032089e-19 9.271679e-01 1.136737e-01 -1.869695e-19 2.980385e+00 3.073747e+00 -4.976219e-19 1.708111e-01 3.498347e-02 -1.466896e-19 1.790252e+00 2.956087e+00 -4.092044e-20 1.019321e+00 8.267638e-02 -3.100118e-19 3.057967e+00 3.184369e+00 -2.242951e-19 1.708111e-01 3.498347e-02 -1.466896e-19 1.827399e+00 3.079432e+00 2.887705e-19 1.059757e+00 6.995409e-02 -3.663759e-19 3.118781e+00 3.265935e+00 -3.418015e-20 1.708111e-01 3.498347e-02 -1.466896e-19 1.855712e+00 3.168459e+00 5.543555e-19 1.092258e+00 6.249322e-02 -4.418461e-19 3.160450e+00 3.317123e+00 9.919694e-20 1.708111e-01 3.498347e-02 -1.466896e-19 1.870654e+00 3.223152e+00 7.163531e-19 1.118985e+00 5.898771e-02 -4.704665e-19 3.187713e+00 3.340382e+00 1.224736e-19 1.708111e-01 3.498347e-02 -1.466896e-19 1.888477e+00 3.233160e+00 7.437272e-19 1.128425e+00 7.223814e-02 -4.745639e-19
74             5.178058e-01 1.908068e-01 -2.561629e-19 1.705135e-01 3.489963e-02 -1.466788e-19 2.817183e-01 1.239370e-01 -7.447232e-19 6.557396e-02 3.197019e-02 6.352391e-19 5.481891e-01 4.064283e-01 -1.153235e-19 1.705135e-01 3.489963e-02 -1.466788e-19 2.965783e-01 3.378677e-01 -5.433328e-19 8.109730e-02 3.366097e-02 5.746880e-19 3.388591e-01 3.881258e-01 -2.398561e-19 1.705135e-01 3.489963e-02 -1.466788e-19 7.135830e-02 3.293839e-01 -8.038521e-19 9.698722e-02 2.384225e-02 7.106748e-19 3.443867e-01 5.553121e-01 3.698361e-20 1.705135e-01 3.489963e-02 -1.466788e-19 5.566422e-02 4.962390e-01 -6.039215e-19 1.182089e-01 2.417337e-02 7.875839e-19 9.435261e-01 8.000466e-01 5.213244e-19 1.705135e-01 3.489963e-02 -1.466788e-19 6.215961e-01 7.589642e-01 -3.411403e-19 1.514164e-01 6.182706e-03 1.009144e-18 1.491066e+00 1.048860e+00 -4.022581e-19 1.705135e-01 3.489963e-02 -1.466788e-19 1.138667e+00 1.031796e+00 -1.463922e-19 1.818860e-01 -1.783525e-02 -1.091872e-19 1.752659e+00 1.209938e+00 -4.138344e-19 1.705135e-01 3.489963e-02 -1.466788e-19 1.370785e+00 1.190132e+00 -8.101621e-20 2.113602e-01 -1.509354e-02 -1.861394e-19 1.925631e+00 1.408261e+00 -6.887343e-19 1.705135e-01 3.489963e-02 -1.466788e-19 1.496433e+00 1.367802e+00 -3.592499e-19 2.586839e-01 5.559835e-03 -1.828056e-19 2.113671e+00 1.705842e+00 -8.850506e-19 1.705135e-01 3.489963e-02 -1.466788e-19 1.611466e+00 1.632197e+00 -6.199568e-19 3.316916e-01 3.874533e-02 -1.184150e-19 2.305782e+00 1.911245e+00 -7.355177e-19 1.705135e-01 3.489963e-02 -1.466788e-19 1.712377e+00 1.783472e+00 -4.018966e-19 4.228921e-01 9.287372e-02 -1.869423e-19 2.461322e+00 2.161463e+00 -7.353024e-19 1.705135e-01 3.489963e-02 -1.466788e-19 1.737601e+00 2.012981e+00 -4.018966e-19 5.532080e-01 1.135826e-01 -1.867271e-19 2.556771e+00 2.382309e+00 -7.354812e-19 1.705135e-01 3.489963e-02 -1.466788e-19 1.737601e+00 2.233826e+00 -4.018966e-19 6.486570e-01 1.135826e-01 -1.869059e-19 2.647593e+00 2.578011e+00 -7.354821e-19 1.705135e-01 3.489963e-02 -1.466788e-19 1.737601e+00 2.429529e+00 -4.018966e-19 7.394784e-01 1.135826e-01 -1.869068e-19 2.738156e+00 2.750304e+00 -7.354821e-19 1.705135e-01 3.489963e-02 -1.466788e-19 1.737601e+00 2.601822e+00 -4.018966e-19 8.300421e-01 1.135826e-01 -1.869068e-19 2.833930e+00 2.896942e+00 -7.354831e-19 1.705135e-01 3.489963e-02 -1.466788e-19 1.737601e+00 2.748460e+00 -4.018966e-19 9.258159e-01 1.135826e-01 -1.869077e-19 2.979689e+00 3.070558e+00 -4.964837e-19 1.705135e-01 3.489963e-02 -1.466788e-19 1.791218e+00 2.953083e+00 -3.990339e-20 1.017958e+00 8.257526e-02 -3.099015e-19 3.057203e+00 3.181164e+00 -2.233361e-19 1.705135e-01 3.489963e-02 -1.466788e-19 1.828345e+00 3.076396e+00 2.895977e-19 1.058344e+00 6.986835e-02 -3.662550e-19 3.117949e+00 3.262791e+00 -3.315207e-20 1.705135e-01 3.489963e-02 -1.466788e-19 1.856675e+00 3.165441e+00 5.553151e-19 1.090760e+00 6.245047e-02 -4.417883e-19 3.159554e+00 3.314065e+00 1.004281e-19 1.705135e-01 3.489963e-02 -1.466788e-19 1.871647e+00 3.220167e+00 7.176431e-19 1.117393e+00 5.899843e-02 -4.705362e-19 3.186718e+00 3.337541e+00 1.238752e-19 1.705135e-01 3.489963e-02 -1.466788e-19 1.889428e+00 3.230201e+00 7.451769e-19 1.126777e+00 7.244052e-02 -4.746230e-19
75             5.174811e-01 1.905832e-01 -2.560553e-19 1.702164e-01 3.482151e-02 -1.466355e-19 2.818521e-01 1.238256e-01 -7.448640e-19 6.541262e-02 3.193607e-02 6.354443e-19 5.477391e-01 4.060175e-01 -1.147933e-19 1.702164e-01 3.482151e-02 -1.466355e-19 2.967348e-01 3.375798e-01 -5.431668e-19 8.078796e-02 3.361611e-02 5.750091e-19 3.384140e-01 3.875851e-01 -2.389510e-19 1.702164e-01 3.482151e-02 -1.466355e-19 7.164321e-02 3.289549e-01 -8.031637e-19 9.655439e-02 2.380869e-02 7.108483e-19 3.439213e-01 5.544596e-01 3.831523e-20 1.702164e-01 3.482151e-02 -1.466355e-19 5.599494e-02 4.955005e-01 -6.029089e-19 1.177100e-01 2.413755e-02 7.878596e-19 9.428235e-01 7.988510e-01 5.227707e-19 1.702164e-01 3.482151e-02 -1.466355e-19 6.217449e-01 7.578391e-01 -3.397944e-19 1.508622e-01 6.190330e-03 1.009201e-18 1.490202e+00 1.047506e+00 -4.005906e-19 1.702164e-01 3.482151e-02 -1.466355e-19 1.138699e+00 1.030449e+00 -1.448687e-19 1.812865e-01 -1.776450e-02 -1.090864e-19 1.751809e+00 1.208396e+00 -4.121112e-19 1.702164e-01 3.482151e-02 -1.466355e-19 1.370862e+00 1.188582e+00 -7.944565e-20 2.107301e-01 -1.500736e-02 -1.860300e-19 1.924840e+00 1.406520e+00 -6.872328e-19 1.702164e-01 3.482151e-02 -1.466355e-19 1.496619e+00 1.366060e+00 -3.578919e-19 2.580046e-01 5.638048e-03 -1.827054e-19 2.112926e+00 1.703835e+00 -8.837649e-19 1.702164e-01 3.482151e-02 -1.466355e-19 1.611798e+00 1.630234e+00 -6.188783e-19 3.309120e-01 3.877929e-02 -1.182511e-19 2.305079e+00 1.908929e+00 -7.339499e-19 1.702164e-01 3.482151e-02 -1.466355e-19 1.712881e+00 1.781286e+00 -4.004470e-19 4.219812e-01 9.282114e-02 -1.868674e-19 2.460474e+00 2.158782e+00 -7.338019e-19 1.702164e-01 3.482151e-02 -1.466355e-19 1.738126e+00 2.010462e+00 -4.004470e-19 5.521312e-01 1.134983e-01 -1.867194e-19 2.555827e+00 2.379301e+00 -7.339136e-19 1.702164e-01 3.482151e-02 -1.466355e-19 1.738126e+00 2.230981e+00 -4.004470e-19 6.474847e-01 1.134983e-01 -1.868310e-19 2.646577e+00 2.574713e+00 -7.339144e-19 1.702164e-01 3.482151e-02 -1.466355e-19 1.738126e+00 2.426393e+00 -4.004470e-19 7.382345e-01 1.134983e-01 -1.868319e-19 2.737090e+00 2.746732e+00 -7.339144e-19 1.702164e-01 3.482151e-02 -1.466355e-19 1.738126e+00 2.598412e+00 -4.004470e-19 8.287476e-01 1.134983e-01 -1.868319e-19 2.832849e+00 2.893109e+00 -7.339154e-19 1.702164e-01 3.482151e-02 -1.466355e-19 1.738126e+00 2.744789e+00 -4.004470e-19 9.245063e-01 1.134983e-01 -1.868328e-19 2.978525e+00 3.066548e+00 -4.953757e-19 1.702164e-01 3.482151e-02 -1.466355e-19 1.791667e+00 2.949248e+00 -3.905433e-20 1.016641e+00 8.247853e-02 -3.096858e-19 3.055934e+00 3.177082e+00 -2.226921e-19 1.702164e-01 3.482151e-02 -1.466355e-19 1.828733e+00 3.072477e+00 2.899082e-19 1.056984e+00 6.978420e-02 -3.659648e-19 3.116576e+00 3.258716e+00 -3.271046e-20 1.702164e-01 3.482151e-02 -1.466355e-19 1.857039e+00 3.161489e+00 5.553740e-19 1.089321e+00 6.240635e-02 -4.414489e-19 3.158092e+00 3.310046e+00 1.008187e-19 1.702164e-01 3.482151e-02 -1.466355e-19 1.872012e+00 3.216218e+00 7.177131e-19 1.115863e+00 5.900589e-02 -4.702588e-19 3.185093e+00 3.333726e+00 1.244430e-19 1.702164e-01 3.482151e-02 -1.466355e-19 1.889684e+00 3.226270e+00 7.453935e-19 1.125192e+00 7.263398e-02 -4.743150e-19
76             5.171233e-01 1.903610e-01 -2.558823e-19 1.699196e-01 3.474723e-02 -1.465753e-19 2.819329e-01 1.237051e-01 -7.448737e-19 6.527080e-02 3.190864e-02 6.355667e-19 5.472631e-01 4.055758e-01 -1.142176e-19 1.699196e-01 3.474723e-02 -1.465753e-19 2.968363e-01 3.372503e-01 -5.428961e-19 8.050721e-02 3.357820e-02 5.752539e-19 3.379838e-01 3.869840e-01 -2.379648e-19 1.699196e-01 3.474723e-02 -1.465753e-19 7.191014e-02 3.284567e-01 -8.023113e-19 9.615404e-02 2.378008e-02 7.109218e-19 3.434743e-01 5.534956e-01 3.973948e-20 1.699196e-01 3.474723e-02 -1.465753e-19 5.631157e-02 4.946422e-01 -6.017264e-19 1.172431e-01 2.410625e-02 7.880411e-19 9.420532e-01 7.974539e-01 5.242889e-19 1.699196e-01 3.474723e-02 -1.465753e-19 6.217931e-01 7.565076e-01 -3.382544e-19 1.503404e-01 6.199096e-03 1.009119e-18 1.489183e+00 1.045864e+00 -3.986813e-19 1.699196e-01 3.474723e-02 -1.465753e-19 1.138542e+00 1.028811e+00 -1.431305e-19 1.807207e-01 -1.769415e-02 -1.089754e-19 1.750793e+00 1.206494e+00 -4.101343e-19 1.699196e-01 3.474723e-02 -1.465753e-19 1.370739e+00 1.186668e+00 -7.765640e-20 2.101349e-01 -1.492075e-02 -1.859026e-19 1.923894e+00 1.404351e+00 -6.854979e-19 1.699196e-01 3.474723e-02 -1.465753e-19 1.496612e+00 1.363885e+00 -3.563359e-19 2.573619e-01 5.718016e-03 -1.825866e-19 2.112038e+00 1.701319e+00 -8.822613e-19 1.699196e-01 3.474723e-02 -1.465753e-19 1.611947e+00 1.627755e+00 -6.176220e-19 3.301715e-01 3.881680e-02 -1.180640e-19 2.304248e+00 1.906041e+00 -7.321392e-19 1.699196e-01 3.474723e-02 -1.465753e-19 1.713218e+00 1.778520e+00 -3.987876e-19 4.211112e-01 9.277317e-02 -1.867763e-19 2.459502e+00 2.155445e+00 -7.320697e-19 1.699196e-01 3.474723e-02 -1.465753e-19 1.738489e+00 2.007279e+00 -3.987876e-19 5.510936e-01 1.134187e-01 -1.867067e-19 2.554758e+00 2.375536e+00 -7.321029e-19 1.699196e-01 3.474723e-02 -1.465753e-19 1.738489e+00 2.227370e+00 -3.987876e-19 6.463495e-01 1.134187e-01 -1.867400e-19 2.645436e+00 2.570550e+00 -7.321036e-19 1.699196e-01 3.474723e-02 -1.465753e-19 1.738489e+00 2.422384e+00 -3.987876e-19 7.370270e-01 1.134187e-01 -1.867407e-19 2.735899e+00 2.742194e+00 -7.321036e-19 1.699196e-01 3.474723e-02 -1.465753e-19 1.738489e+00 2.594028e+00 -3.987876e-19 8.274906e-01 1.134187e-01 -1.867407e-19 2.831645e+00 2.888223e+00 -7.321046e-19 1.699196e-01 3.474723e-02 -1.465753e-19 1.738489e+00 2.740057e+00 -3.987876e-19 9.232362e-01 1.134187e-01 -1.867416e-19 2.977206e+00 3.061410e+00 -4.942422e-19 1.699196e-01 3.474723e-02 -1.465753e-19 1.791917e+00 2.944279e+00 -3.828554e-20 1.015370e+00 8.238361e-02 -3.093814e-19 3.054471e+00 3.171808e+00 -2.223572e-19 1.699196e-01 3.474723e-02 -1.465753e-19 1.828878e+00 3.067362e+00 2.897448e-19 1.055673e+00 6.969871e-02 -3.655267e-19 3.114960e+00 3.253379e+00 -3.294392e-20 1.699196e-01 3.474723e-02 -1.465753e-19 1.857104e+00 3.156275e+00 5.544615e-19 1.087936e+00 6.235729e-02 -4.408302e-19 3.156354e+00 3.304718e+00 1.002012e-19 1.699196e-01 3.474723e-02 -1.465753e-19 1.872041e+00 3.210966e+00 7.164052e-19 1.114393e+00 5.900514e-02 -4.696287e-19 3.183134e+00 3.328579e+00 1.239810e-19 1.699196e-01 3.474723e-02 -1.465753e-19 1.889545e+00 3.221020e+00 7.441821e-19 1.123669e+00 7.281108e-02 -4.736258e-19
77             5.167489e-01 1.901402e-01 -2.556748e-19 1.696232e-01 3.467622e-02 -1.465074e-19 2.819769e-01 1.235771e-01 -7.448210e-19 6.514886e-02 3.188684e-02 6.356536e-19 5.467786e-01 4.051091e-01 -1.136465e-19 1.696232e-01 3.467622e-02 -1.465074e-19 2.968982e-01 3.368867e-01 -5.425992e-19 8.025717e-02 3.354619e-02 5.754602e-19 3.375649e-01 3.863469e-01 -2.369886e-19 1.696232e-01 3.467622e-02 -1.465074e-19 7.215224e-02 3.279154e-01 -8.014323e-19 9.578943e-02 2.375526e-02 7.109512e-19 3.430380e-01 5.524930e-01 4.111506e-20 1.696232e-01 3.467622e-02 -1.465074e-19 5.660321e-02 4.937384e-01 -6.005460e-19 1.168116e-01 2.407832e-02 7.881685e-19 9.412541e-01 7.960065e-01 5.257147e-19 1.696232e-01 3.467622e-02 -1.465074e-19 6.217765e-01 7.551226e-01 -3.367496e-19 1.498543e-01 6.207610e-03 1.008972e-18 1.488092e+00 1.044151e+00 -3.967858e-19 1.696232e-01 3.467622e-02 -1.465074e-19 1.138276e+00 1.027101e+00 -1.414526e-19 1.801920e-01 -1.762580e-02 -1.088259e-19 1.749683e+00 1.204511e+00 -4.081711e-19 1.696232e-01 3.467622e-02 -1.465074e-19 1.370482e+00 1.184671e+00 -7.593539e-20 2.095777e-01 -1.483570e-02 -1.857283e-19 1.922840e+00 1.402084e+00 -6.837435e-19 1.696232e-01 3.467622e-02 -1.465074e-19 1.496458e+00 1.361610e+00 -3.548157e-19 2.567591e-01 5.797694e-03 -1.824204e-19 2.111028e+00 1.698681e+00 -8.807109e-19 1.696232e-01 3.467622e-02 -1.465074e-19 1.611931e+00 1.625149e+00 -6.163657e-19 3.294736e-01 3.885589e-02 -1.178378e-19 2.303278e+00 1.903020e+00 -7.303113e-19 1.696232e-01 3.467622e-02 -1.465074e-19 1.713370e+00 1.775616e+00 -3.971691e-19 4.202852e-01 9.272784e-02 -1.866348e-19 2.458385e+00 2.151958e+00 -7.303183e-19 1.696232e-01 3.467622e-02 -1.465074e-19 1.738664e+00 2.003940e+00 -3.971691e-19 5.500979e-01 1.133418e-01 -1.866418e-19 2.553541e+00 2.371599e+00 -7.302751e-19 1.696232e-01 3.467622e-02 -1.465074e-19 1.738664e+00 2.223581e+00 -3.971691e-19 6.452536e-01 1.133418e-01 -1.865986e-19 2.644146e+00 2.566194e+00 -7.302757e-19 1.696232e-01 3.467622e-02 -1.465074e-19 1.738664e+00 2.418176e+00 -3.971691e-19 7.358582e-01 1.133418e-01 -1.865992e-19 2.734561e+00 2.737451e+00 -7.302757e-19 1.696232e-01 3.467622e-02 -1.465074e-19 1.738664e+00 2.589433e+00 -3.971691e-19 8.262737e-01 1.133418e-01 -1.865992e-19 2.830297e+00 2.883130e+00 -7.302767e-19 1.696232e-01 3.467622e-02 -1.465074e-19 1.738664e+00 2.735112e+00 -3.971691e-19 9.220090e-01 1.133418e-01 -1.866002e-19 2.975754e+00 3.056056e+00 -4.930700e-19 1.696232e-01 3.467622e-02 -1.465074e-19 1.791985e+00 2.939090e+00 -3.752041e-20 1.014145e+00 8.228895e-02 -3.090421e-19 3.052870e+00 3.166298e+00 -2.220284e-19 1.696232e-01 3.467622e-02 -1.465074e-19 1.828834e+00 3.062011e+00 2.895261e-19 1.054413e+00 6.961093e-02 -3.650471e-19 3.113193e+00 3.247779e+00 -3.330388e-20 1.696232e-01 3.467622e-02 -1.465074e-19 1.856963e+00 3.150800e+00 5.533337e-19 1.086607e+00 6.230232e-02 -4.401301e-19 3.154455e+00 3.299105e+00 9.931759e-20 1.696232e-01 3.467622e-02 -1.465074e-19 1.871848e+00 3.205434e+00 7.147131e-19 1.112984e+00 5.899462e-02 -4.688881e-19 3.180970e+00 3.323123e+00 1.232407e-19 1.696232e-01 3.467622e-02 -1.465074e-19 1.889137e+00 3.215478e+00 7.425558e-19 1.122210e+00 7.296825e-02 -4.728077e-19
78             5.163575e-01 1.899366e-01 -2.554571e-19 1.693272e-01 3.460912e-02 -1.464375e-19 2.819841e-01 1.234572e-01 -7.447405e-19 6.504632e-02 3.187030e-02 6.357209e-19 5.462828e-01 4.046634e-01 -1.131432e-19 1.693272e-01 3.460912e-02 -1.464375e-19 2.969189e-01 3.365345e-01 -5.423356e-19 8.003677e-02 3.351974e-02 5.756299e-19 3.371345e-01 3.857602e-01 -2.361318e-19 1.693272e-01 3.460912e-02 -1.464375e-19 7.234730e-02 3.274172e-01 -8.006524e-19 9.546001e-02 2.373383e-02 7.109581e-19 3.425849e-01 5.515865e-01 4.227212e-20 1.693272e-01 3.460912e-02 -1.464375e-19 5.684266e-02 4.929239e-01 -5.995363e-19 1.164151e-01 2.405342e-02 7.882459e-19 9.404339e-01 7.947180e-01 5.268462e-19 1.693272e-01 3.460912e-02 -1.464375e-19 6.217024e-01 7.538931e-01 -3.355130e-19 1.494044e-01 6.215714e-03 1.008797e-18 1.486971e+00 1.042642e+00 -3.951816e-19 1.693272e-01 3.460912e-02 -1.464375e-19 1.137943e+00 1.025593e+00 -1.401174e-19 1.797011e-01 -1.756014e-02 -1.086268e-19 1.748504e+00 1.202786e+00 -4.065146e-19 1.693272e-01 3.460912e-02 -1.464375e-19 1.370118e+00 1.182930e+00 -7.458323e-20 2.090595e-01 -1.475333e-02 -1.854939e-19 1.921671e+00 1.400124e+00 -6.821930e-19 1.693272e-01 3.460912e-02 -1.464375e-19 1.496146e+00 1.359639e+00 -3.535615e-19 2.561976e-01 5.875970e-03 -1.821940e-19 2.109853e+00 1.696397e+00 -8.792804e-19 1.693272e-01 3.460912e-02 -1.464375e-19 1.611705e+00 1.622892e+00 -6.152657e-19 3.288204e-01 3.889575e-02 -1.175772e-19 2.302089e+00 1.900408e+00 -7.286969e-19 1.693272e-01 3.460912e-02 -1.464375e-19 1.713255e+00 1.773114e+00 -3.958322e-19 4.195066e-01 9.268502e-02 -1.864272e-19 2.457036e+00 2.148943e+00 -7.287639e-19 1.693272e-01 3.460912e-02 -1.464375e-19 1.738560e+00 2.001067e+00 -3.958322e-19 5.491485e-01 1.132674e-01 -1.864942e-19 2.552090e+00 2.368205e+00 -7.286608e-19 1.693272e-01 3.460912e-02 -1.464375e-19 1.738560e+00 2.220328e+00 -3.958322e-19 6.442026e-01 1.132674e-01 -1.863911e-19 2.642622e+00 2.562456e+00 -7.286614e-19 1.693272e-01 3.460912e-02 -1.464375e-19 1.738560e+00 2.414579e+00 -3.958322e-19 7.347342e-01 1.132674e-01 -1.863917e-19 2.732991e+00 2.733402e+00 -7.286614e-19 1.693272e-01 3.460912e-02 -1.464375e-19 1.738560e+00 2.585525e+00 -3.958322e-19 8.251031e-01 1.132674e-01 -1.863917e-19 2.828717e+00 2.878800e+00 -7.286623e-19 1.693272e-01 3.460912e-02 -1.464375e-19 1.738560e+00 2.730924e+00 -3.958322e-19 9.208299e-01 1.132674e-01 -1.863926e-19 2.974113e+00 3.051511e+00 -4.918834e-19 1.693272e-01 3.460912e-02 -1.464375e-19 1.791814e+00 2.934706e+00 -3.672782e-20 1.012971e+00 8.219567e-02 -3.087181e-19 3.051119e+00 3.161630e+00 -2.214195e-19 1.693272e-01 3.460912e-02 -1.464375e-19 1.828587e+00 3.057498e+00 2.896463e-19 1.053205e+00 6.952290e-02 -3.646283e-19 3.111312e+00 3.243046e+00 -3.316753e-20 1.693272e-01 3.460912e-02 -1.464375e-19 1.856651e+00 3.146193e+00 5.528392e-19 1.085334e+00 6.224405e-02 -4.395692e-19 3.152465e+00 3.294371e+00 9.909759e-20 1.693272e-01 3.460912e-02 -1.464375e-19 1.871502e+00 3.200785e+00 7.138567e-19 1.111636e+00 5.897768e-02 -4.683217e-19 3.178734e+00 3.318537e+00 1.231575e-19 1.693272e-01 3.460912e-02 -1.464375e-19 1.888592e+00 3.210819e+00 7.417701e-19 1.120815e+00 7.310951e-02 -4.721751e-19
79             5.159731e-01 1.897688e-01 -2.552585e-19 1.690314e-01 3.454667e-02 -1.463746e-19 2.819797e-01 1.233629e-01 -7.446924e-19 6.496196e-02 3.185924e-02 6.358085e-19 5.457994e-01 4.042929e-01 -1.127248e-19 1.690314e-01 3.454667e-02 -1.463746e-19 2.969248e-01 3.362470e-01 -5.421494e-19 7.984315e-02 3.349922e-02 5.757992e-19 3.366987e-01 3.852957e-01 -2.354209e-19 1.690314e-01 3.454667e-02 -1.463746e-19 7.250459e-02 3.270327e-01 -8.000359e-19 9.516269e-02 2.371635e-02 7.109896e-19 3.421206e-01 5.508605e-01 4.320474e-20 1.690314e-01 3.454667e-02 -1.463746e-19 5.703779e-02 4.922817e-01 -5.987473e-19 1.160514e-01 2.403221e-02 7.883267e-19 9.396396e-01 7.936907e-01 5.277142e-19 1.690314e-01 3.454667e-02 -1.463746e-19 6.216196e-01 7.529196e-01 -3.345733e-19 1.489885e-01 6.224424e-03 1.008662e-18 1.485910e+00 1.041458e+00 -3.939126e-19 1.690314e-01 3.454667e-02 -1.463746e-19 1.137633e+00 1.024408e+00 -1.391368e-19 1.792461e-01 -1.749658e-02 -1.084011e-19 1.747363e+00 1.201458e+00 -4.052122e-19 1.690314e-01 3.454667e-02 -1.463746e-19 1.369753e+00 1.181585e+00 -7.360838e-20 2.085788e-01 -1.467307e-02 -1.852292e-19 1.920501e+00 1.398637e+00 -6.809106e-19 1.690314e-01 3.454667e-02 -1.463746e-19 1.495793e+00 1.358137e+00 -3.525985e-19 2.556764e-01 5.953583e-03 -1.819375e-19 2.108636e+00 1.694670e+00 -8.780444e-19 1.690314e-01 3.454667e-02 -1.463746e-19 1.611392e+00 1.621186e+00 -6.143602e-19 3.282123e-01 3.893748e-02 -1.173096e-19 2.300809e+00 1.898434e+00 -7.273624e-19 1.690314e-01 3.454667e-02 -1.463746e-19 1.713000e+00 1.771241e+00 -3.948035e-19 4.187771e-01 9.264661e-02 -1.861843e-19 2.455586e+00 2.146658e+00 -7.274718e-19 1.690314e-01 3.454667e-02 -1.463746e-19 1.738305e+00 1.998914e+00 -3.948035e-19 5.482495e-01 1.131979e-01 -1.862937e-19 2.550538e+00 2.365641e+00 -7.273265e-19 1.690314e-01 3.454667e-02 -1.463746e-19 1.738305e+00 2.217896e+00 -3.948035e-19 6.432022e-01 1.131979e-01 -1.861483e-19 2.640998e+00 2.559650e+00 -7.273270e-19 1.690314e-01 3.454667e-02 -1.463746e-19 1.738305e+00 2.411906e+00 -3.948035e-19 7.336614e-01 1.131979e-01 -1.861488e-19 2.731321e+00 2.730381e+00 -7.273270e-19 1.690314e-01 3.454667e-02 -1.463746e-19 1.738305e+00 2.582637e+00 -3.948035e-19 8.239847e-01 1.131979e-01 -1.861488e-19 2.827040e+00 2.875584e+00 -7.273279e-19 1.690314e-01 3.454667e-02 -1.463746e-19 1.738305e+00 2.727839e+00 -3.948035e-19 9.197041e-01 1.131979e-01 -1.861498e-19 2.972417e+00 3.048143e+00 -4.907377e-19 1.690314e-01 3.454667e-02 -1.463746e-19 1.791533e+00 2.931490e+00 -3.592056e-20 1.011852e+00 8.210659e-02 -3.084425e-19 3.049360e+00 3.158189e+00 -2.205176e-19 1.690314e-01 3.454667e-02 -1.463746e-19 1.828274e+00 3.054204e+00 2.901753e-19 1.052054e+00 6.943777e-02 -3.643182e-19 3.109476e+00 3.239591e+00 -3.240877e-20 1.690314e-01 3.454667e-02 -1.463746e-19 1.856322e+00 3.142858e+00 5.532022e-19 1.084123e+00 6.218627e-02 -4.392364e-19 3.150555e+00 3.290947e+00 9.979165e-20 1.690314e-01 3.454667e-02 -1.463746e-19 1.871172e+00 3.197441e+00 7.142095e-19 1.110352e+00 5.895934e-02 -4.680432e-19 3.176643e+00 3.315267e+00 1.239863e-19 1.690314e-01 3.454667e-02 -1.463746e-19 1.888127e+00 3.207477e+00 7.422206e-19 1.119484e+00 7.324298e-02 -4.718596e-19
80             5.155871e-01 1.896436e-01 -2.550685e-19 1.687360e-01 3.448903e-02 -1.463146e-19 2.819565e-01 1.233004e-01 -7.446535e-19 6.489449e-02 3.185410e-02 6.358996e-19 5.453184e-01 4.040088e-01 -1.123767e-19 1.687360e-01 3.448903e-02 -1.463146e-19 2.969085e-01 3.360346e-01 -5.420159e-19 7.967385e-02 3.348511e-02 5.759538e-19 3.362571e-01 3.849617e-01 -2.348248e-19 1.687360e-01 3.448903e-02 -1.463146e-19 7.262648e-02 3.267690e-01 -7.995339e-19 9.489457e-02 2.370369e-02 7.110237e-19 3.416466e-01 5.503029e-01 4.396575e-20 1.687360e-01 3.448903e-02 -1.463146e-19 5.719268e-02 4.917982e-01 -5.981151e-19 1.157179e-01 2.401563e-02 7.883954e-19 9.388528e-01 7.928776e-01 5.283840e-19 1.687360e-01 3.448903e-02 -1.463146e-19 6.215127e-01 7.521536e-01 -3.338399e-19 1.486040e-01 6.234965e-03 1.008539e-18 1.484873e+00 1.040522e+00 -3.928759e-19 1.687360e-01 3.448903e-02 -1.463146e-19 1.137312e+00 1.023467e+00 -1.383976e-19 1.788246e-01 -1.743388e-02 -1.081637e-19 1.746232e+00 1.200423e+00 -4.041550e-19 1.687360e-01 3.448903e-02 -1.463146e-19 1.369363e+00 1.180527e+00 -7.289034e-20 2.081331e-01 -1.459351e-02 -1.849501e-19 1.919316e+00 1.397492e+00 -6.798170e-19 1.687360e-01 3.448903e-02 -1.463146e-19 1.495386e+00 1.356971e+00 -3.518358e-19 2.551934e-01 6.032143e-03 -1.816666e-19 2.107376e+00 1.693345e+00 -8.769465e-19 1.687360e-01 3.448903e-02 -1.463146e-19 1.610993e+00 1.619873e+00 -6.135883e-19 3.276475e-01 3.898286e-02 -1.170436e-19 2.299457e+00 1.896920e+00 -7.262223e-19 1.687360e-01 3.448903e-02 -1.463146e-19 1.712625e+00 1.769816e+00 -3.939833e-19 4.180958e-01 9.261485e-02 -1.859245e-19 2.454059e+00 2.144897e+00 -7.263629e-19 1.687360e-01 3.448903e-02 -1.463146e-19 1.737921e+00 1.997272e+00 -3.939833e-19 5.474019e-01 1.131356e-01 -1.860651e-19 2.548912e+00 2.363664e+00 -7.261866e-19 1.687360e-01 3.448903e-02 -1.463146e-19 1.737921e+00 2.216040e+00 -3.939833e-19 6.422543e-01 1.131356e-01 -1.858887e-19 2.639299e+00 2.557491e+00 -7.261871e-19 1.687360e-01 3.448903e-02 -1.463146e-19 1.737921e+00 2.409867e+00 -3.939833e-19 7.326420e-01 1.131356e-01 -1.858892e-19 2.729578e+00 2.728061e+00 -7.261871e-19 1.687360e-01 3.448903e-02 -1.463146e-19 1.737921e+00 2.580437e+00 -3.939833e-19 8.229207e-01 1.131356e-01 -1.858892e-19 2.825291e+00 2.873115e+00 -7.261880e-19 1.687360e-01 3.448903e-02 -1.463146e-19 1.737921e+00 2.725490e+00 -3.939833e-19 9.186335e-01 1.131356e-01 -1.858901e-19 2.970679e+00 3.045559e+00 -4.896224e-19 1.687360e-01 3.448903e-02 -1.463146e-19 1.791153e+00 2.929046e+00 -3.509328e-20 1.010791e+00 8.202404e-02 -3.082146e-19 3.047598e+00 3.155566e+00 -2.193844e-19 1.687360e-01 3.448903e-02 -1.463146e-19 1.827898e+00 3.051720e+00 2.910398e-19 1.050964e+00 6.935769e-02 -3.641097e-19 3.107681e+00 3.236993e+00 -3.114536e-20 1.687360e-01 3.448903e-02 -1.463146e-19 1.855971e+00 3.140372e+00 5.542770e-19 1.082975e+00 6.213151e-02 -4.391078e-19 3.148719e+00 3.288401e+00 1.012537e-19 1.687360e-01 3.448903e-02 -1.463146e-19 1.870849e+00 3.194970e+00 7.155919e-19 1.109134e+00 5.894274e-02 -4.680236e-19 3.174735e+00 3.312887e+00 1.255525e-19 1.687360e-01 3.448903e-02 -1.463146e-19 1.887779e+00 3.205023e+00 7.437065e-19 1.118220e+00 7.337509e-02 -4.718394e-19
81             5.152043e-01 1.895565e-01 -2.548820e-19 1.684409e-01 3.443584e-02 -1.462556e-19 2.819202e-01 1.232655e-01 -7.446234e-19 6.484321e-02 3.185509e-02 6.359970e-19 5.448462e-01 4.037930e-01 -1.120687e-19 1.684409e-01 3.443584e-02 -1.462556e-19 2.968773e-01 3.358796e-01 -5.419167e-19 7.952800e-02 3.347760e-02 5.761036e-19 3.358247e-01 3.847169e-01 -2.342868e-19 1.684409e-01 3.443584e-02 -1.462556e-19 7.272930e-02 3.265847e-01 -7.990905e-19 9.465447e-02 2.369631e-02 7.110593e-19 3.411807e-01 5.498449e-01 4.465259e-20 1.684409e-01 3.443584e-02 -1.462556e-19 5.732659e-02 4.914049e-01 -5.975544e-19 1.154132e-01 2.400415e-02 7.884627e-19 9.380788e-01 7.921697e-01 5.289790e-19 1.684409e-01 3.443584e-02 -1.462556e-19 6.213886e-01 7.514859e-01 -3.331852e-19 1.482492e-01 6.247965e-03 1.008420e-18 1.483853e+00 1.039692e+00 -3.919206e-19 1.684409e-01 3.443584e-02 -1.462556e-19 1.136978e+00 1.022628e+00 -1.377393e-19 1.784345e-01 -1.737115e-02 -1.079257e-19 1.745118e+00 1.199504e+00 -4.031834e-19 1.684409e-01 3.443584e-02 -1.462556e-19 1.368956e+00 1.179581e+00 -7.225729e-20 2.077202e-01 -1.451359e-02 -1.846704e-19 1.918144e+00 1.396481e+00 -6.787972e-19 1.684409e-01 3.443584e-02 -1.462556e-19 1.494956e+00 1.355932e+00 -3.511465e-19 2.547462e-01 6.112791e-03 -1.813951e-19 2.106125e+00 1.692180e+00 -8.759075e-19 1.684409e-01 3.443584e-02 -1.462556e-19 1.610560e+00 1.618711e+00 -6.128696e-19 3.271234e-01 3.903302e-02 -1.167822e-19 2.298106e+00 1.895588e+00 -7.251578e-19 1.684409e-01 3.443584e-02 -1.462556e-19 1.712206e+00 1.768561e+00 -3.932387e-19 4.174600e-01 9.259073e-02 -1.856634e-19 2.452536e+00 2.143339e+00 -7.253270e-19 1.684409e-01 3.443584e-02 -1.462556e-19 1.737492e+00 1.995822e+00 -3.932387e-19 5.466031e-01 1.130817e-01 -1.858326e-19 2.547290e+00 2.361905e+00 -7.251222e-19 1.684409e-01 3.443584e-02 -1.462556e-19 1.737492e+00 2.214388e+00 -3.932387e-19 6.413565e-01 1.130817e-01 -1.856278e-19 2.637607e+00 2.555557e+00 -7.251226e-19 1.684409e-01 3.443584e-02 -1.462556e-19 1.737492e+00 2.408039e+00 -3.932387e-19 7.316740e-01 1.130817e-01 -1.856283e-19 2.727842e+00 2.725970e+00 -7.251226e-19 1.684409e-01 3.443584e-02 -1.462556e-19 1.737492e+00 2.578452e+00 -3.932387e-19 8.219094e-01 1.130817e-01 -1.856283e-19 2.823550e+00 2.870882e+00 -7.251235e-19 1.684409e-01 3.443584e-02 -1.462556e-19 1.737492e+00 2.723365e+00 -3.932387e-19 9.176173e-01 1.130817e-01 -1.856292e-19 2.968967e+00 3.043220e+00 -4.885116e-19 1.684409e-01 3.443584e-02 -1.462556e-19 1.790739e+00 2.926835e+00 -3.423461e-20 1.009787e+00 8.194856e-02 -3.080214e-19 3.045884e+00 3.153200e+00 -2.181251e-19 1.684409e-01 3.443584e-02 -1.462556e-19 1.827508e+00 3.049481e+00 2.920986e-19 1.049935e+00 6.928295e-02 -3.639680e-19 3.105959e+00 3.234662e+00 -2.961964e-20 1.684409e-01 3.443584e-02 -1.462556e-19 1.855626e+00 3.138146e+00 5.557352e-19 1.081892e+00 6.208017e-02 -4.390992e-19 3.146975e+00 3.286128e+00 1.031286e-19 1.684409e-01 3.443584e-02 -1.462556e-19 1.870550e+00 3.192764e+00 7.175400e-19 1.107984e+00 5.892801e-02 -4.681558e-19 3.173030e+00 3.310787e+00 1.274767e-19 1.684409e-01 3.443584e-02 -1.462556e-19 1.887564e+00 3.202844e+00 7.457329e-19 1.117026e+00 7.350755e-02 -4.720006e-19
82             5.148369e-01 1.894956e-01 -2.547016e-19 1.681461e-01 3.438659e-02 -1.461999e-19 2.818830e-01 1.232471e-01 -7.446151e-19 6.480777e-02 3.186198e-02 6.361134e-19 5.443968e-01 4.036132e-01 -1.117740e-19 1.681461e-01 3.438659e-02 -1.461999e-19 2.968450e-01 3.357502e-01 -5.418425e-19 7.940568e-02 3.347640e-02 5.762684e-19 3.354177e-01 3.845024e-01 -2.337625e-19 1.681461e-01 3.438659e-02 -1.461999e-19 7.282926e-02 3.264218e-01 -7.986731e-19 9.444240e-02 2.369401e-02 7.111105e-19 3.407411e-01 5.494127e-01 4.534298e-20 1.681461e-01 3.438659e-02 -1.461999e-19 5.745780e-02 4.910286e-01 -5.970086e-19 1.151372e-01 2.399754e-02 7.885514e-19 9.373386e-01 7.914726e-01 5.296020e-19 1.681461e-01 3.438659e-02 -1.461999e-19 6.212689e-01 7.508228e-01 -3.325205e-19 1.479236e-01 6.263225e-03 1.008322e-18 1.482873e+00 1.038860e+00 -3.909436e-19 1.681461e-01 3.438659e-02 -1.461999e-19 1.136652e+00 1.021782e+00 -1.370496e-19 1.780749e-01 -1.730831e-02 -1.076942e-19 1.744056e+00 1.198569e+00 -4.021874e-19 1.681461e-01 3.438659e-02 -1.461999e-19 1.368571e+00 1.178616e+00 -7.158691e-20 2.073390e-01 -1.443327e-02 -1.844006e-19 1.917038e+00 1.395448e+00 -6.777782e-19 1.681461e-01 3.438659e-02 -1.461999e-19 1.494559e+00 1.354866e+00 -3.504450e-19 2.543334e-01 6.195418e-03 -1.811334e-19 2.104953e+00 1.690991e+00 -8.748855e-19 1.681461e-01 3.438659e-02 -1.461999e-19 1.610168e+00 1.617517e+00 -6.121596e-19 3.266381e-01 3.908766e-02 -1.165261e-19 2.296850e+00 1.894228e+00 -7.240933e-19 1.681461e-01 3.438659e-02 -1.461999e-19 1.711837e+00 1.767268e+00 -3.924810e-19 4.168672e-01 9.257367e-02 -1.854125e-19 2.451113e+00 2.141742e+00 -7.242959e-19 1.681461e-01 3.438659e-02 -1.461999e-19 1.737116e+00 1.994320e+00 -3.924810e-19 5.458501e-01 1.130353e-01 -1.856150e-19 2.545768e+00 2.360082e+00 -7.240579e-19 1.681461e-01 3.438659e-02 -1.461999e-19 1.737116e+00 2.212660e+00 -3.924810e-19 6.405053e-01 1.130353e-01 -1.853770e-19 2.636016e+00 2.553528e+00 -7.240583e-19 1.681461e-01 3.438659e-02 -1.461999e-19 1.737116e+00 2.406106e+00 -3.924810e-19 7.307537e-01 1.130353e-01 -1.853775e-19 2.726211e+00 2.723757e+00 -7.240583e-19 1.681461e-01 3.438659e-02 -1.461999e-19 1.737116e+00 2.576335e+00 -3.924810e-19 8.209480e-01 1.130353e-01 -1.853775e-19 2.821916e+00 2.868506e+00 -7.240592e-19 1.681461e-01 3.438659e-02 -1.461999e-19 1.737116e+00 2.721084e+00 -3.924810e-19 9.166538e-01 1.130353e-01 -1.853784e-19 2.967362e+00 3.040721e+00 -4.874246e-19 1.681461e-01 3.438659e-02 -1.461999e-19 1.790375e+00 2.924456e+00 -3.338746e-20 1.008840e+00 8.187901e-02 -3.078373e-19 3.044279e+00 3.150661e+00 -2.169100e-19 1.681461e-01 3.438659e-02 -1.461999e-19 1.827166e+00 3.047063e+00 2.931247e-19 1.048967e+00 6.921218e-02 -3.638348e-19 3.104346e+00 3.232144e+00 -2.815560e-20 1.681461e-01 3.438659e-02 -1.461999e-19 1.855327e+00 3.135727e+00 5.571370e-19 1.080874e+00 6.203065e-02 -4.390927e-19 3.145347e+00 3.283655e+00 1.049608e-19 1.681461e-01 3.438659e-02 -1.461999e-19 1.870298e+00 3.190356e+00 7.194546e-19 1.106903e+00 5.891289e-02 -4.682939e-19 3.171519e+00 3.308484e+00 1.292951e-19 1.681461e-01 3.438659e-02 -1.461999e-19 1.887470e+00 3.200460e+00 7.476786e-19 1.115902e+00 7.363744e-02 -4.721836e-19
83             5.145010e-01 1.894500e-01 -2.545370e-19 1.678515e-01 3.434094e-02 -1.461525e-19 2.818618e-01 1.232348e-01 -7.446527e-19 6.478779e-02 3.187422e-02 6.362682e-19 5.439881e-01 4.034461e-01 -1.114778e-19 1.678515e-01 3.434094e-02 -1.461525e-19 2.968299e-01 3.356242e-01 -5.417969e-19 7.930677e-02 3.348090e-02 5.764716e-19 3.350486e-01 3.842789e-01 -2.332313e-19 1.678515e-01 3.434094e-02 -1.461525e-19 7.293884e-02 3.262419e-01 -7.982808e-19 9.425830e-02 2.369605e-02 7.112020e-19 3.403404e-01 5.489657e-01 4.607916e-20 1.678515e-01 3.434094e-02 -1.461525e-19 5.759941e-02 4.906297e-01 -5.964607e-19 1.148895e-01 2.399506e-02 7.886923e-19 9.366636e-01 7.907470e-01 5.303183e-19 1.678515e-01 3.434094e-02 -1.461525e-19 6.211853e-01 7.501261e-01 -3.318099e-19 1.476268e-01 6.279954e-03 1.008281e-18 1.481981e+00 1.037989e+00 -3.899066e-19 1.678515e-01 3.434094e-02 -1.461525e-19 1.136385e+00 1.020894e+00 -1.362783e-19 1.777453e-01 -1.724613e-02 -1.074758e-19 1.743107e+00 1.197578e+00 -4.011259e-19 1.678515e-01 3.434094e-02 -1.461525e-19 1.368267e+00 1.177591e+00 -7.082245e-20 2.069888e-01 -1.435359e-02 -1.841510e-19 1.916069e+00 1.394343e+00 -6.767426e-19 1.678515e-01 3.434094e-02 -1.461525e-19 1.494264e+00 1.353723e+00 -3.496983e-19 2.539537e-01 6.278652e-03 -1.808919e-19 2.103945e+00 1.689718e+00 -8.738848e-19 1.678515e-01 3.434094e-02 -1.461525e-19 1.609903e+00 1.616232e+00 -6.114533e-19 3.261900e-01 3.914514e-02 -1.162790e-19 2.295785e+00 1.892766e+00 -7.230113e-19 1.678515e-01 3.434094e-02 -1.461525e-19 1.711618e+00 1.765863e+00 -3.916756e-19 4.163155e-01 9.256168e-02 -1.851832e-19 2.449887e+00 2.140014e+00 -7.232552e-19 1.678515e-01 3.434094e-02 -1.461525e-19 1.736896e+00 1.992678e+00 -3.916756e-19 5.451401e-01 1.129945e-01 -1.854271e-19 2.544445e+00 2.358092e+00 -7.229760e-19 1.678515e-01 3.434094e-02 -1.461525e-19 1.736896e+00 2.210757e+00 -3.916756e-19 6.396976e-01 1.129945e-01 -1.851479e-19 2.634625e+00 2.551294e+00 -7.229763e-19 1.678515e-01 3.434094e-02 -1.461525e-19 1.736896e+00 2.403959e+00 -3.916756e-19 7.298782e-01 1.129945e-01 -1.851483e-19 2.724781e+00 2.721302e+00 -7.229763e-19 1.678515e-01 3.434094e-02 -1.461525e-19 1.736896e+00 2.573967e+00 -3.916756e-19 8.200340e-01 1.129945e-01 -1.851483e-19 2.820488e+00 2.865855e+00 -7.229772e-19 1.678515e-01 3.434094e-02 -1.461525e-19 1.736896e+00 2.718520e+00 -3.916756e-19 9.157412e-01 1.129945e-01 -1.851492e-19 2.965950e+00 3.037919e+00 -4.864230e-19 1.678515e-01 3.434094e-02 -1.461525e-19 1.790149e+00 2.921765e+00 -3.263325e-20 1.007950e+00 8.181304e-02 -3.076373e-19 3.042851e+00 3.147792e+00 -2.159293e-19 1.678515e-01 3.434094e-02 -1.461525e-19 1.826940e+00 3.044308e+00 2.938782e-19 1.048059e+00 6.914285e-02 -3.636551e-19 3.102896e+00 3.229264e+00 -2.706485e-20 1.678515e-01 3.434094e-02 -1.461525e-19 1.855124e+00 3.132944e+00 5.580744e-19 1.079920e+00 6.197987e-02 -4.389868e-19 3.143875e+00 3.280801e+00 1.063210e-19 1.678515e-01 3.434094e-02 -1.461525e-19 1.870131e+00 3.187566e+00 7.207842e-19 1.105892e+00 5.889373e-02 -4.683107e-19 3.170163e+00 3.305783e+00 1.306076e-19 1.678515e-01 3.434094e-02 -1.461525e-19 1.887461e+00 3.197683e+00 7.490030e-19 1.114851e+00 7.375895e-02 -4.722430e-19
84             5.142089e-01 1.894158e-01 -2.543994e-19 1.675571e-01 3.429870e-02 -1.461183e-19 2.818692e-01 1.232260e-01 -7.447580e-19 6.478251e-02 3.189116e-02 6.364769e-19 5.436330e-01 4.032917e-01 -1.111802e-19 1.675571e-01 3.429870e-02 -1.461183e-19 2.968456e-01 3.355025e-01 -5.417911e-19 7.923032e-02 3.349041e-02 5.767292e-19 3.347210e-01 3.840472e-01 -2.326986e-19 1.675571e-01 3.429870e-02 -1.461183e-19 7.306269e-02 3.260468e-01 -7.979356e-19 9.410121e-02 2.370165e-02 7.113553e-19 3.399818e-01 5.485131e-01 4.686093e-20 1.675571e-01 3.429870e-02 -1.461183e-19 5.775535e-02 4.902185e-01 -5.959289e-19 1.146693e-01 2.399593e-02 7.889081e-19 9.360779e-01 7.900169e-01 5.311403e-19 1.675571e-01 3.429870e-02 -1.461183e-19 6.211629e-01 7.494209e-01 -3.310687e-19 1.473579e-01 6.297322e-03 1.008327e-18 1.481221e+00 1.037116e+00 -3.888329e-19 1.675571e-01 3.429870e-02 -1.461183e-19 1.136219e+00 1.020003e+00 -1.354387e-19 1.774448e-01 -1.718561e-02 -1.072759e-19 1.742319e+00 1.196579e+00 -4.000246e-19 1.675571e-01 3.429870e-02 -1.461183e-19 1.368094e+00 1.176556e+00 -6.997672e-20 2.066683e-01 -1.427588e-02 -1.839296e-19 1.915287e+00 1.393225e+00 -6.757182e-19 1.675571e-01 3.429870e-02 -1.461183e-19 1.494124e+00 1.352565e+00 -3.489212e-19 2.536060e-01 6.360786e-03 -1.806787e-19 2.103151e+00 1.688432e+00 -8.729347e-19 1.675571e-01 3.429870e-02 -1.461183e-19 1.609816e+00 1.614929e+00 -6.107679e-19 3.257778e-01 3.920345e-02 -1.160485e-19 2.294962e+00 1.891281e+00 -7.219418e-19 1.675571e-01 3.429870e-02 -1.461183e-19 1.711601e+00 1.764430e+00 -3.908401e-19 4.158034e-01 9.255262e-02 -1.849834e-19 2.448910e+00 2.138248e+00 -7.222336e-19 1.675571e-01 3.429870e-02 -1.461183e-19 1.736882e+00 1.990992e+00 -3.908401e-19 5.444715e-01 1.129571e-01 -1.852752e-19 2.543371e+00 2.356046e+00 -7.219066e-19 1.675571e-01 3.429870e-02 -1.461183e-19 1.736882e+00 2.208790e+00 -3.908401e-19 6.389318e-01 1.129571e-01 -1.849482e-19 2.633485e+00 2.548987e+00 -7.219069e-19 1.675571e-01 3.429870e-02 -1.461183e-19 1.736882e+00 2.401731e+00 -3.908401e-19 7.290460e-01 1.129571e-01 -1.849485e-19 2.723604e+00 2.718757e+00 -7.219069e-19 1.675571e-01 3.429870e-02 -1.461183e-19 1.736882e+00 2.571501e+00 -3.908401e-19 8.191657e-01 1.129571e-01 -1.849485e-19 2.819316e+00 2.863095e+00 -7.219078e-19 1.675571e-01 3.429870e-02 -1.461183e-19 1.736882e+00 2.715839e+00 -3.908401e-19 9.148774e-01 1.129571e-01 -1.849494e-19 2.964781e+00 3.034993e+00 -4.855453e-19 1.675571e-01 3.429870e-02 -1.461183e-19 1.790111e+00 2.918946e+00 -3.200534e-20 1.007113e+00 8.174849e-02 -3.074217e-19 3.041645e+00 3.144779e+00 -2.152406e-19 1.675571e-01 3.429870e-02 -1.461183e-19 1.826879e+00 3.041407e+00 2.943016e-19 1.047209e+00 6.907259e-02 -3.634240e-19 3.101649e+00 3.226220e+00 -2.642474e-20 1.675571e-01 3.429870e-02 -1.461183e-19 1.855061e+00 3.129996e+00 5.584637e-19 1.079030e+00 6.192497e-02 -4.387702e-19 3.142594e+00 3.277768e+00 1.070833e-19 1.675571e-01 3.429870e-02 -1.461183e-19 1.870088e+00 3.184602e+00 7.213849e-19 1.104949e+00 5.886757e-02 -4.681833e-19 3.168925e+00 3.302887e+00 1.313438e-19 1.675571e-01 3.429870e-02 -1.461183e-19 1.887499e+00 3.194721e+00 7.496015e-19 1.113869e+00 7.386719e-02 -4.721394e-19
85             5.139660e-01 1.893967e-01 -2.542963e-19 1.672630e-01 3.425980e-02 -1.461001e-19 2.819123e-01 1.232246e-01 -7.449459e-19 6.479075e-02 3.191229e-02 6.367497e-19 5.433364e-01 4.031674e-01 -1.108890e-19 1.672630e-01 3.425980e-02 -1.461001e-19 2.968990e-01 3.354031e-01 -5.418385e-19 7.917449e-02 3.350446e-02 5.770496e-19 3.344330e-01 3.838362e-01 -2.321808e-19 1.672630e-01 3.425980e-02 -1.461001e-19 7.320091e-02 3.258660e-01 -7.976650e-19 9.396915e-02 2.371036e-02 7.115843e-19 3.396623e-01 5.480938e-01 4.766708e-20 1.672630e-01 3.425980e-02 -1.461001e-19 5.792454e-02 4.898343e-01 -5.954440e-19 1.144748e-01 2.399972e-02 7.892111e-19 9.355929e-01 7.893367e-01 5.320488e-19 1.672630e-01 3.425980e-02 -1.461001e-19 6.212147e-01 7.487620e-01 -3.303338e-19 1.471153e-01 6.314948e-03 1.008483e-18 1.480618e+00 1.036312e+00 -3.877692e-19 1.672630e-01 3.425980e-02 -1.461001e-19 1.136183e+00 1.019179e+00 -1.345727e-19 1.771718e-01 -1.712732e-02 -1.070965e-19 1.741717e+00 1.195656e+00 -3.989346e-19 1.672630e-01 3.425980e-02 -1.461001e-19 1.368078e+00 1.175597e+00 -6.909505e-20 2.063762e-01 -1.420084e-02 -1.837395e-19 1.914711e+00 1.392197e+00 -6.747444e-19 1.672630e-01 3.425980e-02 -1.461001e-19 1.494160e+00 1.351496e+00 -3.481474e-19 2.532887e-01 6.440894e-03 -1.804969e-19 2.102583e+00 1.687259e+00 -8.720632e-19 1.672630e-01 3.425980e-02 -1.461001e-19 1.609920e+00 1.613738e+00 -6.101219e-19 3.254001e-01 3.926158e-02 -1.158413e-19 2.294382e+00 1.889925e+00 -7.209292e-19 1.672630e-01 3.425980e-02 -1.461001e-19 1.711789e+00 1.763119e+00 -3.900148e-19 4.153299e-01 9.254560e-02 -1.848143e-19 2.448181e+00 2.136626e+00 -7.212710e-19 1.672630e-01 3.425980e-02 -1.461001e-19 1.737075e+00 1.989444e+00 -3.900148e-19 5.438435e-01 1.129222e-01 -1.851561e-19 2.542546e+00 2.354160e+00 -7.208942e-19 1.672630e-01 3.425980e-02 -1.461001e-19 1.737075e+00 2.206978e+00 -3.900148e-19 6.382078e-01 1.129222e-01 -1.847793e-19 2.632595e+00 2.546856e+00 -7.208944e-19 1.672630e-01 3.425980e-02 -1.461001e-19 1.737075e+00 2.399674e+00 -3.900148e-19 7.282571e-01 1.129222e-01 -1.847795e-19 2.722680e+00 2.716404e+00 -7.208944e-19 1.672630e-01 3.425980e-02 -1.461001e-19 1.737075e+00 2.569222e+00 -3.900148e-19 8.183426e-01 1.129222e-01 -1.847795e-19 2.818399e+00 2.860540e+00 -7.208953e-19 1.672630e-01 3.425980e-02 -1.461001e-19 1.737075e+00 2.713358e+00 -3.900148e-19 9.140610e-01 1.129222e-01 -1.847804e-19 2.963861e+00 3.032287e+00 -4.847750e-19 1.672630e-01 3.425980e-02 -1.461001e-19 1.790271e+00 2.916343e+00 -3.146030e-20 1.006327e+00 8.168467e-02 -3.072147e-19 3.040683e+00 3.141992e+00 -2.147433e-19 1.672630e-01 3.425980e-02 -1.461001e-19 1.827005e+00 3.038731e+00 2.945400e-19 1.046415e+00 6.900070e-02 -3.631833e-19 3.100636e+00 3.223404e+00 -2.606697e-20 1.672630e-01 3.425980e-02 -1.461001e-19 1.855172e+00 3.127279e+00 5.585436e-19 1.078201e+00 6.186526e-02 -4.385106e-19 3.141538e+00 3.274966e+00 1.074420e-19 1.672630e-01 3.425980e-02 -1.461001e-19 1.870204e+00 3.181873e+00 7.215250e-19 1.104071e+00 5.883413e-02 -4.679830e-19 3.167810e+00 3.300211e+00 1.317419e-19 1.672630e-01 3.425980e-02 -1.461001e-19 1.887592e+00 3.191990e+00 7.497793e-19 1.112955e+00 7.396157e-02 -4.719373e-19
86             5.137815e-01 1.893987e-01 -2.542363e-19 1.669690e-01 3.422417e-02 -1.461003e-19 2.820013e-01 1.232371e-01 -7.452403e-19 6.481128e-02 3.193738e-02 6.371042e-19 5.431072e-01 4.030927e-01 -1.106071e-19 1.669690e-01 3.422417e-02 -1.461003e-19 2.970009e-01 3.353457e-01 -5.419572e-19 7.913736e-02 3.352283e-02 5.774504e-19 3.341894e-01 3.836723e-01 -2.316822e-19 1.669690e-01 3.422417e-02 -1.461003e-19 7.336032e-02 3.257260e-01 -7.974903e-19 9.386011e-02 2.372212e-02 7.119084e-19 3.393867e-01 5.477360e-01 4.850086e-20 1.669690e-01 3.422417e-02 -1.461003e-19 5.811351e-02 4.895054e-01 -5.950219e-19 1.143042e-01 2.400640e-02 7.896230e-19 9.352239e-01 7.887381e-01 5.330573e-19 1.669690e-01 3.422417e-02 -1.461003e-19 6.213577e-01 7.481810e-01 -3.296139e-19 1.468972e-01 6.332950e-03 1.008771e-18 1.480198e+00 1.035612e+00 -3.867226e-19 1.669690e-01 3.422417e-02 -1.461003e-19 1.136304e+00 1.018459e+00 -1.336839e-19 1.769246e-01 -1.707118e-02 -1.069385e-19 1.741334e+00 1.194851e+00 -3.978641e-19 1.669690e-01 3.422417e-02 -1.461003e-19 1.368254e+00 1.174755e+00 -6.818027e-20 2.061111e-01 -1.412840e-02 -1.835835e-19 1.914375e+00 1.391310e+00 -6.738335e-19 1.669690e-01 3.422417e-02 -1.461003e-19 1.494406e+00 1.350567e+00 -3.473841e-19 2.530006e-01 6.519092e-03 -1.803492e-19 2.102274e+00 1.686268e+00 -8.712825e-19 1.669690e-01 3.422417e-02 -1.461003e-19 1.610249e+00 1.612724e+00 -6.095227e-19 3.250558e-01 3.931971e-02 -1.156596e-19 2.294077e+00 1.888778e+00 -7.199893e-19 1.669690e-01 3.422417e-02 -1.461003e-19 1.712214e+00 1.762013e+00 -3.892114e-19 4.148942e-01 9.254110e-02 -1.846776e-19 2.447733e+00 2.135245e+00 -7.203818e-19 1.669690e-01 3.422417e-02 -1.461003e-19 1.737507e+00 1.988131e+00 -3.892114e-19 5.432566e-01 1.128903e-01 -1.850702e-19 2.542003e+00 2.352548e+00 -7.199543e-19 1.669690e-01 3.422417e-02 -1.461003e-19 1.737507e+00 2.205434e+00 -3.892114e-19 6.375263e-01 1.128903e-01 -1.846427e-19 2.631988e+00 2.545033e+00 -7.199545e-19 1.669690e-01 3.422417e-02 -1.461003e-19 1.737507e+00 2.397918e+00 -3.892114e-19 7.275121e-01 1.128903e-01 -1.846429e-19 2.722041e+00 2.714390e+00 -7.199545e-19 1.669690e-01 3.422417e-02 -1.461003e-19 1.737507e+00 2.567276e+00 -3.892114e-19 8.175650e-01 1.128903e-01 -1.846429e-19 2.817768e+00 2.858353e+00 -7.199554e-19 1.669690e-01 3.422417e-02 -1.461003e-19 1.737507e+00 2.711239e+00 -3.892114e-19 9.132920e-01 1.128903e-01 -1.846437e-19 2.963232e+00 3.029987e+00 -4.840840e-19 1.669690e-01 3.422417e-02 -1.461003e-19 1.790670e+00 2.914140e+00 -3.094706e-20 1.005593e+00 8.162241e-02 -3.070367e-19 3.040011e+00 3.139633e+00 -2.143446e-19 1.669690e-01 3.422417e-02 -1.461003e-19 1.827366e+00 3.036481e+00 2.947228e-19 1.045675e+00 6.892822e-02 -3.629671e-19 3.099912e+00 3.221032e+00 -2.584917e-20 1.669690e-01 3.422417e-02 -1.461003e-19 1.855511e+00 3.125005e+00 5.585097e-19 1.077432e+00 6.180220e-02 -4.382586e-19 3.140764e+00 3.272620e+00 1.075732e-19 1.669690e-01 3.422417e-02 -1.461003e-19 1.870539e+00 3.179601e+00 7.214393e-19 1.103256e+00 5.879542e-02 -4.677658e-19 3.166890e+00 3.297991e+00 1.319865e-19 1.669690e-01 3.422417e-02 -1.461003e-19 1.887815e+00 3.189722e+00 7.497798e-19 1.112106e+00 7.404540e-02 -4.716931e-19
87             5.136700e-01 1.894259e-01 -2.542301e-19 1.666752e-01 3.419174e-02 -1.461219e-19 2.821516e-01 1.232678e-01 -7.456745e-19 6.484321e-02 3.196635e-02 6.375663e-19 5.429608e-01 4.030778e-01 -1.103294e-19 1.666752e-01 3.419174e-02 -1.461219e-19 2.971678e-01 3.353406e-01 -5.421672e-19 7.911780e-02 3.354543e-02 5.779597e-19 3.340038e-01 3.835614e-01 -2.311895e-19 1.666752e-01 3.419174e-02 -1.461219e-19 7.355559e-02 3.256326e-01 -7.974223e-19 9.377298e-02 2.373705e-02 7.123548e-19 3.391695e-01 5.474384e-01 4.939944e-20 1.666752e-01 3.419174e-02 -1.461219e-19 5.833780e-02 4.892305e-01 -5.946562e-19 1.141565e-01 2.401611e-02 7.901776e-19 9.349947e-01 7.882094e-01 5.342264e-19 1.666752e-01 3.419174e-02 -1.461219e-19 6.216168e-01 7.476660e-01 -3.288777e-19 1.467027e-01 6.351621e-03 1.009226e-18 1.479996e+00 1.034999e+00 -3.856471e-19 1.666752e-01 3.419174e-02 -1.461219e-19 1.136618e+00 1.017824e+00 -1.327215e-19 1.767023e-01 -1.701682e-02 -1.068037e-19 1.741217e+00 1.194138e+00 -3.967636e-19 1.666752e-01 3.419174e-02 -1.461219e-19 1.368670e+00 1.174005e+00 -6.717441e-20 2.058718e-01 -1.405809e-02 -1.834673e-19 1.914338e+00 1.390532e+00 -6.729638e-19 1.666752e-01 3.419174e-02 -1.461219e-19 1.494922e+00 1.349744e+00 -3.466011e-19 2.527406e-01 6.595928e-03 -1.802408e-19 2.102297e+00 1.685423e+00 -8.705914e-19 1.666752e-01 3.419174e-02 -1.461219e-19 1.610878e+00 1.611853e+00 -6.089670e-19 3.247442e-01 3.937852e-02 -1.155024e-19 2.294133e+00 1.887801e+00 -7.190996e-19 1.666752e-01 3.419174e-02 -1.461219e-19 1.712962e+00 1.761069e+00 -3.883983e-19 4.144959e-01 9.254001e-02 -1.845793e-19 2.447653e+00 2.134057e+00 -7.195476e-19 1.666752e-01 3.419174e-02 -1.461219e-19 1.738267e+00 1.987003e+00 -3.883983e-19 5.427109e-01 1.128626e-01 -1.850274e-19 2.541830e+00 2.351150e+00 -7.190648e-19 1.666752e-01 3.419174e-02 -1.461219e-19 1.738267e+00 2.204096e+00 -3.883983e-19 6.368878e-01 1.128626e-01 -1.845445e-19 2.631754e+00 2.543441e+00 -7.190649e-19 1.666752e-01 3.419174e-02 -1.461219e-19 1.738267e+00 2.396387e+00 -3.883983e-19 7.268118e-01 1.128626e-01 -1.845446e-19 2.721777e+00 2.712626e+00 -7.190649e-19 1.666752e-01 3.419174e-02 -1.461219e-19 1.738267e+00 2.565572e+00 -3.883983e-19 8.168340e-01 1.128626e-01 -1.845446e-19 2.817514e+00 2.856438e+00 -7.190657e-19 1.666752e-01 3.419174e-02 -1.461219e-19 1.738267e+00 2.709383e+00 -3.883983e-19 9.125718e-01 1.128626e-01 -1.845455e-19 2.962975e+00 3.027990e+00 -4.834878e-19 1.666752e-01 3.419174e-02 -1.461219e-19 1.791388e+00 2.912235e+00 -3.048444e-20 1.004911e+00 8.156277e-02 -3.068815e-19 3.039706e+00 3.137596e+00 -2.141107e-19 1.666752e-01 3.419174e-02 -1.461219e-19 1.828038e+00 3.034548e+00 2.947710e-19 1.044993e+00 6.885642e-02 -3.627597e-19 3.099545e+00 3.218991e+00 -2.588871e-20 1.666752e-01 3.419174e-02 -1.461219e-19 1.856146e+00 3.123062e+00 5.582111e-19 1.076723e+00 6.173752e-02 -4.379779e-19 3.140336e+00 3.270613e+00 1.073269e-19 1.666752e-01 3.419174e-02 -1.461219e-19 1.871155e+00 3.177668e+00 7.209374e-19 1.102505e+00 5.875332e-02 -4.674886e-19 3.166242e+00 3.296114e+00 1.319202e-19 1.666752e-01 3.419174e-02 -1.461219e-19 1.888244e+00 3.187800e+00 7.494035e-19 1.111323e+00 7.412212e-02 -4.713614e-19
88             5.136789e-01 1.894807e-01 -2.543122e-19 1.663816e-01 3.416242e-02 -1.461773e-19 2.824110e-01 1.233191e-01 -7.463435e-19 6.488626e-02 3.199916e-02 6.382087e-19 5.429481e-01 4.031302e-01 -1.100362e-19 1.663816e-01 3.416242e-02 -1.461773e-19 2.974508e-01 3.353956e-01 -5.425169e-19 7.911577e-02 3.357224e-02 5.786580e-19 3.339159e-01 3.834897e-01 -2.306647e-19 1.663816e-01 3.416242e-02 -1.461773e-19 7.382638e-02 3.255721e-01 -7.974916e-19 9.370790e-02 2.375520e-02 7.130041e-19 3.390524e-01 5.471746e-01 5.047001e-20 1.663816e-01 3.416242e-02 -1.461773e-19 5.863901e-02 4.889832e-01 -5.943274e-19 1.140318e-01 2.402894e-02 7.909748e-19 9.349880e-01 7.877086e-01 5.357335e-19 1.663816e-01 3.416242e-02 -1.461773e-19 6.220747e-01 7.471750e-01 -3.280386e-19 1.465317e-01 6.371112e-03 1.009949e-18 1.480134e+00 1.034427e+00 -3.844301e-19 1.663816e-01 3.416242e-02 -1.461773e-19 1.137248e+00 1.017229e+00 -1.315479e-19 1.765046e-01 -1.696399e-02 -1.067049e-19 1.741523e+00 1.193454e+00 -3.955140e-19 1.663816e-01 3.416242e-02 -1.461773e-19 1.369483e+00 1.173281e+00 -6.592222e-20 2.056583e-01 -1.398965e-02 -1.834144e-19 1.914791e+00 1.389785e+00 -6.720859e-19 1.663816e-01 3.416242e-02 -1.461773e-19 1.495901e+00 1.348951e+00 -3.457131e-19 2.525086e-01 6.671708e-03 -1.801955e-19 2.102875e+00 1.684643e+00 -8.699945e-19 1.663816e-01 3.416242e-02 -1.461773e-19 1.612028e+00 1.611042e+00 -6.084406e-19 3.244651e-01 3.943836e-02 -1.153766e-19 2.294808e+00 1.886895e+00 -7.182101e-19 1.663816e-01 3.416242e-02 -1.461773e-19 1.714291e+00 1.760190e+00 -3.874876e-19 4.141352e-01 9.254266e-02 -1.845452e-19 2.448208e+00 2.132942e+00 -7.187280e-19 1.663816e-01 3.416242e-02 -1.461773e-19 1.739620e+00 1.985941e+00 -3.874876e-19 5.422066e-01 1.128392e-01 -1.850631e-19 2.542295e+00 2.349820e+00 -7.181753e-19 1.663816e-01 3.416242e-02 -1.461773e-19 1.739620e+00 2.202818e+00 -3.874876e-19 6.362929e-01 1.128392e-01 -1.845105e-19 2.632159e+00 2.541907e+00 -7.181754e-19 1.663816e-01 3.416242e-02 -1.461773e-19 1.739620e+00 2.394906e+00 -3.874876e-19 7.261572e-01 1.128392e-01 -1.845105e-19 2.722153e+00 2.710912e+00 -7.181754e-19 1.663816e-01 3.416242e-02 -1.461773e-19 1.739620e+00 2.563910e+00 -3.874876e-19 8.161515e-01 1.128392e-01 -1.845105e-19 2.817905e+00 2.854567e+00 -7.181762e-19 1.663816e-01 3.416242e-02 -1.461773e-19 1.739620e+00 2.707566e+00 -3.874876e-19 9.119033e-01 1.128392e-01 -1.845113e-19 2.963339e+00 3.026057e+00 -4.830638e-19 1.663816e-01 3.416242e-02 -1.461773e-19 1.792671e+00 2.910389e+00 -3.015894e-20 1.004286e+00 8.150591e-02 -3.067276e-19 3.039991e+00 3.135625e+00 -2.142940e-19 1.663816e-01 3.416242e-02 -1.461773e-19 1.829239e+00 3.032677e+00 2.943891e-19 1.044370e+00 6.878545e-02 -3.625058e-19 3.099734e+00 3.217007e+00 -2.659811e-20 1.663816e-01 3.416242e-02 -1.461773e-19 1.857273e+00 3.121173e+00 5.571335e-19 1.076079e+00 6.167135e-02 -4.375543e-19 3.140440e+00 3.268662e+00 1.061604e-19 1.663816e-01 3.416242e-02 -1.461773e-19 1.872234e+00 3.175792e+00 7.193483e-19 1.101824e+00 5.870761e-02 -4.670106e-19 3.166009e+00 3.294291e+00 1.310154e-19 1.663816e-01 3.416242e-02 -1.461773e-19 1.889016e+00 3.185937e+00 7.479795e-19 1.110612e+00 7.419216e-02 -4.707868e-19
89             5.138775e-01 1.895648e-01 -2.545346e-19 1.660881e-01 3.413618e-02 -1.462857e-19 2.828488e-01 1.233928e-01 -7.473853e-19 6.494059e-02 3.203574e-02 6.391364e-19 5.431441e-01 4.032610e-01 -1.097045e-19 1.660881e-01 3.413618e-02 -1.462857e-19 2.979240e-01 3.355216e-01 -5.430777e-19 7.913197e-02 3.360315e-02 5.796590e-19 3.339792e-01 3.834420e-01 -2.300668e-19 1.660881e-01 3.413618e-02 -1.462857e-19 7.422520e-02 3.255293e-01 -7.977568e-19 9.366592e-02 2.377651e-02 7.139758e-19 3.390907e-01 5.469216e-01 5.184173e-20 1.660881e-01 3.413618e-02 -1.462857e-19 5.907140e-02 4.887407e-01 -5.940305e-19 1.139312e-01 2.404479e-02 7.921580e-19 9.353281e-01 7.872078e-01 5.378018e-19 1.660881e-01 3.413618e-02 -1.462857e-19 6.228545e-01 7.466803e-01 -3.270085e-19 1.463854e-01 6.391361e-03 1.011096e-18 1.480803e+00 1.033877e+00 -3.829603e-19 1.660881e-01 3.413618e-02 -1.462857e-19 1.138382e+00 1.016654e+00 -1.300146e-19 1.763328e-01 -1.691270e-02 -1.066599e-19 1.742490e+00 1.192771e+00 -3.939985e-19 1.660881e-01 3.413618e-02 -1.462857e-19 1.370931e+00 1.172558e+00 -6.425500e-20 2.054717e-01 -1.392319e-02 -1.834577e-19 1.916009e+00 1.389041e+00 -6.711635e-19 1.660881e-01 3.413618e-02 -1.462857e-19 1.497615e+00 1.348158e+00 -3.446315e-19 2.523059e-01 6.746304e-03 -1.802463e-19 2.104320e+00 1.683905e+00 -8.695175e-19 1.660881e-01 3.413618e-02 -1.462857e-19 1.614012e+00 1.610270e+00 -6.079357e-19 3.242202e-01 3.949909e-02 -1.152961e-19 2.296450e+00 1.886032e+00 -7.172874e-19 1.660881e-01 3.413618e-02 -1.462857e-19 1.716548e+00 1.759347e+00 -3.863920e-19 4.138138e-01 9.254885e-02 -1.846096e-19 2.449753e+00 2.131860e+00 -7.178987e-19 1.660881e-01 3.413618e-02 -1.462857e-19 1.741919e+00 1.984904e+00 -3.863920e-19 5.417459e-01 1.128201e-01 -1.852209e-19 2.543752e+00 2.348505e+00 -7.172526e-19 1.660881e-01 3.413618e-02 -1.462857e-19 1.741919e+00 2.201548e+00 -3.863920e-19 6.357444e-01 1.128201e-01 -1.845749e-19 2.633560e+00 2.540370e+00 -7.172526e-19 1.660881e-01 3.413618e-02 -1.462857e-19 1.741919e+00 2.393414e+00 -3.863920e-19 7.255521e-01 1.128201e-01 -1.845748e-19 2.723530e+00 2.709175e+00 -7.172526e-19 1.660881e-01 3.413618e-02 -1.462857e-19 1.741919e+00 2.562219e+00 -3.863920e-19 8.155223e-01 1.128201e-01 -1.845748e-19 2.819300e+00 2.852658e+00 -7.172534e-19 1.660881e-01 3.413618e-02 -1.462857e-19 1.741919e+00 2.705701e+00 -3.863920e-19 9.112926e-01 1.128201e-01 -1.845756e-19 2.964661e+00 3.024101e+00 -4.829084e-19 1.660881e-01 3.413618e-02 -1.462857e-19 1.794848e+00 2.908513e+00 -3.006242e-20 1.003725e+00 8.145119e-02 -3.065602e-19 3.041182e+00 3.133624e+00 -2.151763e-19 1.660881e-01 3.413618e-02 -1.462857e-19 1.831277e+00 3.030773e+00 2.932644e-19 1.043817e+00 6.871433e-02 -3.621549e-19 3.100769e+00 3.214973e+00 -2.843444e-20 1.660881e-01 3.413618e-02 -1.462857e-19 1.859171e+00 3.119235e+00 5.547262e-19 1.075510e+00 6.160226e-02 -4.368749e-19 3.141349e+00 3.266656e+00 1.034482e-19 1.660881e-01 3.413618e-02 -1.462857e-19 1.874038e+00 3.173863e+00 7.159178e-19 1.101223e+00 5.865634e-02 -4.661839e-19 3.166367e+00 3.292407e+00 1.286999e-19 1.660881e-01 3.413618e-02 -1.462857e-19 1.890295e+00 3.184018e+00 7.447808e-19 1.109984e+00 7.425309e-02 -4.697951e-19
90             5.142073e-01 1.896758e-01 -2.548586e-19 1.657948e-01 3.411312e-02 -1.464322e-19 2.834063e-01 1.234867e-01 -7.486920e-19 6.500626e-02 3.207602e-02 6.402656e-19 5.434860e-01 4.034560e-01 -1.093651e-19 1.657948e-01 3.411312e-02 -1.464322e-19 2.985245e-01 3.357048e-01 -5.438023e-19 7.916670e-02 3.363810e-02 5.808694e-19 3.341462e-01 3.834293e-01 -2.294511e-19 1.657948e-01 3.411312e-02 -1.464322e-19 7.470375e-02 3.255153e-01 -7.981945e-19 9.364767e-02 2.380087e-02 7.151755e-19 3.392345e-01 5.467092e-01 5.336515e-20 1.657948e-01 3.411312e-02 -1.464322e-19 5.958416e-02 4.885325e-01 -5.938090e-19 1.138556e-01 2.406361e-02 7.936064e-19 9.359121e-01 7.867627e-01 5.401845e-19 1.657948e-01 3.411312e-02 -1.464322e-19 6.238524e-01 7.462372e-01 -3.259255e-19 1.462649e-01 6.412376e-03 1.012542e-18 1.481849e+00 1.033416e+00 -3.814032e-19 1.657948e-01 3.411312e-02 -1.464322e-19 1.139866e+00 1.016166e+00 -1.283324e-19 1.761880e-01 -1.686296e-02 -1.066386e-19 1.743915e+00 1.192185e+00 -3.923926e-19 1.657948e-01 3.411312e-02 -1.464322e-19 1.372807e+00 1.171931e+00 -6.240847e-20 2.053135e-01 -1.385874e-02 -1.835520e-19 1.917742e+00 1.388414e+00 -6.702733e-19 1.657948e-01 3.411312e-02 -1.464322e-19 1.499812e+00 1.347481e+00 -3.434933e-19 2.521344e-01 6.819618e-03 -1.803478e-19 2.106338e+00 1.683334e+00 -8.691614e-19 1.657948e-01 3.411312e-02 -1.464322e-19 1.616531e+00 1.609660e+00 -6.074901e-19 3.240118e-01 3.956061e-02 -1.152392e-19 2.298717e+00 1.885359e+00 -7.164097e-19 1.657948e-01 3.411312e-02 -1.464322e-19 1.719388e+00 1.758687e+00 -3.852535e-19 4.135345e-01 9.255867e-02 -1.847240e-19 2.451938e+00 2.130991e+00 -7.171240e-19 1.657948e-01 3.411312e-02 -1.464322e-19 1.744811e+00 1.984073e+00 -3.852535e-19 5.413323e-01 1.128053e-01 -1.854383e-19 2.545852e+00 2.347427e+00 -7.163750e-19 1.657948e-01 3.411312e-02 -1.464322e-19 1.744811e+00 2.200508e+00 -3.852535e-19 6.352464e-01 1.128053e-01 -1.846893e-19 2.635607e+00 2.539093e+00 -7.163748e-19 1.657948e-01 3.411312e-02 -1.464322e-19 1.744811e+00 2.392175e+00 -3.852535e-19 7.250013e-01 1.128053e-01 -1.846891e-19 2.725558e+00 2.707722e+00 -7.163748e-19 1.657948e-01 3.411312e-02 -1.464322e-19 1.744811e+00 2.560803e+00 -3.852535e-19 8.149518e-01 1.128053e-01 -1.846891e-19 2.821352e+00 2.851052e+00 -7.163756e-19 1.657948e-01 3.411312e-02 -1.464322e-19 1.744811e+00 2.704133e+00 -3.852535e-19 9.107456e-01 1.128053e-01 -1.846899e-19 2.966627e+00 3.022483e+00 -4.829211e-19 1.657948e-01 3.411312e-02 -1.464322e-19 1.797597e+00 2.906971e+00 -3.009180e-20 1.003235e+00 8.139868e-02 -3.063971e-19 3.042995e+00 3.131973e+00 -2.164197e-19 1.657948e-01 3.411312e-02 -1.464322e-19 1.833860e+00 3.029216e+00 2.917835e-19 1.043340e+00 6.864300e-02 -3.617710e-19 3.102401e+00 3.213291e+00 -3.084080e-20 1.657948e-01 3.411312e-02 -1.464322e-19 1.861583e+00 3.117648e+00 5.516782e-19 1.075024e+00 6.152995e-02 -4.360868e-19 3.142834e+00 3.265005e+00 9.993171e-20 1.657948e-01 3.411312e-02 -1.464322e-19 1.876329e+00 3.172293e+00 7.115597e-19 1.100710e+00 5.859918e-02 -4.651958e-19 3.167136e+00 3.290873e+00 1.256930e-19 1.657948e-01 3.411312e-02 -1.464322e-19 1.891894e+00 3.182455e+00 7.407216e-19 1.109447e+00 7.430417e-02 -4.685964e-19
91             5.143883e-01 1.897977e-01 -2.550774e-19 1.655016e-01 3.409332e-02 -1.465395e-19 2.838040e-01 1.235846e-01 -7.497156e-19 6.508269e-02 3.211983e-02 6.411777e-19 5.436732e-01 4.036407e-01 -1.091153e-19 1.655016e-01 3.409332e-02 -1.465395e-19 2.989529e-01 3.358704e-01 -5.444097e-19 7.921871e-02 3.367695e-02 5.818340e-19 3.342029e-01 3.834716e-01 -2.289906e-19 1.655016e-01 3.409332e-02 -1.465395e-19 7.504977e-02 3.255500e-01 -7.985785e-19 9.365159e-02 2.382822e-02 7.161274e-19 3.392628e-01 5.465967e-01 5.449479e-20 1.655016e-01 3.409332e-02 -1.465395e-19 5.995768e-02 4.884180e-01 -5.937065e-19 1.138036e-01 2.408539e-02 7.947408e-19 9.362412e-01 7.864697e-01 5.419348e-19 1.655016e-01 3.409332e-02 -1.465395e-19 6.245704e-01 7.459420e-01 -3.251920e-19 1.461692e-01 6.434409e-03 1.013666e-18 1.482504e+00 1.033119e+00 -3.802554e-19 1.655016e-01 3.409332e-02 -1.465395e-19 1.140933e+00 1.015840e+00 -1.271709e-19 1.760692e-01 -1.681436e-02 -1.065450e-19 1.744831e+00 1.191815e+00 -3.912162e-19 1.655016e-01 3.409332e-02 -1.465395e-19 1.374147e+00 1.171518e+00 -6.113884e-20 2.051824e-01 -1.379594e-02 -1.835378e-19 1.918864e+00 1.388040e+00 -6.695858e-19 1.655016e-01 3.409332e-02 -1.465395e-19 1.501370e+00 1.347055e+00 -3.427054e-19 2.519922e-01 6.891875e-03 -1.803409e-19 2.107644e+00 1.683027e+00 -8.688339e-19 1.655016e-01 3.409332e-02 -1.465395e-19 1.618305e+00 1.609310e+00 -6.071665e-19 3.238375e-01 3.962306e-02 -1.151279e-19 2.300170e+00 1.884998e+00 -7.157352e-19 1.655016e-01 3.409332e-02 -1.465395e-19 1.721373e+00 1.758333e+00 -3.844720e-19 4.132949e-01 9.257245e-02 -1.847237e-19 2.453292e+00 2.130500e+00 -7.165225e-19 1.655016e-01 3.409332e-02 -1.465395e-19 1.746827e+00 1.983611e+00 -3.844720e-19 5.409635e-01 1.127953e-01 -1.855110e-19 2.547125e+00 2.346800e+00 -7.157006e-19 1.655016e-01 3.409332e-02 -1.465395e-19 1.746827e+00 2.199911e+00 -3.844720e-19 6.347964e-01 1.127953e-01 -1.846891e-19 2.636830e+00 2.538344e+00 -7.157003e-19 1.655016e-01 3.409332e-02 -1.465395e-19 1.746827e+00 2.391456e+00 -3.844720e-19 7.245012e-01 1.127953e-01 -1.846888e-19 2.726763e+00 2.706869e+00 -7.157003e-19 1.655016e-01 3.409332e-02 -1.465395e-19 1.746827e+00 2.559980e+00 -3.844720e-19 8.144349e-01 1.127953e-01 -1.846888e-19 2.822583e+00 2.850109e+00 -7.157011e-19 1.655016e-01 3.409332e-02 -1.465395e-19 1.746827e+00 2.703220e+00 -3.844720e-19 9.102551e-01 1.127953e-01 -1.846896e-19 2.967844e+00 3.021552e+00 -4.827491e-19 1.655016e-01 3.409332e-02 -1.465395e-19 1.799537e+00 2.906109e+00 -2.994668e-20 1.002805e+00 8.134964e-02 -3.062629e-19 3.044135e+00 3.131038e+00 -2.169542e-19 1.655016e-01 3.409332e-02 -1.465395e-19 1.835705e+00 3.028372e+00 2.911007e-19 1.042928e+00 6.857343e-02 -3.615154e-19 3.103439e+00 3.212360e+00 -3.204984e-20 1.655016e-01 3.409332e-02 -1.465395e-19 1.863330e+00 3.116810e+00 5.500972e-19 1.074607e+00 6.145709e-02 -4.356076e-19 3.143779e+00 3.264121e+00 9.806061e-20 1.655016e-01 3.409332e-02 -1.465395e-19 1.878006e+00 3.171488e+00 7.092133e-19 1.100271e+00 5.853969e-02 -4.646132e-19 3.167555e+00 3.290105e+00 1.242229e-19 1.655016e-01 3.409332e-02 -1.465395e-19 1.893067e+00 3.181662e+00 7.386312e-19 1.108986e+00 7.434966e-02 -4.678689e-19
92             5.143406e-01 1.899226e-01 -2.551273e-19 1.652085e-01 3.407660e-02 -1.465846e-19 2.839635e-01 1.236791e-01 -7.502891e-19 6.516874e-02 3.216692e-02 6.417464e-19 5.436200e-01 4.037884e-01 -1.089662e-19 1.652085e-01 3.407660e-02 -1.465846e-19 2.991258e-01 3.359923e-01 -5.448011e-19 7.928578e-02 3.371944e-02 5.824195e-19 3.340915e-01 3.835618e-01 -2.287060e-19 1.652085e-01 3.407660e-02 -1.465846e-19 7.520838e-02 3.256267e-01 -7.988097e-19 9.367469e-02 2.385844e-02 7.166883e-19 3.391170e-01 5.465758e-01 5.512401e-20 1.652085e-01 3.407660e-02 -1.465846e-19 6.013626e-02 4.883892e-01 -5.936863e-19 1.137723e-01 2.411001e-02 7.953950e-19 9.361720e-01 7.863103e-01 5.428485e-19 1.652085e-01 3.407660e-02 -1.465846e-19 6.248685e-01 7.457761e-01 -3.248500e-19 1.460951e-01 6.457639e-03 1.014283e-18 1.482542e+00 1.032943e+00 -3.795779e-19 1.652085e-01 3.407660e-02 -1.465846e-19 1.141361e+00 1.015633e+00 -1.266275e-19 1.759727e-01 -1.676643e-02 -1.063658e-19 1.744965e+00 1.191608e+00 -3.905313e-19 1.652085e-01 3.407660e-02 -1.465846e-19 1.374683e+00 1.171266e+00 -6.056053e-20 2.050737e-01 -1.373442e-02 -1.833861e-19 1.919069e+00 1.387848e+00 -6.690937e-19 1.652085e-01 3.407660e-02 -1.465846e-19 1.501986e+00 1.346809e+00 -3.423126e-19 2.518738e-01 6.963122e-03 -1.801965e-19 2.107901e+00 1.682881e+00 -8.684773e-19 1.652085e-01 3.407660e-02 -1.465846e-19 1.619002e+00 1.609118e+00 -6.069438e-19 3.236903e-01 3.968614e-02 -1.149489e-19 2.300445e+00 1.884828e+00 -7.152469e-19 1.652085e-01 3.407660e-02 -1.465846e-19 1.722149e+00 1.758162e+00 -3.840811e-19 4.130867e-01 9.258969e-02 -1.845812e-19 2.453445e+00 2.130245e+00 -7.160727e-19 1.652085e-01 3.407660e-02 -1.465846e-19 1.747606e+00 1.983378e+00 -3.840811e-19 5.406300e-01 1.127896e-01 -1.854070e-19 2.547198e+00 2.346458e+00 -7.152124e-19 1.652085e-01 3.407660e-02 -1.465846e-19 1.747606e+00 2.199592e+00 -3.840811e-19 6.343834e-01 1.127896e-01 -1.845467e-19 2.636853e+00 2.537926e+00 -7.152121e-19 1.652085e-01 3.407660e-02 -1.465846e-19 1.747606e+00 2.391060e+00 -3.840811e-19 7.240389e-01 1.127896e-01 -1.845463e-19 2.726770e+00 2.706389e+00 -7.152121e-19 1.652085e-01 3.407660e-02 -1.465846e-19 1.747606e+00 2.559523e+00 -3.840811e-19 8.139557e-01 1.127896e-01 -1.845463e-19 2.822617e+00 2.849577e+00 -7.152129e-19 1.652085e-01 3.407660e-02 -1.465846e-19 1.747606e+00 2.702711e+00 -3.840811e-19 9.098021e-01 1.127896e-01 -1.845471e-19 2.967935e+00 3.021021e+00 -4.823444e-19 1.652085e-01 3.407660e-02 -1.465846e-19 1.800312e+00 2.905640e+00 -2.962240e-20 1.002414e+00 8.130477e-02 -3.061374e-19 3.044230e+00 3.130517e+00 -2.166724e-19 1.652085e-01 3.407660e-02 -1.465846e-19 1.836464e+00 3.027933e+00 2.912891e-19 1.042557e+00 6.850726e-02 -3.613769e-19 3.103518e+00 3.211866e+00 -3.187838e-20 1.652085e-01 3.407660e-02 -1.465846e-19 1.864076e+00 3.116403e+00 5.501557e-19 1.074234e+00 6.138639e-02 -4.354494e-19 3.143829e+00 3.263677e+00 9.812513e-20 1.652085e-01 3.407660e-02 -1.465846e-19 1.878743e+00 3.171119e+00 7.091796e-19 1.099877e+00 5.848146e-02 -4.644699e-19 3.167379e+00 3.289782e+00 1.245017e-19 1.652085e-01 3.407660e-02 -1.465846e-19 1.893600e+00 3.181311e+00 7.387607e-19 1.108571e+00 7.439429e-02 -4.676744e-19
93             5.142196e-01 1.900612e-01 -2.551219e-19 1.649154e-01 3.406261e-02 -1.466091e-19 2.840408e-01 1.237815e-01 -7.507145e-19 6.526343e-02 3.221704e-02 6.422016e-19 5.434925e-01 4.039455e-01 -1.088555e-19 1.649154e-01 3.406261e-02 -1.466091e-19 2.992106e-01 3.361176e-01 -5.451248e-19 7.936647e-02 3.376528e-02 5.828783e-19 3.339342e-01 3.836896e-01 -2.284804e-19 1.649154e-01 3.406261e-02 -1.466091e-19 7.530362e-02 3.257357e-01 -7.989883e-19 9.371514e-02 2.389134e-02 7.171169e-19 3.389245e-01 5.465980e-01 5.560236e-20 1.649154e-01 3.406261e-02 -1.466091e-19 6.024950e-02 4.883981e-01 -5.936815e-19 1.137596e-01 2.413729e-02 7.958929e-19 9.359780e-01 7.861867e-01 5.435198e-19 1.649154e-01 3.406261e-02 -1.466091e-19 6.250227e-01 7.456422e-01 -3.246024e-19 1.460399e-01 6.481885e-03 1.014731e-18 1.482377e+00 1.032776e+00 -3.790061e-19 1.649154e-01 3.406261e-02 -1.466091e-19 1.141567e+00 1.015432e+00 -1.262309e-19 1.758952e-01 -1.671909e-02 -1.061661e-19 1.744852e+00 1.191403e+00 -3.899551e-19 1.649154e-01 3.406261e-02 -1.466091e-19 1.374953e+00 1.171015e+00 -6.014578e-20 2.049837e-01 -1.367413e-02 -1.832002e-19 1.918995e+00 1.387649e+00 -6.686414e-19 1.649154e-01 3.406261e-02 -1.466091e-19 1.502305e+00 1.346553e+00 -3.420146e-19 2.517743e-01 7.033144e-03 -1.800177e-19 2.107849e+00 1.682707e+00 -8.681075e-19 1.649154e-01 3.406261e-02 -1.466091e-19 1.619369e+00 1.608895e+00 -6.067456e-19 3.235640e-01 3.974924e-02 -1.147528e-19 2.300384e+00 1.884626e+00 -7.147914e-19 1.649154e-01 3.406261e-02 -1.466091e-19 1.722566e+00 1.757954e+00 -3.837777e-19 4.129024e-01 9.260917e-02 -1.844046e-19 2.453259e+00 2.129947e+00 -7.156515e-19 1.649154e-01 3.406261e-02 -1.466091e-19 1.748021e+00 1.983098e+00 -3.837777e-19 5.403231e-01 1.127868e-01 -1.852647e-19 2.546933e+00 2.346052e+00 -7.147570e-19 1.649154e-01 3.406261e-02 -1.466091e-19 1.748021e+00 2.199202e+00 -3.837777e-19 6.339969e-01 1.127868e-01 -1.843702e-19 2.636539e+00 2.537414e+00 -7.147566e-19 1.649154e-01 3.406261e-02 -1.466091e-19 1.748021e+00 2.390565e+00 -3.837777e-19 7.236024e-01 1.127868e-01 -1.843698e-19 2.726438e+00 2.705786e+00 -7.147566e-19 1.649154e-01 3.406261e-02 -1.466091e-19 1.748021e+00 2.558936e+00 -3.837777e-19 8.135015e-01 1.127868e-01 -1.843698e-19 2.822309e+00 2.848895e+00 -7.147574e-19 1.649154e-01 3.406261e-02 -1.466091e-19 1.748021e+00 2.702045e+00 -3.837777e-19 9.093729e-01 1.127868e-01 -1.843706e-19 2.967690e+00 3.020305e+00 -4.819444e-19 1.649154e-01 3.406261e-02 -1.466091e-19 1.800727e+00 2.904980e+00 -2.934861e-20 1.002047e+00 8.126284e-02 -3.059868e-19 3.043998e+00 3.129791e+00 -2.163331e-19 1.649154e-01 3.406261e-02 -1.466091e-19 1.836872e+00 3.027285e+00 2.914999e-19 1.042211e+00 6.844342e-02 -3.612239e-19 3.103283e+00 3.211156e+00 -3.157053e-20 1.649154e-01 3.406261e-02 -1.466091e-19 1.864481e+00 3.115776e+00 5.503415e-19 1.073886e+00 6.131701e-02 -4.353030e-19 3.143578e+00 3.263006e+00 9.843416e-20 1.649154e-01 3.406261e-02 -1.466091e-19 1.879152e+00 3.170520e+00 7.094029e-19 1.099511e+00 5.842353e-02 -4.643597e-19 3.167013e+00 3.289231e+00 1.249459e-19 1.649154e-01 3.406261e-02 -1.466091e-19 1.893913e+00 3.180731e+00 7.390965e-19 1.108184e+00 7.443723e-02 -4.675416e-19
94             5.140750e-01 1.902108e-01 -2.550948e-19 1.646225e-01 3.405109e-02 -1.466257e-19 2.840864e-01 1.238897e-01 -7.510858e-19 6.536609e-02 3.227000e-02 6.426166e-19 5.433445e-01 4.041101e-01 -1.087539e-19 1.646225e-01 3.405109e-02 -1.466257e-19 2.992618e-01 3.362449e-01 -5.454212e-19 7.946017e-02 3.381421e-02 5.832930e-19 3.337721e-01 3.838258e-01 -2.282633e-19 1.646225e-01 3.405109e-02 -1.466257e-19 7.537739e-02 3.258480e-01 -7.991334e-19 9.377217e-02 2.392662e-02 7.174957e-19 3.387283e-01 5.466186e-01 5.605866e-20 1.646225e-01 3.405109e-02 -1.466257e-19 6.034161e-02 4.884007e-01 -5.936546e-19 1.137642e-01 2.416685e-02 7.963389e-19 9.357475e-01 7.860363e-01 5.441557e-19 1.646225e-01 3.405109e-02 -1.466257e-19 6.251234e-01 7.454786e-01 -3.243361e-19 1.460016e-01 6.506641e-03 1.015117e-18 1.482143e+00 1.032551e+00 -3.784047e-19 1.646225e-01 3.405109e-02 -1.466257e-19 1.141685e+00 1.015173e+00 -1.258113e-19 1.758345e-01 -1.667268e-02 -1.059677e-19 1.744663e+00 1.191113e+00 -3.893441e-19 1.646225e-01 3.405109e-02 -1.466257e-19 1.375131e+00 1.170678e+00 -5.970452e-20 2.049097e-01 -1.361543e-02 -1.830139e-19 1.918849e+00 1.387338e+00 -6.681641e-19 1.646225e-01 3.405109e-02 -1.466257e-19 1.502536e+00 1.346186e+00 -3.417001e-19 2.516905e-01 7.101368e-03 -1.798383e-19 2.107733e+00 1.682393e+00 -8.677222e-19 1.646225e-01 3.405109e-02 -1.466257e-19 1.619656e+00 1.608531e+00 -6.065434e-19 3.234545e-01 3.981141e-02 -1.145531e-19 2.300272e+00 1.884257e+00 -7.143007e-19 1.646225e-01 3.405109e-02 -1.466257e-19 1.722913e+00 1.757577e+00 -3.834449e-19 4.127366e-01 9.262907e-02 -1.842301e-19 2.453028e+00 2.129440e+00 -7.152030e-19 1.646225e-01 3.405109e-02 -1.466257e-19 1.748370e+00 1.982604e+00 -3.834449e-19 5.400355e-01 1.127848e-01 -1.851325e-19 2.546622e+00 2.345376e+00 -7.142664e-19 1.646225e-01 3.405109e-02 -1.466257e-19 1.748370e+00 2.198541e+00 -3.834449e-19 6.336288e-01 1.127848e-01 -1.841959e-19 2.636176e+00 2.536566e+00 -7.142660e-19 1.646225e-01 3.405109e-02 -1.466257e-19 1.748370e+00 2.389730e+00 -3.834449e-19 7.231835e-01 1.127848e-01 -1.841955e-19 2.726057e+00 2.704778e+00 -7.142660e-19 1.646225e-01 3.405109e-02 -1.466257e-19 1.748370e+00 2.557942e+00 -3.834449e-19 8.130645e-01 1.127848e-01 -1.841955e-19 2.821954e+00 2.847748e+00 -7.142668e-19 1.646225e-01 3.405109e-02 -1.466257e-19 1.748370e+00 2.700912e+00 -3.834449e-19 9.089607e-01 1.127848e-01 -1.841962e-19 2.967375e+00 3.019075e+00 -4.816431e-19 1.646225e-01 3.405109e-02 -1.466257e-19 1.801054e+00 2.903802e+00 -2.922316e-20 1.001698e+00 8.122118e-02 -3.057942e-19 3.043675e+00 3.128512e+00 -2.162624e-19 1.646225e-01 3.405109e-02 -1.466257e-19 1.837169e+00 3.026082e+00 2.913637e-19 1.041883e+00 6.837873e-02 -3.610005e-19 3.102938e+00 3.209856e+00 -3.167646e-20 1.646225e-01 3.405109e-02 -1.466257e-19 1.864755e+00 3.114559e+00 5.499846e-19 1.073560e+00 6.124515e-02 -4.350354e-19 3.143210e+00 3.261721e+00 9.823820e-20 1.646225e-01 3.405109e-02 -1.466257e-19 1.879419e+00 3.169309e+00 7.089729e-19 1.099168e+00 5.836127e-02 -4.641090e-19 3.166564e+00 3.288055e+00 1.248295e-19 1.646225e-01 3.405109e-02 -1.466257e-19 1.894119e+00 3.179532e+00 7.387251e-19 1.107823e+00 7.447243e-02 -4.672699e-19
95             5.139132e-01 1.903636e-01 -2.550487e-19 1.643296e-01 3.404183e-02 -1.466366e-19 2.841073e-01 1.239964e-01 -7.514118e-19 6.547620e-02 3.232537e-02 6.429997e-19 5.431829e-01 4.042651e-01 -1.086537e-19 1.643296e-01 3.404183e-02 -1.466366e-19 2.992868e-01 3.363576e-01 -5.456910e-19 7.956642e-02 3.386573e-02 5.836739e-19 3.336087e-01 3.839456e-01 -2.280478e-19 1.643296e-01 3.404183e-02 -1.466366e-19 7.543382e-02 3.259400e-01 -7.992476e-19 9.384519e-02 2.396374e-02 7.178364e-19 3.385313e-01 5.466181e-01 5.649742e-20 1.643296e-01 3.404183e-02 -1.466366e-19 6.041649e-02 4.883781e-01 -5.936088e-19 1.137852e-01 2.419812e-02 7.967429e-19 9.354929e-01 7.858531e-01 5.447561e-19 1.643296e-01 3.404183e-02 -1.466366e-19 6.251840e-01 7.452799e-01 -3.240627e-19 1.459793e-01 6.531345e-03 1.015455e-18 1.481859e+00 1.032277e+00 -3.777937e-19 1.643296e-01 3.404183e-02 -1.466366e-19 1.141740e+00 1.014862e+00 -1.253903e-19 1.757895e-01 -1.662767e-02 -1.057668e-19 1.744416e+00 1.190761e+00 -3.887210e-19 1.643296e-01 3.404183e-02 -1.466366e-19 1.375236e+00 1.170278e+00 -5.926122e-20 2.048503e-01 -1.355896e-02 -1.828231e-19 1.918646e+00 1.386949e+00 -6.676715e-19 1.643296e-01 3.404183e-02 -1.466366e-19 1.502696e+00 1.345740e+00 -3.413807e-19 2.516204e-01 7.166772e-03 -1.796542e-19 2.107561e+00 1.681978e+00 -8.673243e-19 1.643296e-01 3.404183e-02 -1.466366e-19 1.619873e+00 1.608065e+00 -6.063395e-19 3.233590e-01 3.987116e-02 -1.143481e-19 2.300113e+00 1.883766e+00 -7.137858e-19 1.643296e-01 3.404183e-02 -1.466366e-19 1.723197e+00 1.757077e+00 -3.830959e-19 4.125858e-01 9.264725e-02 -1.840532e-19 2.452751e+00 2.128778e+00 -7.147358e-19 1.643296e-01 3.404183e-02 -1.466366e-19 1.748659e+00 1.981955e+00 -3.830959e-19 5.397622e-01 1.127813e-01 -1.850033e-19 2.546262e+00 2.344506e+00 -7.137516e-19 1.643296e-01 3.404183e-02 -1.466366e-19 1.748659e+00 2.197683e+00 -3.830959e-19 6.332737e-01 1.127813e-01 -1.840191e-19 2.635765e+00 2.535479e+00 -7.137511e-19 1.643296e-01 3.404183e-02 -1.466366e-19 1.748659e+00 2.388656e+00 -3.830959e-19 7.227765e-01 1.127813e-01 -1.840186e-19 2.725628e+00 2.703489e+00 -7.137511e-19 1.643296e-01 3.404183e-02 -1.466366e-19 1.748659e+00 2.556666e+00 -3.830959e-19 8.126393e-01 1.127813e-01 -1.840186e-19 2.821550e+00 2.846280e+00 -7.137518e-19 1.643296e-01 3.404183e-02 -1.466366e-19 1.748659e+00 2.699456e+00 -3.830959e-19 9.085607e-01 1.127813e-01 -1.840193e-19 2.966994e+00 3.017486e+00 -4.814275e-19 1.643296e-01 3.404183e-02 -1.466366e-19 1.801302e+00 2.902267e+00 -2.922814e-20 1.001362e+00 8.117707e-02 -3.055627e-19 3.043267e+00 3.126843e+00 -2.164384e-19 1.643296e-01 3.404183e-02 -1.466366e-19 1.837366e+00 3.024491e+00 2.909087e-19 1.041572e+00 6.831010e-02 -3.607105e-19 3.102490e+00 3.208133e+00 -3.217947e-20 1.643296e-01 3.404183e-02 -1.466366e-19 1.864907e+00 3.112924e+00 5.491065e-19 1.073253e+00 6.116709e-02 -4.346493e-19 3.142729e+00 3.259992e+00 9.752882e-20 1.643296e-01 3.404183e-02 -1.466366e-19 1.879551e+00 3.167660e+00 7.078811e-19 1.098848e+00 5.829031e-02 -4.637156e-19 3.165988e+00 3.286419e+00 1.241715e-19 1.643296e-01 3.404183e-02 -1.466366e-19 1.894173e+00 3.177883e+00 7.376553e-19 1.107486e+00 7.449347e-02 -4.668472e-19
96             5.137551e-01 1.905189e-01 -2.550012e-19 1.640369e-01 3.403470e-02 -1.466488e-19 2.841248e-01 1.241015e-01 -7.517358e-19 6.559344e-02 3.238266e-02 6.433833e-19 5.430298e-01 4.044168e-01 -1.085565e-19 1.640369e-01 3.403470e-02 -1.466488e-19 2.993082e-01 3.364628e-01 -5.459620e-19 7.968476e-02 3.391937e-02 5.840543e-19 3.334547e-01 3.840578e-01 -2.278417e-19 1.640369e-01 3.403470e-02 -1.466488e-19 7.548409e-02 3.260209e-01 -7.993723e-19 9.393372e-02 2.400223e-02 7.181793e-19 3.383435e-01 5.466176e-01 5.691461e-20 1.640369e-01 3.403470e-02 -1.466488e-19 6.048425e-02 4.883522e-01 -5.935821e-19 1.138224e-01 2.423067e-02 7.971454e-19 9.352520e-01 7.856823e-01 5.453261e-19 1.640369e-01 3.403470e-02 -1.466488e-19 6.252420e-01 7.450918e-01 -3.238223e-19 1.459732e-01 6.555761e-03 1.015797e-18 1.481593e+00 1.032024e+00 -3.772204e-19 1.640369e-01 3.403470e-02 -1.466488e-19 1.141795e+00 1.014573e+00 -1.250135e-19 1.757606e-01 -1.658430e-02 -1.055581e-19 1.744179e+00 1.190442e+00 -3.881392e-19 1.640369e-01 3.403470e-02 -1.466488e-19 1.375336e+00 1.169912e+00 -5.886587e-20 2.048058e-01 -1.350503e-02 -1.826245e-19 1.918443e+00 1.386602e+00 -6.672032e-19 1.640369e-01 3.403470e-02 -1.466488e-19 1.502842e+00 1.345338e+00 -3.410923e-19 2.515642e-01 7.228781e-03 -1.794621e-19 2.107384e+00 1.681614e+00 -8.669390e-19 1.640369e-01 3.403470e-02 -1.466488e-19 1.620070e+00 1.607651e+00 -6.061511e-19 3.232778e-01 3.992766e-02 -1.141392e-19 2.299940e+00 1.883337e+00 -7.132971e-19 1.640369e-01 3.403470e-02 -1.466488e-19 1.723453e+00 1.756640e+00 -3.827810e-19 4.124499e-01 9.266281e-02 -1.838673e-19 2.452458e+00 2.128191e+00 -7.142927e-19 1.640369e-01 3.403470e-02 -1.466488e-19 1.748918e+00 1.981381e+00 -3.827810e-19 5.395033e-01 1.127753e-01 -1.848628e-19 2.545886e+00 2.343724e+00 -7.132630e-19 1.640369e-01 3.403470e-02 -1.466488e-19 1.748918e+00 2.196914e+00 -3.827810e-19 6.329315e-01 1.127753e-01 -1.838332e-19 2.635336e+00 2.534498e+00 -7.132624e-19 1.640369e-01 3.403470e-02 -1.466488e-19 1.748918e+00 2.387688e+00 -3.827810e-19 7.223815e-01 1.127753e-01 -1.838326e-19 2.725180e+00 2.702322e+00 -7.132624e-19 1.640369e-01 3.403470e-02 -1.466488e-19 1.748918e+00 2.555512e+00 -3.827810e-19 8.122256e-01 1.127753e-01 -1.838326e-19 2.821127e+00 2.844947e+00 -7.132632e-19 1.640369e-01 3.403470e-02 -1.466488e-19 1.748918e+00 2.698136e+00 -3.827810e-19 9.081722e-01 1.127753e-01 -1.838333e-19 2.966596e+00 3.016042e+00 -4.812409e-19 1.640369e-01 3.403470e-02 -1.466488e-19 1.801520e+00 2.900878e+00 -2.927272e-20 1.001039e+00 8.112980e-02 -3.053194e-19 3.042840e+00 3.125322e+00 -2.166650e-19 1.640369e-01 3.403470e-02 -1.466488e-19 1.837528e+00 3.023051e+00 2.903872e-19 1.041275e+00 6.823685e-02 -3.604034e-19 3.102021e+00 3.206559e+00 -3.276329e-20 1.640369e-01 3.403470e-02 -1.466488e-19 1.865021e+00 3.111442e+00 5.481215e-19 1.072963e+00 6.108205e-02 -4.342360e-19 3.142225e+00 3.258413e+00 9.668829e-20 1.640369e-01 3.403470e-02 -1.466488e-19 1.879639e+00 3.166168e+00 7.066200e-19 1.098548e+00 5.821011e-02 -4.632830e-19 3.165328e+00 3.284920e+00 1.234151e-19 1.640369e-01 3.403470e-02 -1.466488e-19 1.894120e+00 3.176386e+00 7.364348e-19 1.107171e+00 7.449903e-02 -4.663710e-19
97             5.135973e-01 1.906812e-01 -2.549533e-19 1.637441e-01 3.402963e-02 -1.466620e-19 2.841357e-01 1.242099e-01 -7.520573e-19 6.571745e-02 3.244162e-02 6.437661e-19 5.428808e-01 4.045804e-01 -1.084772e-19 1.637441e-01 3.402963e-02 -1.466620e-19 2.993220e-01 3.365758e-01 -5.462447e-19 7.981468e-02 3.397491e-02 5.844296e-19 3.333032e-01 3.841931e-01 -2.276715e-19 1.637441e-01 3.402963e-02 -1.466620e-19 7.552170e-02 3.261215e-01 -7.995335e-19 9.403734e-02 2.404197e-02 7.185241e-19 3.381570e-01 5.466595e-01 5.726178e-20 1.637441e-01 3.402963e-02 -1.466620e-19 6.053697e-02 4.883654e-01 -5.936163e-19 1.138759e-01 2.426449e-02 7.975401e-19 9.350179e-01 7.855827e-01 5.458011e-19 1.637441e-01 3.402963e-02 -1.466620e-19 6.252899e-01 7.449730e-01 -3.236795e-19 1.459839e-01 6.580097e-03 1.016143e-18 1.481337e+00 1.031864e+00 -3.767542e-19 1.637441e-01 3.402963e-02 -1.466620e-19 1.141844e+00 1.014377e+00 -1.247620e-19 1.757485e-01 -1.654234e-02 -1.053302e-19 1.743938e+00 1.190243e+00 -3.876727e-19 1.637441e-01 3.402963e-02 -1.466620e-19 1.375416e+00 1.169667e+00 -5.860638e-20 2.047777e-01 -1.345331e-02 -1.824043e-19 1.918216e+00 1.386402e+00 -6.668081e-19 1.637441e-01 3.402963e-02 -1.466620e-19 1.502948e+00 1.345084e+00 -3.408976e-19 2.515237e-01 7.287785e-03 -1.792485e-19 2.107160e+00 1.681428e+00 -8.665910e-19 1.637441e-01 3.402963e-02 -1.466620e-19 1.620203e+00 1.607417e+00 -6.060093e-19 3.232127e-01 3.998147e-02 -1.139197e-19 2.299692e+00 1.883124e+00 -7.128919e-19 1.637441e-01 3.402963e-02 -1.466620e-19 1.723617e+00 1.756417e+00 -3.825746e-19 4.123317e-01 9.267686e-02 -1.836553e-19 2.452084e+00 2.127867e+00 -7.139227e-19 1.637441e-01 3.402963e-02 -1.466620e-19 1.749078e+00 1.981069e+00 -3.825746e-19 5.392624e-01 1.127681e-01 -1.846861e-19 2.545429e+00 2.343263e+00 -7.128579e-19 1.637441e-01 3.402963e-02 -1.466620e-19 1.749078e+00 2.196466e+00 -3.825746e-19 6.326070e-01 1.127681e-01 -1.836213e-19 2.634825e+00 2.533899e+00 -7.128573e-19 1.637441e-01 3.402963e-02 -1.466620e-19 1.749078e+00 2.387101e+00 -3.825746e-19 7.220032e-01 1.127681e-01 -1.836207e-19 2.724649e+00 2.701597e+00 -7.128573e-19 1.637441e-01 3.402963e-02 -1.466620e-19 1.749078e+00 2.554800e+00 -3.825746e-19 8.118274e-01 1.127681e-01 -1.836207e-19 2.820620e+00 2.844107e+00 -7.128580e-19 1.637441e-01 3.402963e-02 -1.466620e-19 1.749078e+00 2.697309e+00 -3.825746e-19 9.077979e-01 1.127681e-01 -1.836215e-19 2.966134e+00 3.015134e+00 -4.810190e-19 1.637441e-01 3.402963e-02 -1.466620e-19 1.801659e+00 2.900023e+00 -2.926721e-20 1.000731e+00 8.108108e-02 -3.050897e-19 3.042371e+00 3.124369e+00 -2.167033e-19 1.637441e-01 3.402963e-02 -1.466620e-19 1.837634e+00 3.022178e+00 2.900952e-19 1.040993e+00 6.816106e-02 -3.601364e-19 3.101531e+00 3.205582e+00 -3.302892e-20 1.637441e-01 3.402963e-02 -1.466620e-19 1.865095e+00 3.110559e+00 5.475413e-19 1.072692e+00 6.099262e-02 -4.339082e-19 3.141709e+00 3.257448e+00 9.624048e-20 1.637441e-01 3.402963e-02 -1.466620e-19 1.879696e+00 3.165294e+00 7.058507e-19 1.098268e+00 5.812416e-02 -4.629482e-19 3.164621e+00 3.284036e+00 1.230990e-19 1.637441e-01 3.402963e-02 -1.466620e-19 1.894000e+00 3.175513e+00 7.357505e-19 1.106877e+00 7.449399e-02 -4.659895e-19
98             5.134376e-01 1.908565e-01 -2.549063e-19 1.634514e-01 3.402661e-02 -1.466760e-19 2.841383e-01 1.243277e-01 -7.523795e-19 6.584787e-02 3.250224e-02 6.441491e-19 5.427330e-01 4.047710e-01 -1.084251e-19 1.634514e-01 3.402661e-02 -1.466760e-19 2.993260e-01 3.367120e-01 -5.465478e-19 7.995556e-02 3.403238e-02 5.847987e-19 3.331516e-01 3.843748e-01 -2.275496e-19 1.634514e-01 3.402661e-02 -1.466760e-19 7.554455e-02 3.262650e-01 -7.997441e-19 9.415559e-02 2.408318e-02 7.188705e-19 3.379693e-01 5.467679e-01 5.752454e-20 1.634514e-01 3.402661e-02 -1.466760e-19 6.057236e-02 4.884415e-01 -5.937262e-19 1.139455e-01 2.429980e-02 7.979267e-19 9.347867e-01 7.855761e-01 5.461696e-19 1.634514e-01 3.402661e-02 -1.466760e-19 6.253237e-01 7.449448e-01 -3.236467e-19 1.460115e-01 6.604744e-03 1.016492e-18 1.481087e+00 1.031815e+00 -3.764029e-19 1.634514e-01 3.402661e-02 -1.466760e-19 1.141881e+00 1.014290e+00 -1.246442e-19 1.757537e-01 -1.650138e-02 -1.050828e-19 1.743691e+00 1.190176e+00 -3.873276e-19 1.634514e-01 3.402661e-02 -1.466760e-19 1.375474e+00 1.169553e+00 -5.848834e-20 2.047662e-01 -1.340326e-02 -1.821633e-19 1.917966e+00 1.386357e+00 -6.665015e-19 1.634514e-01 3.402661e-02 -1.466760e-19 1.503015e+00 1.344986e+00 -3.408120e-19 2.514994e-01 7.344579e-03 -1.790136e-19 2.106894e+00 1.681427e+00 -8.663009e-19 1.634514e-01 3.402661e-02 -1.466760e-19 1.620278e+00 1.607367e+00 -6.059370e-19 3.231649e-01 4.003369e-02 -1.136880e-19 2.299381e+00 1.883131e+00 -7.125854e-19 1.634514e-01 3.402661e-02 -1.466760e-19 1.723697e+00 1.756413e+00 -3.824914e-19 4.122329e-01 9.269106e-02 -1.834180e-19 2.451643e+00 2.127812e+00 -7.136417e-19 1.634514e-01 3.402661e-02 -1.466760e-19 1.749149e+00 1.981024e+00 -3.824914e-19 5.390428e-01 1.127614e-01 -1.844743e-19 2.544904e+00 2.343125e+00 -7.125515e-19 1.634514e-01 3.402661e-02 -1.466760e-19 1.749149e+00 2.196337e+00 -3.824914e-19 6.323037e-01 1.127614e-01 -1.833841e-19 2.634246e+00 2.533677e+00 -7.125509e-19 1.634514e-01 3.402661e-02 -1.466760e-19 1.749149e+00 2.386889e+00 -3.824914e-19 7.216454e-01 1.127614e-01 -1.833835e-19 2.724048e+00 2.701301e+00 -7.125509e-19 1.634514e-01 3.402661e-02 -1.466760e-19 1.749149e+00 2.554513e+00 -3.824914e-19 8.114481e-01 1.127614e-01 -1.833835e-19 2.820041e+00 2.843746e+00 -7.125516e-19 1.634514e-01 3.402661e-02 -1.466760e-19 1.749149e+00 2.696958e+00 -3.824914e-19 9.074407e-01 1.127614e-01 -1.833842e-19 2.965620e+00 3.014744e+00 -4.807704e-19 1.634514e-01 3.402661e-02 -1.466760e-19 1.801731e+00 2.899684e+00 -2.921599e-20 1.000438e+00 8.103323e-02 -3.048784e-19 3.041875e+00 3.123966e+00 -2.165448e-19 1.634514e-01 3.402661e-02 -1.466760e-19 1.837694e+00 3.021854e+00 2.900494e-19 1.040729e+00 6.808547e-02 -3.599182e-19 3.101035e+00 3.205184e+00 -3.295522e-20 1.634514e-01 3.402661e-02 -1.466760e-19 1.865145e+00 3.110255e+00 5.473987e-19 1.072439e+00 6.090230e-02 -4.336780e-19 3.141199e+00 3.257080e+00 9.622728e-20 1.634514e-01 3.402661e-02 -1.466760e-19 1.879739e+00 3.165017e+00 7.056300e-19 1.098008e+00 5.803665e-02 -4.627268e-19 3.163925e+00 3.283759e+00 1.232482e-19 1.634514e-01 3.402661e-02 -1.466760e-19 1.893870e+00 3.175247e+00 7.356494e-19 1.106603e+00 7.448488e-02 -4.657253e-19
99             5.132786e-01 1.910497e-01 -2.548650e-19 1.631588e-01 3.402571e-02 -1.466911e-19 2.841356e-01 1.244593e-01 -7.527135e-19 6.598421e-02 3.256470e-02 6.445396e-19 5.425889e-01 4.049975e-01 -1.084030e-19 1.631588e-01 3.402571e-02 -1.466911e-19 2.993234e-01 3.368798e-01 -5.468802e-19 8.010671e-02 3.409195e-02 5.851682e-19 3.330025e-01 3.846097e-01 -2.274747e-19 1.631588e-01 3.402571e-02 -1.466911e-19 7.555600e-02 3.264578e-01 -8.000073e-19 9.428774e-02 2.412611e-02 7.192237e-19 3.377839e-01 5.469436e-01 5.771912e-20 1.631588e-01 3.402571e-02 -1.466911e-19 6.059453e-02 4.885810e-01 -5.939047e-19 1.140306e-01 2.433689e-02 7.983149e-19 9.345633e-01 7.856513e-01 5.464636e-19 1.631588e-01 3.402571e-02 -1.466911e-19 6.253495e-01 7.449957e-01 -3.236987e-19 1.460551e-01 6.629981e-03 1.016853e-18 1.480848e+00 1.031855e+00 -3.761342e-19 1.631588e-01 3.402571e-02 -1.466911e-19 1.141915e+00 1.014291e+00 -1.246185e-19 1.757749e-01 -1.646107e-02 -1.048246e-19 1.743455e+00 1.190207e+00 -3.870670e-19 1.631588e-01 3.402571e-02 -1.466911e-19 1.375526e+00 1.169536e+00 -5.846358e-20 2.047702e-01 -1.335452e-02 -1.819123e-19 1.917721e+00 1.386421e+00 -6.662717e-19 1.631588e-01 3.402571e-02 -1.466911e-19 1.503072e+00 1.344995e+00 -3.408123e-19 2.514902e-01 7.399686e-03 -1.787682e-19 2.106627e+00 1.681555e+00 -8.660776e-19 1.631588e-01 3.402571e-02 -1.466911e-19 1.620335e+00 1.607444e+00 -6.059380e-19 3.231332e-01 4.008498e-02 -1.134485e-19 2.299063e+00 1.883287e+00 -7.123610e-19 1.631588e-01 3.402571e-02 -1.466911e-19 1.723751e+00 1.756555e+00 -3.825017e-19 4.121527e-01 9.270627e-02 -1.831682e-19 2.451194e+00 2.127933e+00 -7.134390e-19 1.631588e-01 3.402571e-02 -1.466911e-19 1.749192e+00 1.981151e+00 -3.825017e-19 5.388439e-01 1.127564e-01 -1.842461e-19 2.544372e+00 2.343190e+00 -7.123274e-19 1.631588e-01 3.402571e-02 -1.466911e-19 1.749192e+00 2.196408e+00 -3.825017e-19 6.320214e-01 1.127564e-01 -1.831345e-19 2.633658e+00 2.533680e+00 -7.123267e-19 1.631588e-01 3.402571e-02 -1.466911e-19 1.749192e+00 2.386898e+00 -3.825017e-19 7.213079e-01 1.127564e-01 -1.831338e-19 2.723439e+00 2.701253e+00 -7.123267e-19 1.631588e-01 3.402571e-02 -1.466911e-19 1.749192e+00 2.554471e+00 -3.825017e-19 8.110881e-01 1.127564e-01 -1.831338e-19 2.819452e+00 2.843657e+00 -7.123274e-19 1.631588e-01 3.402571e-02 -1.466911e-19 1.749192e+00 2.696875e+00 -3.825017e-19 9.071009e-01 1.127564e-01 -1.831346e-19 2.965105e+00 3.014650e+00 -4.805452e-19 1.631588e-01 3.402571e-02 -1.466911e-19 1.801784e+00 2.899637e+00 -2.917689e-20 1.000162e+00 8.098735e-02 -3.046772e-19 3.041388e+00 3.123876e+00 -2.163309e-19 1.631588e-01 3.402571e-02 -1.466911e-19 1.837747e+00 3.021839e+00 2.900854e-19 1.040482e+00 6.801149e-02 -3.597251e-19 3.100558e+00 3.205112e+00 -3.277428e-20 1.631588e-01 3.402571e-02 -1.466911e-19 1.865195e+00 3.110273e+00 5.474060e-19 1.072204e+00 6.081299e-02 -4.334892e-19 3.140711e+00 3.257045e+00 9.635276e-20 1.631588e-01 3.402571e-02 -1.466911e-19 1.879785e+00 3.165070e+00 7.055944e-19 1.097767e+00 5.794954e-02 -4.625506e-19 3.163266e+00 3.283822e+00 1.235479e-19 1.631588e-01 3.402571e-02 -1.466911e-19 1.893758e+00 3.175321e+00 7.357464e-19 1.106349e+00 7.447526e-02 -4.655074e-19
100            5.131270e-01 1.912610e-01 -2.548354e-19 1.628661e-01 3.402705e-02 -1.467093e-19 2.841349e-01 1.246049e-01 -7.530745e-19 6.612602e-02 3.262913e-02 6.449484e-19 5.424559e-01 4.052573e-01 -1.084047e-19 1.628661e-01 3.402705e-02 -1.467093e-19 2.993223e-01 3.370765e-01 -5.472464e-19 8.026744e-02 3.415375e-02 5.855509e-19 3.328627e-01 3.848858e-01 -2.274333e-19 1.628661e-01 3.402705e-02 -1.467093e-19 7.556364e-02 3.266879e-01 -8.003185e-19 9.443294e-02 2.417090e-02 7.195945e-19 3.376081e-01 5.471673e-01 5.787955e-20 1.628661e-01 3.402705e-02 -1.467093e-19 6.061198e-02 4.887644e-01 -5.941324e-19 1.141299e-01 2.437585e-02 7.987212e-19 9.343610e-01 7.857794e-01 5.467349e-19 1.628661e-01 3.402705e-02 -1.467093e-19 6.253818e-01 7.450964e-01 -3.237957e-19 1.461131e-01 6.655892e-03 1.017240e-18 1.480642e+00 1.031950e+00 -3.759045e-19 1.628661e-01 3.402705e-02 -1.467093e-19 1.141965e+00 1.014344e+00 -1.246302e-19 1.758104e-01 -1.642125e-02 -1.045650e-19 1.743256e+00 1.190292e+00 -3.868444e-19 1.628661e-01 3.402705e-02 -1.467093e-19 1.375602e+00 1.169572e+00 -5.847160e-20 2.047877e-01 -1.330698e-02 -1.816635e-19 1.917521e+00 1.386540e+00 -6.660937e-19 1.628661e-01 3.402705e-02 -1.467093e-19 1.503161e+00 1.345060e+00 -3.408597e-19 2.514938e-01 7.453153e-03 -1.785248e-19 2.106411e+00 1.681747e+00 -8.659163e-19 1.628661e-01 3.402705e-02 -1.467093e-19 1.620430e+00 1.607585e+00 -6.059993e-19 3.231152e-01 4.013529e-02 -1.132077e-19 2.298803e+00 1.883515e+00 -7.121878e-19 1.628661e-01 3.402705e-02 -1.467093e-19 1.723849e+00 1.756765e+00 -3.825578e-19 4.120880e-01 9.272215e-02 -1.829207e-19 2.450808e+00 2.128129e+00 -7.132897e-19 1.628661e-01 3.402705e-02 -1.467093e-19 1.749280e+00 1.981349e+00 -3.825578e-19 5.386625e-01 1.127525e-01 -1.840226e-19 2.543903e+00 2.343326e+00 -7.121543e-19 1.628661e-01 3.402705e-02 -1.467093e-19 1.749280e+00 2.196547e+00 -3.825578e-19 6.317569e-01 1.127525e-01 -1.828871e-19 2.633133e+00 2.533750e+00 -7.121535e-19 1.628661e-01 3.402705e-02 -1.467093e-19 1.749280e+00 2.386970e+00 -3.825578e-19 7.209877e-01 1.127525e-01 -1.828864e-19 2.722890e+00 2.701266e+00 -7.121535e-19 1.628661e-01 3.402705e-02 -1.467093e-19 1.749280e+00 2.554486e+00 -3.825578e-19 8.107446e-01 1.127525e-01 -1.828864e-19 2.818923e+00 2.843626e+00 -7.121542e-19 1.628661e-01 3.402705e-02 -1.467093e-19 1.749280e+00 2.696847e+00 -3.825578e-19 9.067769e-01 1.127525e-01 -1.828871e-19 2.964645e+00 3.014618e+00 -4.804026e-19 1.628661e-01 3.402705e-02 -1.467093e-19 1.801877e+00 2.899648e+00 -2.922478e-20 9.999017e-01 8.094299e-02 -3.044685e-19 3.040949e+00 3.123847e+00 -2.162504e-19 1.628661e-01 3.402705e-02 -1.467093e-19 1.837832e+00 3.021881e+00 2.899741e-19 1.040251e+00 6.793880e-02 -3.595152e-19 3.100119e+00 3.205093e+00 -3.279526e-20 1.628661e-01 3.402705e-02 -1.467093e-19 1.865266e+00 3.110342e+00 5.471714e-19 1.071986e+00 6.072441e-02 -4.332574e-19 3.140256e+00 3.257058e+00 9.621570e-20 1.628661e-01 3.402705e-02 -1.467093e-19 1.879846e+00 3.165169e+00 7.052425e-19 1.097544e+00 5.786212e-02 -4.623175e-19 3.162638e+00 3.283935e+00 1.235890e-19 1.628661e-01 3.402705e-02 -1.467093e-19 1.893657e+00 3.175444e+00 7.355243e-19 1.106115e+00 7.446452e-02 -4.652260e-19
101            5.130073e-01 1.914870e-01 -2.548332e-19 1.625735e-01 3.403063e-02 -1.467370e-19 2.841608e-01 1.247608e-01 -7.535042e-19 6.627302e-02 3.269552e-02 6.454080e-19 5.423603e-01 4.055431e-01 -1.084115e-19 1.625735e-01 3.403063e-02 -1.467370e-19 2.993495e-01 3.372948e-01 -5.476590e-19 8.043730e-02 3.421772e-02 5.859845e-19 3.327518e-01 3.851789e-01 -2.273947e-19 1.625735e-01 3.403063e-02 -1.467370e-19 7.558773e-02 3.269309e-01 -8.006783e-19 9.459049e-02 2.421745e-02 7.200206e-19 3.374623e-01 5.474074e-01 5.807479e-20 1.625735e-01 3.403063e-02 -1.467370e-19 6.064614e-02 4.889602e-01 -5.943818e-19 1.142426e-01 2.441657e-02 7.991936e-19 9.342239e-01 7.859222e-01 5.470888e-19 1.625735e-01 3.403063e-02 -1.467370e-19 6.254657e-01 7.452092e-01 -3.238753e-19 1.461846e-01 6.682378e-03 1.017701e-18 1.480532e+00 1.032061e+00 -3.756463e-19 1.625735e-01 3.403063e-02 -1.467370e-19 1.142099e+00 1.014412e+00 -1.245925e-19 1.758592e-01 -1.638196e-02 -1.043167e-19 1.743178e+00 1.190387e+00 -3.865896e-19 1.625735e-01 3.403063e-02 -1.467370e-19 1.375787e+00 1.169617e+00 -5.841775e-20 2.048173e-01 -1.326079e-02 -1.814348e-19 1.917462e+00 1.386666e+00 -6.659294e-19 1.625735e-01 3.403063e-02 -1.467370e-19 1.503380e+00 1.345131e+00 -3.408910e-19 2.515087e-01 7.504599e-03 -1.783014e-19 2.106361e+00 1.681947e+00 -8.658062e-19 1.625735e-01 3.403063e-02 -1.467370e-19 1.620678e+00 1.607733e+00 -6.060936e-19 3.231087e-01 4.018391e-02 -1.129757e-19 2.298736e+00 1.883743e+00 -7.120244e-19 1.625735e-01 3.403063e-02 -1.467370e-19 1.724126e+00 1.756975e+00 -3.825918e-19 4.120365e-01 9.273748e-02 -1.826956e-19 2.450621e+00 2.128311e+00 -7.131585e-19 1.625735e-01 3.403063e-02 -1.467370e-19 1.749552e+00 1.981532e+00 -3.825918e-19 5.384957e-01 1.127485e-01 -1.838297e-19 2.543632e+00 2.343427e+00 -7.119910e-19 1.625735e-01 3.403063e-02 -1.467370e-19 1.749552e+00 2.196647e+00 -3.825918e-19 6.315067e-01 1.127485e-01 -1.826621e-19 2.632807e+00 2.533758e+00 -7.119902e-19 1.625735e-01 3.403063e-02 -1.467370e-19 1.749552e+00 2.386979e+00 -3.825918e-19 7.206815e-01 1.127485e-01 -1.826614e-19 2.722541e+00 2.701192e+00 -7.119902e-19 1.625735e-01 3.403063e-02 -1.467370e-19 1.749552e+00 2.554413e+00 -3.825918e-19 8.104151e-01 1.127485e-01 -1.826614e-19 2.818592e+00 2.843487e+00 -7.119909e-19 1.625735e-01 3.403063e-02 -1.467370e-19 1.749552e+00 2.696707e+00 -3.825918e-19 9.064666e-01 1.127485e-01 -1.826621e-19 2.964361e+00 3.014463e+00 -4.804011e-19 1.625735e-01 3.403063e-02 -1.467370e-19 1.802132e+00 2.899534e+00 -2.943045e-20 9.996550e-01 8.089862e-02 -3.042336e-19 3.040662e+00 3.123676e+00 -2.165015e-19 1.625735e-01 3.403063e-02 -1.467370e-19 1.838053e+00 3.021780e+00 2.894778e-19 1.040035e+00 6.786569e-02 -3.592423e-19 3.099805e+00 3.204911e+00 -3.333421e-20 1.625735e-01 3.403063e-02 -1.467370e-19 1.865446e+00 3.110246e+00 5.462976e-19 1.071785e+00 6.063443e-02 -4.328949e-19 3.139911e+00 3.256896e+00 9.540129e-20 1.625735e-01 3.403063e-02 -1.467370e-19 1.879997e+00 3.165094e+00 7.040582e-19 1.097340e+00 5.777175e-02 -4.619199e-19 3.162064e+00 3.283866e+00 1.229724e-19 1.625735e-01 3.403063e-02 -1.467370e-19 1.893590e+00 3.175387e+00 7.344705e-19 1.105901e+00 7.444883e-02 -4.647611e-19
102            5.129319e-01 1.917222e-01 -2.548643e-19 1.622809e-01 3.403632e-02 -1.467776e-19 2.842259e-01 1.249222e-01 -7.540184e-19 6.642498e-02 3.276362e-02 6.459317e-19 5.423157e-01 4.058452e-01 -1.084085e-19 1.622809e-01 3.403632e-02 -1.467776e-19 2.994188e-01 3.375253e-01 -5.481170e-19 8.061602e-02 3.428359e-02 5.864861e-19 3.326798e-01 3.854693e-01 -2.273374e-19 1.622809e-01 3.403632e-02 -1.467776e-19 7.563892e-02 3.271675e-01 -8.010791e-19 9.475994e-02 2.426548e-02 7.205193e-19 3.373573e-01 5.476408e-01 5.834558e-20 1.622809e-01 3.403632e-02 -1.467776e-19 6.070817e-02 4.891458e-01 -5.946315e-19 1.143682e-01 2.445876e-02 7.997546e-19 9.341744e-01 7.860547e-01 5.475828e-19 1.622809e-01 3.403632e-02 -1.467776e-19 6.256242e-01 7.453092e-01 -3.238998e-19 1.462693e-01 6.709208e-03 1.018260e-18 1.480554e+00 1.032165e+00 -3.753205e-19 1.622809e-01 3.403632e-02 -1.467776e-19 1.142352e+00 1.014472e+00 -1.244570e-19 1.759210e-01 -1.634346e-02 -1.040859e-19 1.743263e+00 1.190466e+00 -3.862631e-19 1.622809e-01 3.403632e-02 -1.467776e-19 1.376123e+00 1.169646e+00 -5.825075e-20 2.048589e-01 -1.321626e-02 -1.812347e-19 1.917592e+00 1.386770e+00 -6.657518e-19 1.622809e-01 3.403632e-02 -1.467776e-19 1.503777e+00 1.345180e+00 -3.408674e-19 2.515346e-01 7.553447e-03 -1.781068e-19 2.106528e+00 1.682126e+00 -8.657304e-19 1.622809e-01 3.403632e-02 -1.467776e-19 1.621134e+00 1.607859e+00 -6.061947e-19 3.231134e-01 4.022990e-02 -1.127581e-19 2.298918e+00 1.883937e+00 -7.118453e-19 1.622809e-01 3.403632e-02 -1.467776e-19 1.724640e+00 1.757150e+00 -3.825660e-19 4.119973e-01 9.275095e-02 -1.825017e-19 2.450692e+00 2.128440e+00 -7.130205e-19 1.622809e-01 3.403632e-02 -1.467776e-19 1.750069e+00 1.981660e+00 -3.825660e-19 5.383420e-01 1.127430e-01 -1.836769e-19 2.543620e+00 2.343451e+00 -7.118119e-19 1.622809e-01 3.403632e-02 -1.467776e-19 1.750069e+00 2.196671e+00 -3.825660e-19 6.312697e-01 1.127430e-01 -1.824683e-19 2.632738e+00 2.533665e+00 -7.118111e-19 1.622809e-01 3.403632e-02 -1.467776e-19 1.750069e+00 2.386886e+00 -3.825660e-19 7.203884e-01 1.127430e-01 -1.824675e-19 2.722449e+00 2.700990e+00 -7.118111e-19 1.622809e-01 3.403632e-02 -1.467776e-19 1.750069e+00 2.554211e+00 -3.825660e-19 8.100985e-01 1.127430e-01 -1.824675e-19 2.818519e+00 2.843191e+00 -7.118118e-19 1.622809e-01 3.403632e-02 -1.467776e-19 1.750069e+00 2.696412e+00 -3.825660e-19 9.061692e-01 1.127430e-01 -1.824682e-19 2.964307e+00 3.014135e+00 -4.805474e-19 1.622809e-01 3.403632e-02 -1.467776e-19 1.802604e+00 2.899246e+00 -2.980190e-20 9.994219e-01 8.085252e-02 -3.039679e-19 3.040575e+00 3.123312e+00 -2.171306e-19 1.622809e-01 3.403632e-02 -1.467776e-19 1.838460e+00 3.021485e+00 2.885416e-19 1.039834e+00 6.779005e-02 -3.588946e-19 3.099662e+00 3.204513e+00 -3.446038e-20 1.622809e-01 3.403632e-02 -1.467776e-19 1.865780e+00 3.109936e+00 5.447003e-19 1.071601e+00 6.054032e-02 -4.323831e-19 3.139719e+00 3.256507e+00 9.381184e-20 1.622809e-01 3.403632e-02 -1.467776e-19 1.880282e+00 3.164796e+00 7.019222e-19 1.097157e+00 5.767545e-02 -4.613328e-19 3.161552e+00 3.283558e+00 1.216228e-19 1.622809e-01 3.403632e-02 -1.467776e-19 1.893562e+00 3.175098e+00 7.324814e-19 1.105709e+00 7.442371e-02 -4.640810e-19
103            5.129073e-01 1.919627e-01 -2.549305e-19 1.619884e-01 3.404388e-02 -1.468327e-19 2.843373e-01 1.250857e-01 -7.546233e-19 6.658161e-02 3.283308e-02 6.465255e-19 5.423294e-01 4.061586e-01 -1.083864e-19 1.619884e-01 3.404388e-02 -1.468327e-19 2.995378e-01 3.377637e-01 -5.486178e-19 8.080322e-02 3.435098e-02 5.870641e-19 3.326521e-01 3.857489e-01 -2.272492e-19 1.619884e-01 3.404388e-02 -1.468327e-19 7.572286e-02 3.273904e-01 -8.015160e-19 9.494087e-02 2.431461e-02 7.210995e-19 3.372987e-01 5.478589e-01 5.871158e-20 1.619884e-01 3.404388e-02 -1.468327e-19 6.080382e-02 4.893130e-01 -5.948707e-19 1.145065e-01 2.450208e-02 8.004151e-19 9.342244e-01 7.861685e-01 5.482440e-19 1.619884e-01 3.404388e-02 -1.468327e-19 6.258690e-01 7.453885e-01 -3.238526e-19 1.463670e-01 6.736090e-03 1.018929e-18 1.480725e+00 1.032255e+00 -3.749096e-19 1.619884e-01 3.404388e-02 -1.468327e-19 1.142741e+00 1.014517e+00 -1.242030e-19 1.759959e-01 -1.630609e-02 -1.038739e-19 1.743530e+00 1.190523e+00 -3.858478e-19 1.619884e-01 3.404388e-02 -1.468327e-19 1.376629e+00 1.169653e+00 -5.794943e-20 2.049131e-01 -1.317375e-02 -1.810657e-19 1.917933e+00 1.386845e+00 -6.655468e-19 1.619884e-01 3.404388e-02 -1.468327e-19 1.504372e+00 1.345202e+00 -3.407709e-19 2.515722e-01 7.599212e-03 -1.779432e-19 2.106935e+00 1.682277e+00 -8.656745e-19 1.619884e-01 3.404388e-02 -1.468327e-19 1.621816e+00 1.607961e+00 -6.062845e-19 3.231301e-01 4.027259e-02 -1.125572e-19 2.299368e+00 1.884098e+00 -7.116425e-19 1.619884e-01 3.404388e-02 -1.468327e-19 1.725408e+00 1.757293e+00 -3.824705e-19 4.119712e-01 9.276183e-02 -1.823392e-19 2.451036e+00 2.128527e+00 -7.128651e-19 1.619884e-01 3.404388e-02 -1.468327e-19 1.750845e+00 1.981748e+00 -3.824705e-19 5.382026e-01 1.127351e-01 -1.835619e-19 2.543881e+00 2.343424e+00 -7.116091e-19 1.619884e-01 3.404388e-02 -1.468327e-19 1.750845e+00 2.196645e+00 -3.824705e-19 6.310471e-01 1.127351e-01 -1.823059e-19 2.632943e+00 2.533512e+00 -7.116083e-19 1.619884e-01 3.404388e-02 -1.468327e-19 1.750845e+00 2.386733e+00 -3.824705e-19 7.201096e-01 1.127351e-01 -1.823050e-19 2.722630e+00 2.700718e+00 -7.116083e-19 1.619884e-01 3.404388e-02 -1.468327e-19 1.750845e+00 2.553939e+00 -3.824705e-19 8.097961e-01 1.127351e-01 -1.823050e-19 2.818720e+00 2.842813e+00 -7.116089e-19 1.619884e-01 3.404388e-02 -1.468327e-19 1.750845e+00 2.696034e+00 -3.824705e-19 9.058858e-01 1.127351e-01 -1.823057e-19 2.964508e+00 3.013719e+00 -4.807809e-19 1.619884e-01 3.404388e-02 -1.468327e-19 1.803315e+00 2.898871e+00 -3.025655e-20 9.992037e-01 8.080373e-02 -3.036916e-19 3.040724e+00 3.122852e+00 -2.179955e-19 1.619884e-01 3.404388e-02 -1.468327e-19 1.839086e+00 3.021098e+00 2.873461e-19 1.039650e+00 6.771056e-02 -3.585088e-19 3.099741e+00 3.204013e+00 -3.595060e-20 1.619884e-01 3.404388e-02 -1.468327e-19 1.866316e+00 3.109529e+00 5.426706e-19 1.071437e+00 6.044039e-02 -4.317884e-19 3.139737e+00 3.256014e+00 9.172791e-20 1.619884e-01 3.404388e-02 -1.468327e-19 1.880753e+00 3.164399e+00 6.991938e-19 1.096996e+00 5.757166e-02 -4.606332e-19 3.161161e+00 3.283139e+00 1.198307e-19 1.619884e-01 3.404388e-02 -1.468327e-19 1.893632e+00 3.174708e+00 7.299289e-19 1.105540e+00 7.438694e-02 -4.632655e-19
104            5.129391e-01 1.922075e-01 -2.550345e-19 1.616958e-01 3.405306e-02 -1.469038e-19 2.845008e-01 1.252509e-01 -7.553281e-19 6.674251e-02 3.290355e-02 6.471974e-19 5.424071e-01 4.064853e-01 -1.083426e-19 1.616958e-01 3.405306e-02 -1.469038e-19 2.997129e-01 3.380127e-01 -5.491662e-19 8.099845e-02 3.441955e-02 5.877274e-19 3.326727e-01 3.860211e-01 -2.271275e-19 1.616958e-01 3.405306e-02 -1.469038e-19 7.584396e-02 3.276035e-01 -8.019948e-19 9.513295e-02 2.436454e-02 7.217711e-19 3.372905e-01 5.480662e-01 5.917886e-20 1.616958e-01 3.405306e-02 -1.469038e-19 6.093744e-02 4.894668e-01 -5.951030e-19 1.146572e-01 2.454624e-02 8.011856e-19 9.343831e-01 7.862696e-01 5.490833e-19 1.616958e-01 3.405306e-02 -1.469038e-19 6.262093e-01 7.454538e-01 -3.237336e-19 1.464780e-01 6.762750e-03 1.019721e-18 1.481058e+00 1.032337e+00 -3.744103e-19 1.616958e-01 3.405306e-02 -1.469038e-19 1.143278e+00 1.014555e+00 -1.238278e-19 1.760843e-01 -1.627022e-02 -1.036787e-19 1.743997e+00 1.190565e+00 -3.853407e-19 1.616958e-01 3.405306e-02 -1.469038e-19 1.377321e+00 1.169645e+00 -5.751049e-20 2.049805e-01 -1.313360e-02 -1.809264e-19 1.918502e+00 1.386902e+00 -6.653141e-19 1.616958e-01 3.405306e-02 -1.469038e-19 1.505184e+00 1.345208e+00 -3.406011e-19 2.516224e-01 7.641634e-03 -1.778091e-19 2.107597e+00 1.682417e+00 -8.656371e-19 1.616958e-01 3.405306e-02 -1.469038e-19 1.622741e+00 1.608053e+00 -6.063621e-19 3.231601e-01 4.031182e-02 -1.123712e-19 2.300098e+00 1.884247e+00 -7.114214e-19 1.616958e-01 3.405306e-02 -1.469038e-19 1.726442e+00 1.757424e+00 -3.823127e-19 4.119602e-01 9.277023e-02 -1.822049e-19 2.451667e+00 2.128605e+00 -7.126952e-19 1.616958e-01 3.405306e-02 -1.469038e-19 1.751891e+00 1.981827e+00 -3.823127e-19 5.380801e-01 1.127251e-01 -1.834787e-19 2.544429e+00 2.343395e+00 -7.113881e-19 1.616958e-01 3.405306e-02 -1.469038e-19 1.751891e+00 2.196617e+00 -3.823127e-19 6.308423e-01 1.127251e-01 -1.821716e-19 2.633436e+00 2.533365e+00 -7.113871e-19 1.616958e-01 3.405306e-02 -1.469038e-19 1.751891e+00 2.386587e+00 -3.823127e-19 7.198488e-01 1.127251e-01 -1.821706e-19 2.723099e+00 2.700460e+00 -7.113871e-19 1.616958e-01 3.405306e-02 -1.469038e-19 1.751891e+00 2.553682e+00 -3.823127e-19 8.095116e-01 1.127251e-01 -1.821706e-19 2.819207e+00 2.842455e+00 -7.113878e-19 1.616958e-01 3.405306e-02 -1.469038e-19 1.751891e+00 2.695677e+00 -3.823127e-19 9.056202e-01 1.127251e-01 -1.821713e-19 2.964992e+00 3.013338e+00 -4.810246e-19 1.616958e-01 3.405306e-02 -1.469038e-19 1.804292e+00 2.898533e+00 -3.068780e-20 9.990045e-01 8.075235e-02 -3.034329e-19 3.041156e+00 3.122438e+00 -2.188994e-19 1.616958e-01 3.405306e-02 -1.469038e-19 1.839973e+00 3.020758e+00 2.861407e-19 1.039487e+00 6.762715e-02 -3.581363e-19 3.100102e+00 3.203567e+00 -3.749999e-20 1.616958e-01 3.405306e-02 -1.469038e-19 1.867109e+00 3.109179e+00 5.406032e-19 1.071297e+00 6.033467e-02 -4.311994e-19 3.140033e+00 3.255581e+00 8.954599e-20 1.616958e-01 3.405306e-02 -1.469038e-19 1.881477e+00 3.164067e+00 6.963770e-19 1.096861e+00 5.746072e-02 -4.599272e-19 3.161007e+00 3.282777e+00 1.179763e-19 1.616958e-01 3.405306e-02 -1.469038e-19 1.893912e+00 3.174384e+00 7.273114e-19 1.105399e+00 7.433934e-02 -4.624313e-19
105            5.130383e-01 1.924593e-01 -2.551855e-19 1.614032e-01 3.406369e-02 -1.469939e-19 2.847278e-01 1.254208e-01 -7.561589e-19 6.690730e-02 3.297484e-02 6.479673e-19 5.425603e-01 4.068353e-01 -1.082799e-19 1.614032e-01 3.406369e-02 -1.469939e-19 2.999558e-01 3.382825e-01 -5.497820e-19 8.120134e-02 3.448911e-02 5.884960e-19 3.327492e-01 3.862975e-01 -2.269759e-19 1.614032e-01 3.406369e-02 -1.469939e-19 7.600996e-02 3.278187e-01 -8.025378e-19 9.533608e-02 2.441511e-02 7.225558e-19 3.373404e-01 5.482757e-01 5.975274e-20 1.614032e-01 3.406369e-02 -1.469939e-19 6.111669e-02 4.896209e-01 -5.953442e-19 1.148205e-01 2.459109e-02 8.020908e-19 9.346694e-01 7.863734e-01 5.501185e-19 1.614032e-01 3.406369e-02 -1.469939e-19 6.266638e-01 7.455206e-01 -3.235497e-19 1.466024e-01 6.789019e-03 1.020662e-18 1.481583e+00 1.032432e+00 -3.738233e-19 1.614032e-01 3.406369e-02 -1.469939e-19 1.143994e+00 1.014604e+00 -1.233310e-19 1.761865e-01 -1.623611e-02 -1.034984e-19 1.744700e+00 1.190611e+00 -3.847418e-19 1.614032e-01 3.406369e-02 -1.469939e-19 1.378235e+00 1.169643e+00 -5.693063e-20 2.050617e-01 -1.309604e-02 -1.808173e-19 1.919340e+00 1.386961e+00 -6.650644e-19 1.614032e-01 3.406369e-02 -1.469939e-19 1.506251e+00 1.345217e+00 -3.403658e-19 2.516862e-01 7.680633e-03 -1.777047e-19 2.108562e+00 1.682571e+00 -8.656361e-19 1.614032e-01 3.406369e-02 -1.469939e-19 1.623953e+00 1.608160e+00 -6.064446e-19 3.232051e-01 4.034775e-02 -1.121977e-19 2.301160e+00 1.884413e+00 -7.111949e-19 1.614032e-01 3.406369e-02 -1.469939e-19 1.727790e+00 1.757573e+00 -3.821027e-19 4.119667e-01 9.277668e-02 -1.820984e-19 2.452637e+00 2.128709e+00 -7.125235e-19 1.614032e-01 3.406369e-02 -1.469939e-19 1.753256e+00 1.981932e+00 -3.821027e-19 5.379779e-01 1.127135e-01 -1.834270e-19 2.545318e+00 2.343403e+00 -7.111617e-19 1.614032e-01 3.406369e-02 -1.469939e-19 1.753256e+00 2.196625e+00 -3.821027e-19 6.306594e-01 1.127135e-01 -1.820652e-19 2.634270e+00 2.533267e+00 -7.111607e-19 1.614032e-01 3.406369e-02 -1.469939e-19 1.753256e+00 2.386490e+00 -3.821027e-19 7.196109e-01 1.127135e-01 -1.820641e-19 2.723909e+00 2.700265e+00 -7.111607e-19 1.614032e-01 3.406369e-02 -1.469939e-19 1.753256e+00 2.553488e+00 -3.821027e-19 8.092506e-01 1.127135e-01 -1.820641e-19 2.820037e+00 2.842180e+00 -7.111614e-19 1.614032e-01 3.406369e-02 -1.469939e-19 1.753256e+00 2.695402e+00 -3.821027e-19 9.053784e-01 1.127135e-01 -1.820648e-19 2.965822e+00 3.013061e+00 -4.812492e-19 1.614032e-01 3.406369e-02 -1.469939e-19 1.805588e+00 2.898299e+00 -3.104693e-20 9.988308e-01 8.069897e-02 -3.032083e-19 3.041940e+00 3.122144e+00 -2.197519e-19 1.614032e-01 3.406369e-02 -1.469939e-19 1.841185e+00 3.020540e+00 2.850461e-19 1.039351e+00 6.754049e-02 -3.578041e-19 3.100822e+00 3.203254e+00 -3.896562e-20 1.614032e-01 3.406369e-02 -1.469939e-19 1.868231e+00 3.108966e+00 5.386874e-19 1.071188e+00 6.022413e-02 -4.306592e-19 3.140693e+00 3.255288e+00 8.746778e-20 1.614032e-01 3.406369e-02 -1.469939e-19 1.882532e+00 3.163881e+00 6.937320e-19 1.096758e+00 5.734382e-02 -4.592704e-19 3.161227e+00 3.282557e+00 1.162307e-19 1.614032e-01 3.406369e-02 -1.469939e-19 1.894532e+00 3.174211e+00 7.248691e-19 1.105293e+00 7.428310e-02 -4.616445e-19
106            5.132087e-01 1.927226e-01 -2.553898e-19 1.611106e-01 3.407575e-02 -1.471041e-19 2.850223e-01 1.255999e-01 -7.571322e-19 6.707581e-02 3.304691e-02 6.488465e-19 5.427927e-01 4.072187e-01 -1.082073e-19 1.611106e-01 3.407575e-02 -1.471041e-19 3.002703e-01 3.385833e-01 -5.504830e-19 8.141183e-02 3.455963e-02 5.893798e-19 3.328840e-01 3.865929e-01 -2.268069e-19 1.611106e-01 3.407575e-02 -1.471041e-19 7.622288e-02 3.280508e-01 -8.031680e-19 9.555047e-02 2.446632e-02 7.234652e-19 3.374506e-01 5.485054e-01 6.041873e-20 1.611106e-01 3.407575e-02 -1.471041e-19 6.134334e-02 4.897930e-01 -5.956186e-19 1.149967e-01 2.463664e-02 8.031414e-19 9.350892e-01 7.865017e-01 5.513358e-19 1.611106e-01 3.407575e-02 -1.471041e-19 6.272380e-01 7.456111e-01 -3.233267e-19 1.467405e-01 6.814905e-03 1.021767e-18 1.482311e+00 1.032563e+00 -3.731702e-19 1.611106e-01 3.407575e-02 -1.471041e-19 1.144897e+00 1.014691e+00 -1.227394e-19 1.763030e-01 -1.620381e-02 -1.033267e-19 1.745650e+00 1.190689e+00 -3.840731e-19 1.611106e-01 3.407575e-02 -1.471041e-19 1.379382e+00 1.169675e+00 -5.623688e-20 2.051573e-01 -1.306115e-02 -1.807322e-19 1.920460e+00 1.387055e+00 -6.648191e-19 1.611106e-01 3.407575e-02 -1.471041e-19 1.507584e+00 1.345263e+00 -3.400911e-19 2.517649e-01 7.716294e-03 -1.776239e-19 2.109840e+00 1.682775e+00 -8.656926e-19 1.611106e-01 3.407575e-02 -1.471041e-19 1.625463e+00 1.608319e+00 -6.065576e-19 3.232667e-01 4.038064e-02 -1.120309e-19 2.302565e+00 1.884635e+00 -7.109833e-19 1.611106e-01 3.407575e-02 -1.471041e-19 1.729462e+00 1.757777e+00 -3.818651e-19 4.119930e-01 9.278172e-02 -1.820142e-19 2.453959e+00 2.128878e+00 -7.123706e-19 1.611106e-01 3.407575e-02 -1.471041e-19 1.754949e+00 1.982101e+00 -3.818651e-19 5.378993e-01 1.127012e-01 -1.834015e-19 2.546562e+00 2.343486e+00 -7.109502e-19 1.611106e-01 3.407575e-02 -1.471041e-19 1.754949e+00 2.196709e+00 -3.818651e-19 6.305025e-01 1.127012e-01 -1.819810e-19 2.635460e+00 2.533256e+00 -7.109491e-19 1.611106e-01 3.407575e-02 -1.471041e-19 1.754949e+00 2.386480e+00 -3.818651e-19 7.194009e-01 1.127012e-01 -1.819799e-19 2.725078e+00 2.700171e+00 -7.109491e-19 1.611106e-01 3.407575e-02 -1.471041e-19 1.754949e+00 2.553394e+00 -3.818651e-19 8.090190e-01 1.127012e-01 -1.819799e-19 2.821227e+00 2.842020e+00 -7.109497e-19 1.611106e-01 3.407575e-02 -1.471041e-19 1.754949e+00 2.695243e+00 -3.818651e-19 9.051675e-01 1.127012e-01 -1.819806e-19 2.967019e+00 3.012921e+00 -4.814588e-19 1.611106e-01 3.407575e-02 -1.471041e-19 1.807218e+00 2.898201e+00 -3.133599e-20 9.986900e-01 8.064417e-02 -3.030187e-19 3.043101e+00 3.121999e+00 -2.205344e-19 1.611106e-01 3.407575e-02 -1.471041e-19 1.842739e+00 3.020472e+00 2.840865e-19 1.039252e+00 6.745130e-02 -3.575168e-19 3.101930e+00 3.203100e+00 -4.030554e-20 1.611106e-01 3.407575e-02 -1.471041e-19 1.869703e+00 3.108914e+00 5.369793e-19 1.071117e+00 6.010971e-02 -4.301808e-19 3.141750e+00 3.255159e+00 8.557925e-20 1.611106e-01 3.407575e-02 -1.471041e-19 1.883943e+00 3.163862e+00 6.913703e-19 1.096697e+00 5.722182e-02 -4.586870e-19 3.161900e+00 3.282503e+00 1.146440e-19 1.611106e-01 3.407575e-02 -1.471041e-19 1.895561e+00 3.174207e+00 7.226896e-19 1.105229e+00 7.421979e-02 -4.609415e-19
107            5.133985e-01 1.929979e-01 -2.556120e-19 1.608180e-01 3.408931e-02 -1.472197e-19 2.853323e-01 1.257887e-01 -7.581538e-19 6.724819e-02 3.311989e-02 6.497616e-19 5.430489e-01 4.076271e-01 -1.081499e-19 1.608180e-01 3.408931e-02 -1.472197e-19 3.006007e-01 3.389065e-01 -5.512281e-19 8.163019e-02 3.463125e-02 5.902979e-19 3.330386e-01 3.869181e-01 -2.266602e-19 1.608180e-01 3.408931e-02 -1.472197e-19 7.644404e-02 3.283104e-01 -8.038547e-19 9.577656e-02 2.451833e-02 7.244143e-19 3.375813e-01 5.487733e-01 6.106446e-20 1.608180e-01 3.408931e-02 -1.472197e-19 6.157728e-02 4.900010e-01 -5.959481e-19 1.151860e-01 2.468305e-02 8.042323e-19 9.355484e-01 7.866803e-01 5.525439e-19 1.608180e-01 3.408931e-02 -1.472197e-19 6.278375e-01 7.457504e-01 -3.231567e-19 1.468929e-01 6.840619e-03 1.022920e-18 1.483095e+00 1.032755e+00 -3.725558e-19 1.608180e-01 3.408931e-02 -1.472197e-19 1.145842e+00 1.014839e+00 -1.221983e-19 1.764344e-01 -1.617310e-02 -1.031378e-19 1.746662e+00 1.190835e+00 -3.834444e-19 1.608180e-01 3.408931e-02 -1.472197e-19 1.380576e+00 1.169774e+00 -5.559194e-20 2.052680e-01 -1.302867e-02 -1.806327e-19 1.921644e+00 1.387222e+00 -6.646178e-19 1.608180e-01 3.408931e-02 -1.472197e-19 1.508967e+00 1.345383e+00 -3.398694e-19 2.518589e-01 7.748930e-03 -1.775287e-19 2.111184e+00 1.683063e+00 -8.657944e-19 1.608180e-01 3.408931e-02 -1.472197e-19 1.627021e+00 1.608563e+00 -6.067256e-19 3.233457e-01 4.041085e-02 -1.118490e-19 2.304038e+00 1.884949e+00 -7.108207e-19 1.608180e-01 3.408931e-02 -1.472197e-19 1.731180e+00 1.758074e+00 -3.816870e-19 4.120399e-01 9.278572e-02 -1.819140e-19 2.455351e+00 2.129153e+00 -7.122642e-19 1.608180e-01 3.408931e-02 -1.472197e-19 1.756688e+00 1.982375e+00 -3.816870e-19 5.378458e-01 1.126884e-01 -1.833574e-19 2.547879e+00 2.343691e+00 -7.107876e-19 1.608180e-01 3.408931e-02 -1.472197e-19 1.756688e+00 2.196914e+00 -3.816870e-19 6.303738e-01 1.126884e-01 -1.818809e-19 2.636727e+00 2.533383e+00 -7.107864e-19 1.608180e-01 3.408931e-02 -1.472197e-19 1.756688e+00 2.386605e+00 -3.816870e-19 7.192215e-01 1.126884e-01 -1.818797e-19 2.726326e+00 2.700230e+00 -7.107864e-19 1.608180e-01 3.408931e-02 -1.472197e-19 1.756688e+00 2.553452e+00 -3.816870e-19 8.088202e-01 1.126884e-01 -1.818797e-19 2.822497e+00 2.842028e+00 -7.107871e-19 1.608180e-01 3.408931e-02 -1.472197e-19 1.756688e+00 2.695251e+00 -3.816870e-19 9.049911e-01 1.126884e-01 -1.818803e-19 2.968314e+00 3.012958e+00 -4.816284e-19 1.608180e-01 3.408931e-02 -1.472197e-19 1.808910e+00 2.898280e+00 -3.156114e-20 9.985865e-01 8.058843e-02 -3.028476e-19 3.044380e+00 3.122040e+00 -2.211454e-19 1.608180e-01 3.408931e-02 -1.472197e-19 1.844371e+00 3.020591e+00 2.833472e-19 1.039192e+00 6.736023e-02 -3.572729e-19 3.103179e+00 3.203138e+00 -4.134264e-20 1.608180e-01 3.408931e-02 -1.472197e-19 1.871273e+00 3.109057e+00 5.356701e-19 1.071088e+00 5.999218e-02 -4.297930e-19 3.142969e+00 3.255224e+00 8.414284e-20 1.608180e-01 3.408931e-02 -1.472197e-19 1.885469e+00 3.164039e+00 6.895897e-19 1.096681e+00 5.709536e-02 -4.582271e-19 3.162835e+00 3.282641e+00 1.134436e-19 1.608180e-01 3.408931e-02 -1.472197e-19 1.896805e+00 3.174402e+00 7.210526e-19 1.105212e+00 7.415022e-02 -4.603892e-19
108            5.135191e-01 1.932794e-01 -2.557858e-19 1.605254e-01 3.410433e-02 -1.473156e-19 2.855690e-01 1.259813e-01 -7.590488e-19 6.742468e-02 3.319383e-02 6.505786e-19 5.432342e-01 4.080316e-01 -1.081336e-19 1.605254e-01 3.410433e-02 -1.473156e-19 3.008521e-01 3.392232e-01 -5.519244e-19 8.185671e-02 3.470403e-02 5.911064e-19 3.331488e-01 3.872689e-01 -2.265797e-19 1.605254e-01 3.410433e-02 -1.473156e-19 7.660893e-02 3.285934e-01 -8.045138e-19 9.601452e-02 2.457123e-02 7.252496e-19 3.376665e-01 5.490814e-01 6.153526e-20 1.605254e-01 3.410433e-02 -1.473156e-19 6.175235e-02 4.902466e-01 -5.963286e-19 1.153888e-01 2.473041e-02 8.051794e-19 9.358881e-01 7.869134e-01 5.534639e-19 1.605254e-01 3.410433e-02 -1.473156e-19 6.283031e-01 7.459426e-01 -3.231419e-19 1.470596e-01 6.866430e-03 1.023921e-18 1.483686e+00 1.032997e+00 -3.721073e-19 1.605254e-01 3.410433e-02 -1.473156e-19 1.146581e+00 1.015036e+00 -1.218889e-19 1.765804e-01 -1.614352e-02 -1.029029e-19 1.747426e+00 1.191045e+00 -3.829886e-19 1.605254e-01 3.410433e-02 -1.473156e-19 1.381508e+00 1.169939e+00 -5.520282e-20 2.053935e-01 -1.299810e-02 -1.804702e-19 1.922534e+00 1.387459e+00 -6.644903e-19 1.605254e-01 3.410433e-02 -1.473156e-19 1.510041e+00 1.345576e+00 -3.398043e-19 2.519677e-01 7.778963e-03 -1.773704e-19 2.112192e+00 1.683415e+00 -8.658950e-19 1.605254e-01 3.410433e-02 -1.473156e-19 1.628225e+00 1.608872e+00 -6.069519e-19 3.234411e-01 4.043861e-02 -1.116275e-19 2.305131e+00 1.885338e+00 -7.107286e-19 1.605254e-01 3.410433e-02 -1.473156e-19 1.732500e+00 1.758445e+00 -3.816641e-19 4.121059e-01 9.278870e-02 -1.817490e-19 2.456360e+00 2.129520e+00 -7.122165e-19 1.605254e-01 3.410433e-02 -1.473156e-19 1.758020e+00 1.982740e+00 -3.816641e-19 5.378152e-01 1.126752e-01 -1.832369e-19 2.548816e+00 2.344004e+00 -7.106956e-19 1.605254e-01 3.410433e-02 -1.473156e-19 1.758020e+00 2.197225e+00 -3.816641e-19 6.302705e-01 1.126752e-01 -1.817159e-19 2.637615e+00 2.533633e+00 -7.106944e-19 1.605254e-01 3.410433e-02 -1.473156e-19 1.758020e+00 2.386854e+00 -3.816641e-19 7.190694e-01 1.126752e-01 -1.817147e-19 2.727195e+00 2.700426e+00 -7.106944e-19 1.605254e-01 3.410433e-02 -1.473156e-19 1.758020e+00 2.553646e+00 -3.816641e-19 8.086502e-01 1.126752e-01 -1.817147e-19 2.823390e+00 2.842185e+00 -7.106950e-19 1.605254e-01 3.410433e-02 -1.473156e-19 1.758020e+00 2.695406e+00 -3.816641e-19 9.048447e-01 1.126752e-01 -1.817153e-19 2.969259e+00 3.013138e+00 -4.817249e-19 1.605254e-01 3.410433e-02 -1.473156e-19 1.810219e+00 2.898502e+00 -3.174466e-20 9.985147e-01 8.053202e-02 -3.026647e-19 3.045339e+00 3.122225e+00 -2.214855e-19 1.605254e-01 3.410433e-02 -1.473156e-19 1.845648e+00 3.020853e+00 2.828845e-19 1.039165e+00 6.726788e-02 -3.570544e-19 3.104138e+00 3.203325e+00 -4.191657e-20 1.605254e-01 3.410433e-02 -1.473156e-19 1.872517e+00 3.109349e+00 5.349012e-19 1.071096e+00 5.987227e-02 -4.295021e-19 3.143923e+00 3.255436e+00 8.337166e-20 1.605254e-01 3.410433e-02 -1.473156e-19 1.886693e+00 3.164367e+00 6.885968e-19 1.096705e+00 5.696527e-02 -4.579096e-19 3.163617e+00 3.282926e+00 1.128353e-19 1.605254e-01 3.410433e-02 -1.473156e-19 1.897855e+00 3.174746e+00 7.201657e-19 1.105237e+00 7.407516e-02 -4.600149e-19
109            5.135564e-01 1.935636e-01 -2.558995e-19 1.602327e-01 3.412072e-02 -1.473876e-19 2.857185e-01 1.261742e-01 -7.597843e-19 6.760523e-02 3.326866e-02 6.512725e-19 5.433337e-01 4.084220e-01 -1.081555e-19 1.602327e-01 3.412072e-02 -1.473876e-19 3.010098e-01 3.395235e-01 -5.525475e-19 8.209112e-02 3.477786e-02 5.917796e-19 3.332046e-01 3.876346e-01 -2.265613e-19 1.602327e-01 3.412072e-02 -1.473876e-19 7.670814e-02 3.288889e-01 -8.051165e-19 9.626370e-02 2.462497e-02 7.259428e-19 3.376963e-01 5.494156e-01 6.182770e-20 1.602327e-01 3.412072e-02 -1.473876e-19 6.185937e-02 4.905162e-01 -5.967372e-19 1.156042e-01 2.477868e-02 8.059525e-19 9.360846e-01 7.871809e-01 5.540817e-19 1.602327e-01 3.412072e-02 -1.473876e-19 6.286121e-01 7.461678e-01 -3.232658e-19 1.472397e-01 6.892453e-03 1.024735e-18 1.484049e+00 1.033262e+00 -3.718156e-19 1.602327e-01 3.412072e-02 -1.473876e-19 1.147076e+00 1.015256e+00 -1.217984e-19 1.767399e-01 -1.611468e-02 -1.026296e-19 1.747902e+00 1.191288e+00 -3.826959e-19 1.602327e-01 3.412072e-02 -1.473876e-19 1.382137e+00 1.170136e+00 -5.505774e-20 2.055320e-01 -1.296904e-02 -1.802506e-19 1.923088e+00 1.387731e+00 -6.644225e-19 1.602327e-01 3.412072e-02 -1.473876e-19 1.510766e+00 1.345803e+00 -3.398799e-19 2.520891e-01 7.806628e-03 -1.771550e-19 2.112817e+00 1.683785e+00 -8.659789e-19 1.602327e-01 3.412072e-02 -1.473876e-19 1.629035e+00 1.609200e+00 -6.072183e-19 3.235494e-01 4.046384e-02 -1.113729e-19 2.305801e+00 1.885750e+00 -7.106898e-19 1.602327e-01 3.412072e-02 -1.473876e-19 1.733382e+00 1.758839e+00 -3.817762e-19 4.121866e-01 9.279013e-02 -1.815259e-19 2.456940e+00 2.129915e+00 -7.122121e-19 1.602327e-01 3.412072e-02 -1.473876e-19 1.758905e+00 1.983134e+00 -3.817762e-19 5.378019e-01 1.126609e-01 -1.830482e-19 2.549324e+00 2.344352e+00 -7.106568e-19 1.602327e-01 3.412072e-02 -1.473876e-19 1.758905e+00 2.197570e+00 -3.817762e-19 6.301859e-01 1.126609e-01 -1.814930e-19 2.638074e+00 2.533920e+00 -7.106555e-19 1.602327e-01 3.412072e-02 -1.473876e-19 1.758905e+00 2.387138e+00 -3.817762e-19 7.189366e-01 1.126609e-01 -1.814917e-19 2.727637e+00 2.700658e+00 -7.106555e-19 1.602327e-01 3.412072e-02 -1.473876e-19 1.758905e+00 2.553876e+00 -3.817762e-19 8.084995e-01 1.126609e-01 -1.814917e-19 2.823855e+00 2.842374e+00 -7.106561e-19 1.602327e-01 3.412072e-02 -1.473876e-19 1.758905e+00 2.695593e+00 -3.817762e-19 9.047174e-01 1.126609e-01 -1.814923e-19 2.969789e+00 3.013333e+00 -4.817946e-19 1.602327e-01 3.412072e-02 -1.473876e-19 1.811094e+00 2.898737e+00 -3.195626e-20 9.984623e-01 8.047468e-02 -3.024507e-19 3.045898e+00 3.122417e+00 -2.216890e-19 1.602327e-01 3.412072e-02 -1.473876e-19 1.846506e+00 3.021122e+00 2.825235e-19 1.039160e+00 6.717420e-02 -3.568249e-19 3.104717e+00 3.203517e+00 -4.224329e-20 1.602327e-01 3.412072e-02 -1.473876e-19 1.873359e+00 3.109647e+00 5.343860e-19 1.071126e+00 5.975009e-02 -4.292417e-19 3.144511e+00 3.255651e+00 8.296412e-20 1.602327e-01 3.412072e-02 -1.473876e-19 1.887527e+00 3.164698e+00 6.879999e-19 1.096752e+00 5.683187e-02 -4.576481e-19 3.164098e+00 3.283210e+00 1.125479e-19 1.602327e-01 3.412072e-02 -1.473876e-19 1.898579e+00 3.175095e+00 7.196540e-19 1.105286e+00 7.399481e-02 -4.597185e-19
110            5.135541e-01 1.938526e-01 -2.559868e-19 1.599401e-01 3.413842e-02 -1.474488e-19 2.858249e-01 1.263699e-01 -7.604451e-19 6.778919e-02 3.334428e-02 6.519071e-19 5.433937e-01 4.088116e-01 -1.082000e-19 1.599401e-01 3.413842e-02 -1.474488e-19 3.011215e-01 3.398206e-01 -5.531377e-19 8.233220e-02 3.485262e-02 5.923866e-19 3.332359e-01 3.880138e-01 -2.265780e-19 1.599401e-01 3.413842e-02 -1.474488e-19 7.677340e-02 3.291960e-01 -8.056966e-19 9.652246e-02 2.467943e-02 7.265674e-19 3.377017e-01 5.497690e-01 6.203250e-20 1.599401e-01 3.413842e-02 -1.474488e-19 6.193125e-02 4.908028e-01 -5.971615e-19 1.158304e-01 2.482772e-02 8.066428e-19 9.362183e-01 7.874705e-01 5.545595e-19 1.599401e-01 3.413842e-02 -1.474488e-19 6.288471e-01 7.464135e-01 -3.234529e-19 1.474311e-01 6.918612e-03 1.025461e-18 1.484311e+00 1.033542e+00 -3.715987e-19 1.599401e-01 3.413842e-02 -1.474488e-19 1.147461e+00 1.015490e+00 -1.218041e-19 1.769105e-01 -1.608644e-02 -1.023458e-19 1.748251e+00 1.191547e+00 -3.824796e-19 1.599401e-01 3.413842e-02 -1.474488e-19 1.382630e+00 1.170350e+00 -5.501765e-20 2.056809e-01 -1.294136e-02 -1.800132e-19 1.923498e+00 1.388015e+00 -6.643918e-19 1.599401e-01 3.413842e-02 -1.474488e-19 1.511338e+00 1.346045e+00 -3.400212e-19 2.522198e-01 7.831864e-03 -1.769218e-19 2.113282e+00 1.684160e+00 -8.660727e-19 1.599401e-01 3.413842e-02 -1.474488e-19 1.629676e+00 1.609535e+00 -6.075148e-19 3.236667e-01 4.048618e-02 -1.111091e-19 2.306297e+00 1.886165e+00 -7.106815e-19 1.599401e-01 3.413842e-02 -1.474488e-19 1.734080e+00 1.759237e+00 -3.819468e-19 4.122769e-01 9.278916e-02 -1.812858e-19 2.457346e+00 2.130309e+00 -7.122370e-19 1.599401e-01 3.413842e-02 -1.474488e-19 1.759606e+00 1.983526e+00 -3.819468e-19 5.377996e-01 1.126445e-01 -1.828413e-19 2.549659e+00 2.344686e+00 -7.106486e-19 1.599401e-01 3.413842e-02 -1.474488e-19 1.759606e+00 2.197903e+00 -3.819468e-19 6.301125e-01 1.126445e-01 -1.812530e-19 2.638361e+00 2.534177e+00 -7.106473e-19 1.599401e-01 3.413842e-02 -1.474488e-19 1.759606e+00 2.387394e+00 -3.819468e-19 7.188147e-01 1.126445e-01 -1.812516e-19 2.727905e+00 2.700841e+00 -7.106473e-19 1.599401e-01 3.413842e-02 -1.474488e-19 1.759606e+00 2.554058e+00 -3.819468e-19 8.083590e-01 1.126445e-01 -1.812516e-19 2.824145e+00 2.842496e+00 -7.106479e-19 1.599401e-01 3.413842e-02 -1.474488e-19 1.759606e+00 2.695713e+00 -3.819468e-19 9.045993e-01 1.126445e-01 -1.812522e-19 2.970137e+00 3.013440e+00 -4.819371e-19 1.599401e-01 3.413842e-02 -1.474488e-19 1.811778e+00 2.898886e+00 -3.228602e-20 9.984188e-01 8.041543e-02 -3.022022e-19 3.046269e+00 3.122507e+00 -2.220199e-19 1.599401e-01 3.413842e-02 -1.474488e-19 1.847165e+00 3.021291e+00 2.819790e-19 1.039163e+00 6.707817e-02 -3.565501e-19 3.105102e+00 3.203596e+00 -4.274175e-20 1.599401e-01 3.413842e-02 -1.474488e-19 1.873995e+00 3.109833e+00 5.336272e-19 1.071167e+00 5.962457e-02 -4.289202e-19 3.144902e+00 3.255744e+00 8.234733e-20 1.599401e-01 3.413842e-02 -1.474488e-19 1.888151e+00 3.164912e+00 6.871121e-19 1.096811e+00 5.669412e-02 -4.573160e-19 3.164372e+00 3.283370e+00 1.120498e-19 1.599401e-01 3.413842e-02 -1.474488e-19 1.899084e+00 3.175323e+00 7.188473e-19 1.105348e+00 7.390781e-02 -4.593487e-19
111            5.135427e-01 1.941468e-01 -2.560700e-19 1.596474e-01 3.415742e-02 -1.475081e-19 2.859198e-01 1.265688e-01 -7.610888e-19 6.797555e-02 3.342057e-02 6.525270e-19 5.434465e-01 4.092071e-01 -1.082529e-19 1.596474e-01 3.415742e-02 -1.475081e-19 3.012209e-01 3.401215e-01 -5.537207e-19 8.257823e-02 3.492816e-02 5.929759e-19 3.332635e-01 3.884017e-01 -2.266077e-19 1.596474e-01 3.415742e-02 -1.475081e-19 7.682750e-02 3.295099e-01 -8.062742e-19 9.678863e-02 2.473445e-02 7.271746e-19 3.377040e-01 5.501329e-01 6.221661e-20 1.596474e-01 3.415742e-02 -1.475081e-19 6.199159e-02 4.910981e-01 -5.975894e-19 1.160650e-01 2.487735e-02 8.073141e-19 9.363452e-01 7.877704e-01 5.550131e-19 1.596474e-01 3.415742e-02 -1.475081e-19 6.290667e-01 7.466682e-01 -3.236485e-19 1.476311e-01 6.944758e-03 1.026170e-18 1.484563e+00 1.033829e+00 -3.713981e-19 1.596474e-01 3.415742e-02 -1.475081e-19 1.147826e+00 1.015730e+00 -1.218188e-19 1.770895e-01 -1.605881e-02 -1.020712e-19 1.748589e+00 1.191811e+00 -3.822784e-19 1.596474e-01 3.415742e-02 -1.475081e-19 1.383105e+00 1.170569e+00 -5.498462e-20 2.058372e-01 -1.291509e-02 -1.797856e-19 1.923897e+00 1.388302e+00 -6.643796e-19 1.596474e-01 3.415742e-02 -1.475081e-19 1.511893e+00 1.346290e+00 -3.401732e-19 2.523563e-01 7.854444e-03 -1.766983e-19 2.113741e+00 1.684534e+00 -8.661918e-19 1.596474e-01 3.415742e-02 -1.475081e-19 1.630305e+00 1.609871e+00 -6.078308e-19 3.237887e-01 4.050508e-02 -1.108529e-19 2.306795e+00 1.886574e+00 -7.106852e-19 1.596474e-01 3.415742e-02 -1.475081e-19 1.734776e+00 1.759632e+00 -3.821196e-19 4.123720e-01 9.278478e-02 -1.810575e-19 2.457756e+00 2.130686e+00 -7.122783e-19 1.596474e-01 3.415742e-02 -1.475081e-19 1.760306e+00 1.983904e+00 -3.821196e-19 5.378025e-01 1.126249e-01 -1.826506e-19 2.549997e+00 2.344984e+00 -7.106524e-19 1.596474e-01 3.415742e-02 -1.475081e-19 1.760306e+00 2.198202e+00 -3.821196e-19 6.300439e-01 1.126249e-01 -1.810246e-19 2.638650e+00 2.534376e+00 -7.106510e-19 1.596474e-01 3.415742e-02 -1.475081e-19 1.760306e+00 2.387594e+00 -3.821196e-19 7.186968e-01 1.126249e-01 -1.810232e-19 2.728175e+00 2.700942e+00 -7.106510e-19 1.596474e-01 3.415742e-02 -1.475081e-19 1.760306e+00 2.554160e+00 -3.821196e-19 8.082215e-01 1.126249e-01 -1.810232e-19 2.824436e+00 2.842512e+00 -7.106516e-19 1.596474e-01 3.415742e-02 -1.475081e-19 1.760306e+00 2.695730e+00 -3.821196e-19 9.044831e-01 1.126249e-01 -1.810238e-19 2.970464e+00 3.013426e+00 -4.822122e-19 1.596474e-01 3.415742e-02 -1.475081e-19 1.812440e+00 2.898915e+00 -3.278412e-20 9.983768e-01 8.035303e-02 -3.019200e-19 3.046595e+00 3.122460e+00 -2.226573e-19 1.596474e-01 3.415742e-02 -1.475081e-19 1.847779e+00 3.021324e+00 2.810597e-19 1.039169e+00 6.697836e-02 -3.562089e-19 3.105418e+00 3.203518e+00 -4.371841e-20 1.596474e-01 3.415742e-02 -1.475081e-19 1.874559e+00 3.109867e+00 5.322585e-19 1.071212e+00 5.949410e-02 -4.284688e-19 3.145207e+00 3.255671e+00 8.107845e-20 1.596474e-01 3.415742e-02 -1.475081e-19 1.888684e+00 3.164964e+00 6.853999e-19 1.096876e+00 5.655024e-02 -4.568134e-19 3.164480e+00 3.283356e+00 1.109402e-19 1.596474e-01 3.415742e-02 -1.475081e-19 1.899417e+00 3.175387e+00 7.172301e-19 1.105416e+00 7.381175e-02 -4.587818e-19
112            5.135323e-01 1.944437e-01 -2.561540e-19 1.593547e-01 3.417763e-02 -1.475681e-19 2.860142e-01 1.267687e-01 -7.617308e-19 6.816341e-02 3.349736e-02 6.531449e-19 5.435023e-01 4.096052e-01 -1.083040e-19 1.593547e-01 3.417763e-02 -1.475681e-19 3.013200e-01 3.404233e-01 -5.542991e-19 8.282774e-02 3.500429e-02 5.935632e-19 3.332942e-01 3.887892e-01 -2.266357e-19 1.593547e-01 3.417763e-02 -1.475681e-19 7.687925e-02 3.298217e-01 -8.068481e-19 9.706034e-02 2.478985e-02 7.277805e-19 3.377102e-01 5.504961e-01 6.240845e-20 1.593547e-01 3.417763e-02 -1.475681e-19 6.204951e-02 4.913911e-01 -5.980095e-19 1.163061e-01 2.492740e-02 8.079860e-19 9.364824e-01 7.880688e-01 5.554833e-19 1.593547e-01 3.417763e-02 -1.475681e-19 6.292900e-01 7.469204e-01 -3.238293e-19 1.478378e-01 6.970786e-03 1.026881e-18 1.484831e+00 1.034114e+00 -3.711904e-19 1.593547e-01 3.417763e-02 -1.475681e-19 1.148202e+00 1.015969e+00 -1.218119e-19 1.772747e-01 -1.603178e-02 -1.018104e-19 1.748948e+00 1.192073e+00 -3.820688e-19 1.593547e-01 3.417763e-02 -1.475681e-19 1.383595e+00 1.170786e+00 -5.492632e-20 2.059985e-01 -1.289021e-02 -1.795744e-19 1.924321e+00 1.388585e+00 -6.643707e-19 1.593547e-01 3.417763e-02 -1.475681e-19 1.512471e+00 1.346533e+00 -3.403116e-19 2.524959e-01 7.874226e-03 -1.764910e-19 2.114231e+00 1.684907e+00 -8.663262e-19 1.593547e-01 3.417763e-02 -1.475681e-19 1.630964e+00 1.610209e+00 -6.081491e-19 3.239123e-01 4.052018e-02 -1.106090e-19 2.307334e+00 1.886982e+00 -7.106878e-19 1.593547e-01 3.417763e-02 -1.475681e-19 1.735512e+00 1.760028e+00 -3.822730e-19 4.124680e-01 9.277630e-02 -1.808467e-19 2.458209e+00 2.131058e+00 -7.123226e-19 1.593547e-01 3.417763e-02 -1.475681e-19 1.761048e+00 1.984279e+00 -3.822730e-19 5.378061e-01 1.126013e-01 -1.824815e-19 2.550378e+00 2.345271e+00 -7.106551e-19 1.593547e-01 3.417763e-02 -1.475681e-19 1.761048e+00 2.198492e+00 -3.822730e-19 6.299753e-01 1.126013e-01 -1.808139e-19 2.638981e+00 2.534557e+00 -7.106536e-19 1.593547e-01 3.417763e-02 -1.475681e-19 1.761048e+00 2.387778e+00 -3.822730e-19 7.185779e-01 1.126013e-01 -1.808125e-19 2.728485e+00 2.701018e+00 -7.106536e-19 1.593547e-01 3.417763e-02 -1.475681e-19 1.761048e+00 2.554239e+00 -3.822730e-19 8.080821e-01 1.126013e-01 -1.808125e-19 2.824767e+00 2.842495e+00 -7.106542e-19 1.593547e-01 3.417763e-02 -1.475681e-19 1.761048e+00 2.695716e+00 -3.822730e-19 9.043636e-01 1.126013e-01 -1.808131e-19 2.970811e+00 3.013378e+00 -4.826001e-19 1.593547e-01 3.417763e-02 -1.475681e-19 1.813125e+00 2.898914e+00 -3.342070e-20 9.983311e-01 8.028669e-02 -3.016113e-19 3.046917e+00 3.122372e+00 -2.235884e-19 1.593547e-01 3.417763e-02 -1.475681e-19 1.848390e+00 3.021321e+00 2.797854e-19 1.039172e+00 6.687397e-02 -3.558058e-19 3.105701e+00 3.203387e+00 -4.518889e-20 1.593547e-01 3.417763e-02 -1.475681e-19 1.875092e+00 3.109852e+00 5.302597e-19 1.071255e+00 5.935785e-02 -4.278805e-19 3.145454e+00 3.255538e+00 7.909207e-20 1.593547e-01 3.417763e-02 -1.475681e-19 1.889160e+00 3.164961e+00 6.827817e-19 1.096940e+00 5.639936e-02 -4.561215e-19 3.164400e+00 3.283276e+00 1.091901e-19 1.593547e-01 3.417763e-02 -1.475681e-19 1.899560e+00 3.175393e+00 7.147438e-19 1.105485e+00 7.370519e-02 -4.579856e-19
113            5.135190e-01 1.947406e-01 -2.562339e-19 1.590619e-01 3.419885e-02 -1.476273e-19 2.861048e-01 1.269673e-01 -7.623617e-19 6.835232e-02 3.357444e-02 6.537551e-19 5.435571e-01 4.100007e-01 -1.083516e-19 1.590619e-01 3.419885e-02 -1.476273e-19 3.014151e-01 3.407211e-01 -5.548676e-19 8.308007e-02 3.508081e-02 5.941433e-19 3.333262e-01 3.891723e-01 -2.266611e-19 1.590619e-01 3.419885e-02 -1.476273e-19 7.692751e-02 3.301280e-01 -8.074131e-19 9.733674e-02 2.484548e-02 7.283793e-19 3.377183e-01 5.508561e-01 6.259838e-20 1.590619e-01 3.419885e-02 -1.476273e-19 6.210365e-02 4.916795e-01 -5.984237e-19 1.165528e-01 2.497774e-02 8.086494e-19 9.366203e-01 7.883663e-01 5.559466e-19 1.590619e-01 3.419885e-02 -1.476273e-19 6.295081e-01 7.471708e-01 -3.240096e-19 1.480503e-01 6.996669e-03 1.027584e-18 1.485098e+00 1.034401e+00 -3.709874e-19 1.590619e-01 3.419885e-02 -1.476273e-19 1.148571e+00 1.016207e+00 -1.218089e-19 1.774654e-01 -1.600525e-02 -1.015512e-19 1.749302e+00 1.192341e+00 -3.818654e-19 1.590619e-01 3.419885e-02 -1.476273e-19 1.384076e+00 1.171008e+00 -5.487314e-20 2.061643e-01 -1.286657e-02 -1.793649e-19 1.924736e+00 1.388878e+00 -6.643610e-19 1.590619e-01 3.419885e-02 -1.476273e-19 1.513036e+00 1.346788e+00 -3.404483e-19 2.526380e-01 7.891370e-03 -1.762854e-19 2.114707e+00 1.685297e+00 -8.664550e-19 1.590619e-01 3.419885e-02 -1.476273e-19 1.631608e+00 1.610566e+00 -6.084595e-19 3.240367e-01 4.053160e-02 -1.103682e-19 2.307854e+00 1.887417e+00 -7.106917e-19 1.590619e-01 3.419885e-02 -1.476273e-19 1.736228e+00 1.760454e+00 -3.824278e-19 4.125641e-01 9.276383e-02 -1.806366e-19 2.458641e+00 2.131470e+00 -7.123667e-19 1.590619e-01 3.419885e-02 -1.476273e-19 1.761770e+00 1.984697e+00 -3.824278e-19 5.378092e-01 1.125737e-01 -1.823116e-19 2.550738e+00 2.345616e+00 -7.106590e-19 1.590619e-01 3.419885e-02 -1.476273e-19 1.761770e+00 2.198843e+00 -3.824278e-19 6.299055e-01 1.125737e-01 -1.806039e-19 2.639289e+00 2.534816e+00 -7.106575e-19 1.590619e-01 3.419885e-02 -1.476273e-19 1.761770e+00 2.388043e+00 -3.824278e-19 7.184570e-01 1.125737e-01 -1.806023e-19 2.728771e+00 2.701193e+00 -7.106575e-19 1.590619e-01 3.419885e-02 -1.476273e-19 1.761770e+00 2.554420e+00 -3.824278e-19 8.079391e-01 1.125737e-01 -1.806023e-19 2.825071e+00 2.842597e+00 -7.106580e-19 1.590619e-01 3.419885e-02 -1.476273e-19 1.761770e+00 2.695825e+00 -3.824278e-19 9.042390e-01 1.125737e-01 -1.806029e-19 2.971127e+00 3.013471e+00 -4.830075e-19 1.590619e-01 3.419885e-02 -1.476273e-19 1.813787e+00 2.899056e+00 -3.408728e-20 9.982789e-01 8.021682e-02 -3.012929e-19 3.047202e+00 3.122435e+00 -2.245910e-19 1.590619e-01 3.419885e-02 -1.476273e-19 1.848971e+00 3.021471e+00 2.784169e-19 1.039169e+00 6.676569e-02 -3.553806e-19 3.105934e+00 3.203410e+00 -4.681453e-20 1.590619e-01 3.419885e-02 -1.476273e-19 1.875580e+00 3.109995e+00 5.280495e-19 1.071292e+00 5.921678e-02 -4.272367e-19 3.145639e+00 3.255563e+00 7.682689e-20 1.590619e-01 3.419885e-02 -1.476273e-19 1.889577e+00 3.165121e+00 6.797984e-19 1.097000e+00 5.624264e-02 -4.553442e-19 3.164156e+00 3.283351e+00 1.072333e-19 1.590619e-01 3.419885e-02 -1.476273e-19 1.899543e+00 3.175562e+00 7.119356e-19 1.105551e+00 7.358942e-02 -4.570750e-19
114            5.134930e-01 1.950366e-01 -2.563019e-19 1.587691e-01 3.422088e-02 -1.476826e-19 2.861815e-01 1.271640e-01 -7.629641e-19 6.854232e-02 3.365165e-02 6.543448e-19 5.436002e-01 4.103904e-01 -1.084019e-19 1.587691e-01 3.422088e-02 -1.476826e-19 3.014955e-01 3.410120e-01 -5.554215e-19 8.333557e-02 3.515753e-02 5.947021e-19 3.333534e-01 3.895540e-01 -2.266937e-19 1.587691e-01 3.422088e-02 -1.476826e-19 7.696597e-02 3.304319e-01 -8.079674e-19 9.761831e-02 2.490123e-02 7.289562e-19 3.377222e-01 5.512189e-01 6.275465e-20 1.587691e-01 3.422088e-02 -1.476826e-19 6.214723e-02 4.919697e-01 -5.988462e-19 1.168058e-01 2.502827e-02 8.092834e-19 9.367376e-01 7.886727e-01 5.563471e-19 1.587691e-01 3.422088e-02 -1.476826e-19 6.296987e-01 7.474294e-01 -3.242258e-19 1.482698e-01 7.022413e-03 1.028255e-18 1.485328e+00 1.034698e+00 -3.708193e-19 1.587691e-01 3.422088e-02 -1.476826e-19 1.148896e+00 1.016456e+00 -1.218630e-19 1.776628e-01 -1.597919e-02 -1.012737e-19 1.749603e+00 1.192625e+00 -3.817004e-19 1.587691e-01 3.422088e-02 -1.476826e-19 1.384498e+00 1.171248e+00 -5.488475e-20 2.063358e-01 -1.284398e-02 -1.791330e-19 1.925080e+00 1.389194e+00 -6.643586e-19 1.587691e-01 3.422088e-02 -1.476826e-19 1.513527e+00 1.347067e+00 -3.406188e-19 2.527841e-01 7.906234e-03 -1.760572e-19 2.115094e+00 1.685715e+00 -8.665647e-19 1.587691e-01 3.422088e-02 -1.476826e-19 1.632161e+00 1.610954e+00 -6.087696e-19 3.241636e-01 4.053990e-02 -1.101125e-19 2.308264e+00 1.887895e+00 -7.107096e-19 1.587691e-01 3.422088e-02 -1.476826e-19 1.736833e+00 1.760925e+00 -3.826265e-19 4.126623e-01 9.274826e-02 -1.804006e-19 2.458960e+00 2.131950e+00 -7.124176e-19 1.587691e-01 3.422088e-02 -1.476826e-19 1.762376e+00 1.985186e+00 -3.826265e-19 5.378146e-01 1.125431e-01 -1.821085e-19 2.550983e+00 2.346060e+00 -7.106770e-19 1.587691e-01 3.422088e-02 -1.476826e-19 1.762376e+00 2.199296e+00 -3.826265e-19 6.298377e-01 1.125431e-01 -1.803679e-19 2.639482e+00 2.535210e+00 -7.106754e-19 1.587691e-01 3.422088e-02 -1.476826e-19 1.762376e+00 2.388445e+00 -3.826265e-19 7.183369e-01 1.125431e-01 -1.803663e-19 2.728941e+00 2.701539e+00 -7.106754e-19 1.587691e-01 3.422088e-02 -1.476826e-19 1.762376e+00 2.554775e+00 -3.826265e-19 8.077955e-01 1.125431e-01 -1.803663e-19 2.825257e+00 2.842905e+00 -7.106760e-19 1.587691e-01 3.422088e-02 -1.476826e-19 1.762376e+00 2.696141e+00 -3.826265e-19 9.041115e-01 1.125431e-01 -1.803669e-19 2.971340e+00 3.013796e+00 -4.833314e-19 1.587691e-01 3.422088e-02 -1.476826e-19 1.814349e+00 2.899431e+00 -3.466683e-20 9.982219e-01 8.014475e-02 -3.009820e-19 3.047399e+00 3.122750e+00 -2.253855e-19 1.587691e-01 3.422088e-02 -1.476826e-19 1.849469e+00 3.021874e+00 2.772817e-19 1.039161e+00 6.665523e-02 -3.549846e-19 3.106095e+00 3.203703e+00 -4.813148e-20 1.587691e-01 3.422088e-02 -1.476826e-19 1.876000e+00 3.110410e+00 5.262080e-19 1.071326e+00 5.907303e-02 -4.266569e-19 3.145759e+00 3.255867e+00 7.494150e-20 1.587691e-01 3.422088e-02 -1.476826e-19 1.889933e+00 3.165564e+00 6.772686e-19 1.097057e+00 5.608261e-02 -4.546445e-19 3.163856e+00 3.283707e+00 1.056666e-19 1.587691e-01 3.422088e-02 -1.476826e-19 1.899473e+00 3.176018e+00 7.095954e-19 1.105614e+00 7.346798e-02 -4.562462e-19
115            5.134280e-01 1.952526e-01 -2.562625e-19 1.584763e-01 3.424146e-02 -1.477232e-19 2.862184e-01 1.272821e-01 -7.633373e-19 6.873332e-02 3.372904e-02 6.547981e-19 5.436078e-01 4.106067e-01 -1.082956e-19 1.584763e-01 3.424146e-02 -1.477232e-19 3.015380e-01 3.411306e-01 -5.557178e-19 8.359347e-02 3.523466e-02 5.951454e-19 3.333767e-01 3.896811e-01 -2.265106e-19 1.584763e-01 3.424146e-02 -1.477232e-19 7.699758e-02 3.304827e-01 -8.081795e-19 9.790281e-02 2.495694e-02 7.293921e-19 3.377296e-01 5.512837e-01 6.316802e-20 1.584763e-01 3.424146e-02 -1.477232e-19 6.218975e-02 4.919632e-01 -5.988954e-19 1.170635e-01 2.507908e-02 8.097866e-19 9.368216e-01 7.886307e-01 5.569923e-19 1.584763e-01 3.424146e-02 -1.477232e-19 6.298497e-01 7.473416e-01 -3.240425e-19 1.484956e-01 7.047597e-03 1.028758e-18 1.485471e+00 1.034607e+00 -3.703136e-19 1.584763e-01 3.424146e-02 -1.477232e-19 1.149127e+00 1.016320e+00 -1.215248e-19 1.778676e-01 -1.595500e-02 -1.010656e-19 1.749765e+00 1.192521e+00 -3.812352e-19 1.584763e-01 3.424146e-02 -1.477232e-19 1.384774e+00 1.171103e+00 -5.455316e-20 2.065142e-01 -1.282323e-02 -1.789588e-19 1.925201e+00 1.389163e+00 -6.639215e-19 1.584763e-01 3.424146e-02 -1.477232e-19 1.513791e+00 1.347004e+00 -3.403061e-19 2.529337e-01 7.917558e-03 -1.758922e-19 2.115132e+00 1.685855e+00 -8.660697e-19 1.584763e-01 3.424146e-02 -1.477232e-19 1.632367e+00 1.611072e+00 -6.083653e-19 3.242883e-01 4.054174e-02 -1.099812e-19 2.308174e+00 1.888206e+00 -7.103409e-19 1.584763e-01 3.424146e-02 -1.477232e-19 1.736946e+00 1.761243e+00 -3.824214e-19 4.127509e-01 9.272145e-02 -1.801963e-19 2.458734e+00 2.132363e+00 -7.120533e-19 1.584763e-01 3.424146e-02 -1.477232e-19 1.762461e+00 1.985622e+00 -3.824214e-19 5.377961e-01 1.124996e-01 -1.819087e-19 2.550671e+00 2.346504e+00 -7.103083e-19 1.584763e-01 3.424146e-02 -1.477232e-19 1.762461e+00 2.199763e+00 -3.824214e-19 6.297338e-01 1.124996e-01 -1.801637e-19 2.639106e+00 2.535638e+00 -7.103067e-19 1.584763e-01 3.424146e-02 -1.477232e-19 1.762461e+00 2.388897e+00 -3.824214e-19 7.181680e-01 1.124996e-01 -1.801621e-19 2.728526e+00 2.701930e+00 -7.103067e-19 1.584763e-01 3.424146e-02 -1.477232e-19 1.762461e+00 2.555189e+00 -3.824214e-19 8.075883e-01 1.124996e-01 -1.801621e-19 2.824839e+00 2.843241e+00 -7.103073e-19 1.584763e-01 3.424146e-02 -1.477232e-19 1.762461e+00 2.696500e+00 -3.824214e-19 9.039020e-01 1.124996e-01 -1.801626e-19 2.970928e+00 3.014059e+00 -4.832598e-19 1.584763e-01 3.424146e-02 -1.477232e-19 1.814383e+00 2.899750e+00 -3.489942e-20 9.980680e-01 8.006698e-02 -3.006372e-19 3.046957e+00 3.122916e+00 -2.258223e-19 1.584763e-01 3.424146e-02 -1.477232e-19 1.849430e+00 3.022132e+00 2.764105e-19 1.039051e+00 6.654269e-02 -3.545096e-19 3.105609e+00 3.203757e+00 -4.910399e-20 1.584763e-01 3.424146e-02 -1.477232e-19 1.875878e+00 3.110587e+00 5.245776e-19 1.071254e+00 5.892890e-02 -4.259584e-19 3.145242e+00 3.255851e+00 7.350315e-20 1.584763e-01 3.424146e-02 -1.477232e-19 1.889758e+00 3.165688e+00 6.750587e-19 1.097007e+00 5.592227e-02 -4.538324e-19 3.163252e+00 3.283689e+00 1.041664e-19 1.584763e-01 3.424146e-02 -1.477232e-19 1.899204e+00 3.176108e+00 7.072866e-19 1.105572e+00 7.333941e-02 -4.553970e-19
116            5.133582e-01 1.955211e-01 -2.562817e-19 1.581835e-01 3.426110e-02 -1.477636e-19 2.862497e-01 1.274555e-01 -7.638078e-19 6.892511e-02 3.380459e-02 6.552897e-19 5.436079e-01 4.109433e-01 -1.083353e-19 1.581835e-01 3.426110e-02 -1.477636e-19 3.015700e-01 3.413723e-01 -5.561788e-19 8.385442e-02 3.530984e-02 5.956072e-19 3.333852e-01 3.900125e-01 -2.265371e-19 1.581835e-01 3.426110e-02 -1.477636e-19 7.700761e-02 3.307407e-01 -8.086394e-19 9.819416e-02 2.501069e-02 7.298658e-19 3.377162e-01 5.515965e-01 6.326283e-20 1.581835e-01 3.426110e-02 -1.477636e-19 6.220362e-02 4.922076e-01 -5.992718e-19 1.173291e-01 2.512775e-02 8.102982e-19 9.368586e-01 7.888801e-01 5.572515e-19 1.581835e-01 3.426110e-02 -1.477636e-19 6.299434e-01 7.475485e-01 -3.242787e-19 1.487317e-01 7.070444e-03 1.029294e-18 1.485551e+00 1.034820e+00 -3.701556e-19 1.581835e-01 3.426110e-02 -1.477636e-19 1.149281e+00 1.016492e+00 -1.216454e-19 1.780860e-01 -1.593383e-02 -1.007466e-19 1.749887e+00 1.192698e+00 -3.810678e-19 1.581835e-01 3.426110e-02 -1.477636e-19 1.384993e+00 1.171240e+00 -5.463478e-20 2.067105e-01 -1.280383e-02 -1.786694e-19 1.925359e+00 1.389332e+00 -6.638839e-19 1.581835e-01 3.426110e-02 -1.477636e-19 1.514069e+00 1.347140e+00 -3.405213e-19 2.531066e-01 7.930923e-03 -1.755990e-19 2.115324e+00 1.686064e+00 -8.661183e-19 1.581835e-01 3.426110e-02 -1.477636e-19 1.632698e+00 1.611254e+00 -6.086989e-19 3.244433e-01 4.054970e-02 -1.096558e-19 2.308384e+00 1.888427e+00 -7.103191e-19 1.581835e-01 3.426110e-02 -1.477636e-19 1.737322e+00 1.761459e+00 -3.826572e-19 4.128777e-01 9.270634e-02 -1.798983e-19 2.458850e+00 2.132545e+00 -7.120589e-19 1.581835e-01 3.426110e-02 -1.477636e-19 1.762837e+00 1.985814e+00 -3.826572e-19 5.378298e-01 1.124694e-01 -1.816381e-19 2.550713e+00 2.346630e+00 -7.102866e-19 1.581835e-01 3.426110e-02 -1.477636e-19 1.762837e+00 2.199899e+00 -3.826572e-19 6.296928e-01 1.124694e-01 -1.798658e-19 2.639093e+00 2.535708e+00 -7.102849e-19 1.581835e-01 3.426110e-02 -1.477636e-19 1.762837e+00 2.388978e+00 -3.826572e-19 7.180724e-01 1.124694e-01 -1.798641e-19 2.728486e+00 2.701963e+00 -7.102849e-19 1.581835e-01 3.426110e-02 -1.477636e-19 1.762837e+00 2.555232e+00 -3.826572e-19 8.074661e-01 1.124694e-01 -1.798641e-19 2.824811e+00 2.843262e+00 -7.102855e-19 1.581835e-01 3.426110e-02 -1.477636e-19 1.762837e+00 2.696532e+00 -3.826572e-19 9.037913e-01 1.124694e-01 -1.798647e-19 2.970976e+00 3.014101e+00 -4.832516e-19 1.581835e-01 3.426110e-02 -1.477636e-19 1.814770e+00 2.899841e+00 -3.506547e-20 9.980222e-01 7.999874e-02 -3.004225e-19 3.047053e+00 3.122962e+00 -2.258442e-19 1.581835e-01 3.426110e-02 -1.477636e-19 1.849817e+00 3.022264e+00 2.762521e-19 1.039053e+00 6.643694e-02 -3.543328e-19 3.105738e+00 3.203797e+00 -4.922812e-20 1.581835e-01 3.426110e-02 -1.477636e-19 1.876255e+00 3.110747e+00 5.243327e-19 1.071300e+00 5.878891e-02 -4.257973e-19 3.145385e+00 3.255896e+00 7.323534e-20 1.581835e-01 3.426110e-02 -1.477636e-19 1.890121e+00 3.165871e+00 6.746666e-19 1.097080e+00 5.576367e-02 -4.536677e-19 3.163273e+00 3.283764e+00 1.039984e-19 1.581835e-01 3.426110e-02 -1.477636e-19 1.899436e+00 3.176296e+00 7.069586e-19 1.105654e+00 7.320687e-02 -4.551966e-19
117            5.132916e-01 1.957669e-01 -2.562781e-19 1.578906e-01 3.428064e-02 -1.478031e-19 2.862824e-01 1.276053e-01 -7.642472e-19 6.911869e-02 3.388094e-02 6.557722e-19 5.436157e-01 4.112310e-01 -1.083276e-19 1.578906e-01 3.428064e-02 -1.478031e-19 3.016046e-01 3.415642e-01 -5.565918e-19 8.412051e-02 3.538611e-02 5.960673e-19 3.334102e-01 3.902656e-01 -2.264959e-19 1.578906e-01 3.428064e-02 -1.478031e-19 7.702734e-02 3.309195e-01 -8.090220e-19 9.849230e-02 2.506540e-02 7.303292e-19 3.377235e-01 5.518137e-01 6.345835e-20 1.578906e-01 3.428064e-02 -1.478031e-19 6.222943e-02 4.923553e-01 -5.995478e-19 1.176035e-01 2.517767e-02 8.108092e-19 9.369185e-01 7.890115e-01 5.576342e-19 1.578906e-01 3.428064e-02 -1.478031e-19 6.300511e-01 7.476375e-01 -3.243828e-19 1.489768e-01 7.093380e-03 1.029820e-18 1.485647e+00 1.034897e+00 -3.698655e-19 1.578906e-01 3.428064e-02 -1.478031e-19 1.149445e+00 1.016529e+00 -1.216157e-19 1.783113e-01 -1.591353e-02 -1.004467e-19 1.750013e+00 1.192730e+00 -3.807835e-19 1.578906e-01 3.428064e-02 -1.478031e-19 1.385214e+00 1.171238e+00 -5.457824e-20 2.069083e-01 -1.278805e-02 -1.784022e-19 1.925492e+00 1.389366e+00 -6.637072e-19 1.578906e-01 3.428064e-02 -1.478031e-19 1.514327e+00 1.347149e+00 -3.405657e-19 2.532745e-01 7.936236e-03 -1.753385e-19 2.115449e+00 1.686161e+00 -8.659909e-19 1.578906e-01 3.428064e-02 -1.478031e-19 1.632973e+00 1.611336e+00 -6.087958e-19 3.245853e-01 4.054458e-02 -1.093920e-19 2.308469e+00 1.888573e+00 -7.101803e-19 1.578906e-01 3.428064e-02 -1.478031e-19 1.737595e+00 1.761620e+00 -3.827599e-19 4.129834e-01 9.267238e-02 -1.796173e-19 2.458821e+00 2.132680e+00 -7.119403e-19 1.578906e-01 3.428064e-02 -1.478031e-19 1.763099e+00 1.985981e+00 -3.827599e-19 5.378317e-01 1.124188e-01 -1.813773e-19 2.550601e+00 2.346717e+00 -7.101478e-19 1.578906e-01 3.428064e-02 -1.478031e-19 1.763099e+00 2.200017e+00 -3.827599e-19 6.296118e-01 1.124188e-01 -1.795848e-19 2.638917e+00 2.535729e+00 -7.101461e-19 1.578906e-01 3.428064e-02 -1.478031e-19 1.763099e+00 2.389029e+00 -3.827599e-19 7.179278e-01 1.124188e-01 -1.795832e-19 2.728273e+00 2.701920e+00 -7.101461e-19 1.578906e-01 3.428064e-02 -1.478031e-19 1.763099e+00 2.555221e+00 -3.827599e-19 8.072836e-01 1.124188e-01 -1.795832e-19 2.824596e+00 2.843171e+00 -7.101467e-19 1.578906e-01 3.428064e-02 -1.478031e-19 1.763099e+00 2.696472e+00 -3.827599e-19 9.036060e-01 1.124188e-01 -1.795837e-19 2.970796e+00 3.013968e+00 -4.832258e-19 1.578906e-01 3.428064e-02 -1.478031e-19 1.815017e+00 2.899771e+00 -3.531314e-20 9.978888e-01 7.991655e-02 -3.001096e-19 3.046891e+00 3.122777e+00 -2.259984e-19 1.578906e-01 3.428064e-02 -1.478031e-19 1.850038e+00 3.022175e+00 2.757826e-19 1.038962e+00 6.632087e-02 -3.539779e-19 3.105585e+00 3.203554e+00 -4.957520e-20 1.578906e-01 3.428064e-02 -1.478031e-19 1.876446e+00 3.110632e+00 5.235902e-19 1.071248e+00 5.864104e-02 -4.253623e-19 3.145239e+00 3.255623e+00 7.274794e-20 1.578906e-01 3.428064e-02 -1.478031e-19 1.890296e+00 3.165744e+00 6.737443e-19 1.097053e+00 5.559811e-02 -4.531933e-19 3.163114e+00 3.283508e+00 1.034912e-19 1.578906e-01 3.428064e-02 -1.478031e-19 1.899588e+00 3.176162e+00 7.060052e-19 1.105636e+00 7.306524e-02 -4.547109e-19
118            5.132370e-01 1.960113e-01 -2.562846e-19 1.575977e-01 3.429992e-02 -1.478454e-19 2.863255e-01 1.277545e-01 -7.647055e-19 6.931387e-02 3.395682e-02 6.562663e-19 5.436386e-01 4.115176e-01 -1.083186e-19 1.575977e-01 3.429992e-02 -1.478454e-19 3.016504e-01 3.417558e-01 -5.570138e-19 8.439050e-02 3.546197e-02 5.965407e-19 3.334507e-01 3.905094e-01 -2.264480e-19 1.575977e-01 3.429992e-02 -1.478454e-19 7.705605e-02 3.310899e-01 -8.094086e-19 9.879698e-02 2.511953e-02 7.308061e-19 3.377477e-01 5.520169e-01 6.367944e-20 1.575977e-01 3.429992e-02 -1.478454e-19 6.226479e-02 4.924899e-01 -5.998144e-19 1.178852e-01 2.522703e-02 8.113393e-19 9.370062e-01 7.891217e-01 5.580633e-19 1.575977e-01 3.429992e-02 -1.478454e-19 6.301785e-01 7.477066e-01 -3.244571e-19 1.492301e-01 7.115176e-03 1.030366e-18 1.485781e+00 1.034947e+00 -3.695424e-19 1.575977e-01 3.429992e-02 -1.478454e-19 1.149638e+00 1.016542e+00 -1.215398e-19 1.785455e-01 -1.589530e-02 -1.001572e-19 1.750185e+00 1.192729e+00 -3.804666e-19 1.575977e-01 3.429992e-02 -1.478454e-19 1.385472e+00 1.171204e+00 -5.447340e-20 2.071157e-01 -1.277445e-02 -1.781478e-19 1.925678e+00 1.389362e+00 -6.635101e-19 1.575977e-01 3.429992e-02 -1.478454e-19 1.514628e+00 1.347123e+00 -3.405756e-19 2.534520e-01 7.939092e-03 -1.750891e-19 2.115629e+00 1.686216e+00 -8.658482e-19 1.575977e-01 3.429992e-02 -1.478454e-19 1.633295e+00 1.611379e+00 -6.088687e-19 3.247371e-01 4.053679e-02 -1.091341e-19 2.308613e+00 1.888674e+00 -7.100267e-19 1.575977e-01 3.429992e-02 -1.478454e-19 1.737916e+00 1.761739e+00 -3.828338e-19 4.130993e-01 9.263588e-02 -1.793475e-19 2.458852e+00 2.132767e+00 -7.118080e-19 1.575977e-01 3.429992e-02 -1.478454e-19 1.763410e+00 1.986102e+00 -3.828338e-19 5.378445e-01 1.123658e-01 -1.811288e-19 2.550550e+00 2.346744e+00 -7.099943e-19 1.575977e-01 3.429992e-02 -1.478454e-19 1.763410e+00 2.200078e+00 -3.828338e-19 6.295424e-01 1.123658e-01 -1.793151e-19 2.638802e+00 2.535671e+00 -7.099926e-19 1.575977e-01 3.429992e-02 -1.478454e-19 1.763410e+00 2.389005e+00 -3.828338e-19 7.177949e-01 1.123658e-01 -1.793134e-19 2.728120e+00 2.701776e+00 -7.099926e-19 1.575977e-01 3.429992e-02 -1.478454e-19 1.763410e+00 2.555110e+00 -3.828338e-19 8.071130e-01 1.123658e-01 -1.793134e-19 2.824440e+00 2.842950e+00 -7.099932e-19 1.575977e-01 3.429992e-02 -1.478454e-19 1.763410e+00 2.696285e+00 -3.828338e-19 9.034322e-01 1.123658e-01 -1.793140e-19 2.970662e+00 3.013677e+00 -4.832743e-19 1.575977e-01 3.429992e-02 -1.478454e-19 1.815298e+00 2.899545e+00 -3.563376e-20 9.977658e-01 7.983256e-02 -2.997951e-19 3.046763e+00 3.122416e+00 -2.263177e-19 1.575977e-01 3.429992e-02 -1.478454e-19 1.850283e+00 3.021913e+00 2.751456e-19 1.038883e+00 6.620272e-02 -3.536179e-19 3.105464e+00 3.203122e+00 -5.013347e-20 1.575977e-01 3.429992e-02 -1.478454e-19 1.876657e+00 3.110332e+00 5.226327e-19 1.071209e+00 5.849004e-02 -4.249208e-19 3.145129e+00 3.255155e+00 7.205466e-20 1.575977e-01 3.429992e-02 -1.478454e-19 1.890492e+00 3.165427e+00 6.726241e-19 1.097040e+00 5.542797e-02 -4.527240e-19 3.163013e+00 3.283052e+00 1.027533e-19 1.575977e-01 3.429992e-02 -1.478454e-19 1.899782e+00 3.175837e+00 7.048329e-19 1.105633e+00 7.291511e-02 -4.542342e-19
119            5.132062e-01 1.962707e-01 -2.563244e-19 1.573047e-01 3.431937e-02 -1.478945e-19 2.863912e-01 1.279191e-01 -7.652349e-19 6.951031e-02 3.403230e-02 6.568050e-19 5.436884e-01 4.118409e-01 -1.083369e-19 1.573047e-01 3.431937e-02 -1.478945e-19 3.017194e-01 3.419840e-01 -5.574992e-19 8.466430e-02 3.553749e-02 5.970569e-19 3.335108e-01 3.907997e-01 -2.264351e-19 1.573047e-01 3.431937e-02 -1.478945e-19 7.709797e-02 3.313071e-01 -8.098723e-19 9.910808e-02 2.517318e-02 7.313317e-19 3.377914e-01 5.522734e-01 6.387435e-20 1.573047e-01 3.431937e-02 -1.478945e-19 6.231239e-02 4.926781e-01 -6.001519e-19 1.181743e-01 2.527593e-02 8.119207e-19 9.371349e-01 7.892937e-01 5.584868e-19 1.573047e-01 3.431937e-02 -1.478945e-19 6.303389e-01 7.478382e-01 -3.245916e-19 1.494913e-01 7.136074e-03 1.030973e-18 1.485979e+00 1.035066e+00 -3.692631e-19 1.573047e-01 3.431937e-02 -1.478945e-19 1.149886e+00 1.016626e+00 -1.215108e-19 1.787879e-01 -1.587869e-02 -9.985784e-20 1.750440e+00 1.192795e+00 -3.801854e-19 1.573047e-01 3.431937e-02 -1.478945e-19 1.385804e+00 1.171239e+00 -5.440191e-20 2.073313e-01 -1.276291e-02 -1.778890e-19 1.925969e+00 1.389413e+00 -6.633893e-19 1.573047e-01 3.431937e-02 -1.478945e-19 1.515027e+00 1.347155e+00 -3.406616e-19 2.536373e-01 7.939139e-03 -1.748333e-19 2.115947e+00 1.686308e+00 -8.658272e-19 1.573047e-01 3.431937e-02 -1.478945e-19 1.633746e+00 1.611463e+00 -6.090802e-19 3.248965e-01 4.052561e-02 -1.088525e-19 2.308931e+00 1.888784e+00 -7.099395e-19 1.573047e-01 3.431937e-02 -1.478945e-19 1.738403e+00 1.761868e+00 -3.829678e-19 4.132230e-01 9.259596e-02 -1.790772e-19 2.459065e+00 2.132833e+00 -7.117500e-19 1.573047e-01 3.431937e-02 -1.478945e-19 1.763894e+00 1.986205e+00 -3.829678e-19 5.378664e-01 1.123093e-01 -1.808877e-19 2.550681e+00 2.346727e+00 -7.099072e-19 1.573047e-01 3.431937e-02 -1.478945e-19 1.763894e+00 2.200099e+00 -3.829678e-19 6.294827e-01 1.123093e-01 -1.790449e-19 2.638871e+00 2.535553e+00 -7.099054e-19 1.573047e-01 3.431937e-02 -1.478945e-19 1.763894e+00 2.388925e+00 -3.829678e-19 7.176722e-01 1.123093e-01 -1.790431e-19 2.728151e+00 2.701559e+00 -7.099054e-19 1.573047e-01 3.431937e-02 -1.478945e-19 1.763894e+00 2.554930e+00 -3.829678e-19 8.069528e-01 1.123093e-01 -1.790431e-19 2.824467e+00 2.842649e+00 -7.099059e-19 1.573047e-01 3.431937e-02 -1.478945e-19 1.763894e+00 2.696021e+00 -3.829678e-19 9.032689e-01 1.123093e-01 -1.790437e-19 2.970707e+00 3.013318e+00 -4.834163e-19 1.573047e-01 3.431937e-02 -1.478945e-19 1.815749e+00 2.899253e+00 -3.603507e-20 9.976533e-01 7.974526e-02 -2.994868e-19 3.046820e+00 3.122002e+00 -2.267240e-19 1.573047e-01 3.431937e-02 -1.478945e-19 1.850701e+00 3.021602e+00 2.744493e-19 1.038814e+00 6.608050e-02 -3.532788e-19 3.105535e+00 3.202661e+00 -5.074654e-20 1.573047e-01 3.431937e-02 -1.478945e-19 1.877047e+00 3.110008e+00 5.216755e-19 1.071183e+00 5.833376e-02 -4.245275e-19 3.145215e+00 3.254675e+00 7.132201e-20 1.573047e-01 3.431937e-02 -1.478945e-19 1.890869e+00 3.165105e+00 6.715311e-19 1.097041e+00 5.525148e-02 -4.523146e-19 3.163060e+00 3.282591e+00 1.020365e-19 1.573047e-01 3.431937e-02 -1.478945e-19 1.900110e+00 3.175516e+00 7.037346e-19 1.105645e+00 7.275592e-02 -4.538036e-19
120            5.132060e-01 1.965538e-01 -2.564065e-19 1.570117e-01 3.433972e-02 -1.479526e-19 2.864863e-01 1.281063e-01 -7.658620e-19 6.970791e-02 3.410780e-02 6.574081e-19 5.437721e-01 4.122178e-01 -1.083922e-19 1.570117e-01 3.433972e-02 -1.479526e-19 3.018184e-01 3.422650e-01 -5.580737e-19 8.494192e-02 3.561310e-02 5.976341e-19 3.335927e-01 3.911612e-01 -2.264729e-19 1.570117e-01 3.433972e-02 -1.479526e-19 7.715527e-02 3.315945e-01 -8.104479e-19 9.942568e-02 2.522693e-02 7.319276e-19 3.378564e-01 5.526146e-01 6.402431e-20 1.570117e-01 3.433972e-02 -1.479526e-19 6.237374e-02 4.929500e-01 -6.005972e-19 1.184709e-01 2.532496e-02 8.125742e-19 9.373159e-01 7.895698e-01 5.588885e-19 1.570117e-01 3.433972e-02 -1.479526e-19 6.305440e-01 7.480733e-01 -3.248269e-19 1.497601e-01 7.156825e-03 1.031668e-18 1.486263e+00 1.035310e+00 -3.690662e-19 1.570117e-01 3.433972e-02 -1.479526e-19 1.150214e+00 1.016833e+00 -1.215717e-19 1.790373e-01 -1.586257e-02 -9.954180e-20 1.750801e+00 1.192993e+00 -3.799794e-19 1.570117e-01 3.433972e-02 -1.479526e-19 1.386236e+00 1.171406e+00 -5.440625e-20 2.075528e-01 -1.275295e-02 -1.776206e-19 1.926388e+00 1.389593e+00 -6.633853e-19 1.570117e-01 3.433972e-02 -1.479526e-19 1.515550e+00 1.347317e+00 -3.408652e-19 2.538270e-01 7.935967e-03 -1.745675e-19 2.116425e+00 1.686524e+00 -8.659719e-19 1.570117e-01 3.433972e-02 -1.479526e-19 1.634354e+00 1.611674e+00 -6.094735e-19 3.250592e-01 4.050993e-02 -1.085458e-19 2.309446e+00 1.888999e+00 -7.099585e-19 1.570117e-01 3.433972e-02 -1.479526e-19 1.739084e+00 1.762108e+00 -3.832027e-19 4.133502e-01 9.255136e-02 -1.788032e-19 2.459485e+00 2.132991e+00 -7.118055e-19 1.570117e-01 3.433972e-02 -1.479526e-19 1.764580e+00 1.986403e+00 -3.832027e-19 5.378936e-01 1.122483e-01 -1.806502e-19 2.551021e+00 2.346797e+00 -7.099262e-19 1.570117e-01 3.433972e-02 -1.479526e-19 1.764580e+00 2.200209e+00 -3.832027e-19 6.294300e-01 1.122483e-01 -1.787709e-19 2.639149e+00 2.535524e+00 -7.099244e-19 1.570117e-01 3.433972e-02 -1.479526e-19 1.764580e+00 2.388936e+00 -3.832027e-19 7.175575e-01 1.122483e-01 -1.787690e-19 2.728392e+00 2.701439e+00 -7.099244e-19 1.570117e-01 3.433972e-02 -1.479526e-19 1.764580e+00 2.554851e+00 -3.832027e-19 8.068011e-01 1.122483e-01 -1.787690e-19 2.824706e+00 2.842457e+00 -7.099249e-19 1.570117e-01 3.433972e-02 -1.479526e-19 1.764580e+00 2.695869e+00 -3.832027e-19 9.031145e-01 1.122483e-01 -1.787696e-19 2.970963e+00 3.013102e+00 -4.836713e-19 1.570117e-01 3.433972e-02 -1.479526e-19 1.816401e+00 2.899109e+00 -3.653984e-20 9.975504e-01 7.965285e-02 -2.991788e-19 3.047090e+00 3.121764e+00 -2.272245e-19 1.570117e-01 3.433972e-02 -1.479526e-19 1.851322e+00 3.021472e+00 2.736748e-19 1.038757e+00 6.595222e-02 -3.529466e-19 3.105824e+00 3.202407e+00 -5.143304e-20 1.570117e-01 3.433972e-02 -1.479526e-19 1.877643e+00 3.109897e+00 5.206687e-19 1.071169e+00 5.817051e-02 -4.241491e-19 3.145516e+00 3.254430e+00 7.048927e-20 1.570117e-01 3.433972e-02 -1.479526e-19 1.891449e+00 3.165022e+00 6.703538e-19 1.097055e+00 5.506760e-02 -4.519119e-19 3.163227e+00 3.282378e+00 1.013306e-19 1.570117e-01 3.433972e-02 -1.479526e-19 1.900545e+00 3.175449e+00 7.026351e-19 1.105670e+00 7.258912e-02 -4.533519e-19
121            5.132426e-01 1.968591e-01 -2.565316e-19 1.567187e-01 3.436152e-02 -1.480222e-19 2.866175e-01 1.283140e-01 -7.665930e-19 6.990644e-02 3.418365e-02 6.580835e-19 5.438965e-01 4.126443e-01 -1.084724e-19 1.567187e-01 3.436152e-02 -1.480222e-19 3.019549e-01 3.425936e-01 -5.587321e-19 8.522288e-02 3.568917e-02 5.982819e-19 3.337003e-01 3.915824e-01 -2.265449e-19 1.567187e-01 3.436152e-02 -1.480222e-19 7.723239e-02 3.319396e-01 -8.111262e-19 9.974917e-02 2.528125e-02 7.326034e-19 3.379470e-01 5.530276e-01 6.416263e-20 1.567187e-01 3.436152e-02 -1.480222e-19 6.245384e-02 4.932915e-01 -6.011291e-19 1.187744e-01 2.537464e-02 8.133139e-19 9.375674e-01 7.899378e-01 5.593178e-19 1.567187e-01 3.436152e-02 -1.480222e-19 6.308130e-01 7.483981e-01 -3.251269e-19 1.500358e-01 7.178149e-03 1.032467e-18 1.486665e+00 1.035670e+00 -3.689265e-19 1.567187e-01 3.436152e-02 -1.480222e-19 1.150654e+00 1.017154e+00 -1.216783e-19 1.792925e-01 -1.584589e-02 -9.922602e-20 1.751302e+00 1.193322e+00 -3.798305e-19 1.567187e-01 3.436152e-02 -1.480222e-19 1.386804e+00 1.171704e+00 -5.444643e-20 2.077785e-01 -1.274372e-02 -1.773619e-19 1.926962e+00 1.389919e+00 -6.634724e-19 1.567187e-01 3.436152e-02 -1.480222e-19 1.516225e+00 1.347628e+00 -3.411378e-19 2.540187e-01 7.930053e-03 -1.743124e-19 2.117076e+00 1.686912e+00 -8.662411e-19 1.567187e-01 3.436152e-02 -1.480222e-19 1.635135e+00 1.612060e+00 -6.099778e-19 3.252224e-01 4.048999e-02 -1.082411e-19 2.310156e+00 1.889400e+00 -7.100681e-19 1.567187e-01 3.436152e-02 -1.480222e-19 1.739959e+00 1.762536e+00 -3.835048e-19 4.134781e-01 9.250241e-02 -1.785411e-19 2.460105e+00 2.133353e+00 -7.119552e-19 1.567187e-01 3.436152e-02 -1.480222e-19 1.765463e+00 1.986808e+00 -3.835048e-19 5.379235e-01 1.121832e-01 -1.804282e-19 2.551563e+00 2.347094e+00 -7.100358e-19 1.567187e-01 3.436152e-02 -1.480222e-19 1.765463e+00 2.200549e+00 -3.835048e-19 6.293820e-01 1.121832e-01 -1.785089e-19 2.639630e+00 2.535748e+00 -7.100340e-19 1.567187e-01 3.436152e-02 -1.480222e-19 1.765463e+00 2.389203e+00 -3.835048e-19 7.174489e-01 1.121832e-01 -1.785070e-19 2.728837e+00 2.701597e+00 -7.100340e-19 1.567187e-01 3.436152e-02 -1.480222e-19 1.765463e+00 2.555052e+00 -3.835048e-19 8.066559e-01 1.121832e-01 -1.785070e-19 2.825149e+00 2.842567e+00 -7.100345e-19 1.567187e-01 3.436152e-02 -1.480222e-19 1.765463e+00 2.696022e+00 -3.835048e-19 9.029671e-01 1.121832e-01 -1.785075e-19 2.971417e+00 3.013227e+00 -4.840537e-19 1.567187e-01 3.436152e-02 -1.480222e-19 1.817242e+00 2.899310e+00 -3.716726e-20 9.974558e-01 7.955558e-02 -2.988643e-19 3.047552e+00 3.121895e+00 -2.279087e-19 1.567187e-01 3.436152e-02 -1.480222e-19 1.852124e+00 3.021715e+00 2.727039e-19 1.038709e+00 6.581822e-02 -3.525904e-19 3.106291e+00 3.202543e+00 -5.237698e-20 1.567187e-01 3.436152e-02 -1.480222e-19 1.878408e+00 3.110180e+00 5.193538e-19 1.071165e+00 5.800096e-02 -4.237086e-19 3.145983e+00 3.254592e+00 6.928415e-20 1.567187e-01 3.436152e-02 -1.480222e-19 1.892185e+00 3.165354e+00 6.687202e-19 1.097080e+00 5.487732e-02 -4.514139e-19 3.163439e+00 3.282586e+00 1.003717e-19 1.567187e-01 3.436152e-02 -1.480222e-19 1.901013e+00 3.175807e+00 7.011617e-19 1.105706e+00 7.241761e-02 -4.527679e-19
122            5.133265e-01 1.971783e-01 -2.566986e-19 1.564257e-01 3.438493e-02 -1.481064e-19 2.867955e-01 1.285333e-01 -7.674283e-19 7.010534e-02 3.425998e-02 6.588361e-19 5.440729e-01 4.131037e-01 -1.085501e-19 1.564257e-01 3.438493e-02 -1.481064e-19 3.021413e-01 3.429530e-01 -5.594530e-19 8.550589e-02 3.576580e-02 5.990093e-19 3.338415e-01 3.920295e-01 -2.266114e-19 1.564257e-01 3.438493e-02 -1.481064e-19 7.733894e-02 3.323084e-01 -8.118720e-19 1.000768e-01 2.533626e-02 7.333670e-19 3.380724e-01 5.534704e-01 6.436255e-20 1.564257e-01 3.438493e-02 -1.481064e-19 6.256366e-02 4.936603e-01 -6.016880e-19 1.190831e-01 2.542511e-02 8.141570e-19 9.379156e-01 7.903467e-01 5.598774e-19 1.564257e-01 3.438493e-02 -1.481064e-19 6.311733e-01 7.487614e-01 -3.254009e-19 1.503166e-01 7.200391e-03 1.033385e-18 1.487226e+00 1.036094e+00 -3.687661e-19 1.564257e-01 3.438493e-02 -1.481064e-19 1.151248e+00 1.017537e+00 -1.217202e-19 1.795518e-01 -1.582816e-02 -9.893947e-20 1.751993e+00 1.193730e+00 -3.796644e-19 1.564257e-01 3.438493e-02 -1.481064e-19 1.387560e+00 1.172079e+00 -5.441264e-20 2.080073e-01 -1.273436e-02 -1.771454e-19 1.927742e+00 1.390348e+00 -6.635833e-19 1.564257e-01 3.438493e-02 -1.481064e-19 1.517105e+00 1.348041e+00 -3.413770e-19 2.542118e-01 7.922638e-03 -1.740999e-19 2.117946e+00 1.687448e+00 -8.665607e-19 1.564257e-01 3.438493e-02 -1.481064e-19 1.636134e+00 1.612595e+00 -6.104824e-19 3.253858e-01 4.046736e-02 -1.079719e-19 2.311095e+00 1.889985e+00 -7.102104e-19 1.564257e-01 3.438493e-02 -1.481064e-19 1.741063e+00 1.763149e+00 -3.837849e-19 4.136063e-01 9.245095e-02 -1.783191e-19 2.460958e+00 2.133940e+00 -7.121391e-19 1.564257e-01 3.438493e-02 -1.481064e-19 1.766576e+00 1.987439e+00 -3.837849e-19 5.379559e-01 1.121159e-01 -1.802479e-19 2.552340e+00 2.347656e+00 -7.101781e-19 1.564257e-01 3.438493e-02 -1.481064e-19 1.766576e+00 2.201155e+00 -3.837849e-19 6.293381e-01 1.121159e-01 -1.782869e-19 2.640347e+00 2.536272e+00 -7.101762e-19 1.564257e-01 3.438493e-02 -1.481064e-19 1.766576e+00 2.389771e+00 -3.837849e-19 7.173453e-01 1.121159e-01 -1.782849e-19 2.729518e+00 2.702087e+00 -7.101762e-19 1.564257e-01 3.438493e-02 -1.481064e-19 1.766576e+00 2.555586e+00 -3.837849e-19 8.065163e-01 1.121159e-01 -1.782849e-19 2.825827e+00 2.843036e+00 -7.101767e-19 1.564257e-01 3.438493e-02 -1.481064e-19 1.766576e+00 2.696535e+00 -3.837849e-19 9.028253e-01 1.121159e-01 -1.782854e-19 2.972094e+00 3.013747e+00 -4.845473e-19 1.564257e-01 3.438493e-02 -1.481064e-19 1.818300e+00 2.899906e+00 -3.789038e-20 9.973679e-01 7.945552e-02 -2.985505e-19 3.048217e+00 3.122436e+00 -2.288436e-19 1.564257e-01 3.438493e-02 -1.481064e-19 1.853122e+00 3.022370e+00 2.714617e-19 1.038669e+00 6.568088e-02 -3.521988e-19 3.106937e+00 3.203093e+00 -5.374272e-20 1.564257e-01 3.438493e-02 -1.481064e-19 1.879342e+00 3.110880e+00 5.175239e-19 1.071169e+00 5.782767e-02 -4.231602e-19 3.146605e+00 3.255176e+00 6.746061e-20 1.564257e-01 3.438493e-02 -1.481064e-19 1.893066e+00 3.166108e+00 6.663267e-19 1.097113e+00 5.468312e-02 -4.507597e-19 3.163681e+00 3.283222e+00 9.889129e-20 1.564257e-01 3.438493e-02 -1.481064e-19 1.901503e+00 3.176593e+00 6.989862e-19 1.105753e+00 7.224424e-02 -4.519885e-19
123            5.134526e-01 1.974998e-01 -2.568945e-19 1.561326e-01 3.440953e-02 -1.482034e-19 2.870161e-01 1.287537e-01 -7.683373e-19 7.030386e-02 3.433663e-02 6.596463e-19 5.442961e-01 4.135719e-01 -1.086031e-19 1.561326e-01 3.440953e-02 -1.482034e-19 3.023740e-01 3.433196e-01 -5.601998e-19 8.578950e-02 3.584283e-02 5.998002e-19 3.340147e-01 3.924661e-01 -2.266402e-19 1.561326e-01 3.440953e-02 -1.482034e-19 7.747544e-02 3.326648e-01 -8.126351e-19 1.004066e-01 2.539177e-02 7.341983e-19 3.382322e-01 5.538981e-01 6.466553e-20 1.561326e-01 3.440953e-02 -1.482034e-19 6.270469e-02 4.940124e-01 -6.022167e-19 1.193949e-01 2.547618e-02 8.150857e-19 9.383524e-01 7.907400e-01 5.606096e-19 1.561326e-01 3.440953e-02 -1.482034e-19 6.316188e-01 7.491070e-01 -3.255838e-19 1.506010e-01 7.223417e-03 1.034397e-18 1.487927e+00 1.036514e+00 -3.685230e-19 1.561326e-01 3.440953e-02 -1.482034e-19 1.151980e+00 1.017914e+00 -1.216288e-19 1.798144e-01 -1.580952e-02 -9.869079e-20 1.752855e+00 1.194138e+00 -3.794181e-19 1.561326e-01 3.440953e-02 -1.482034e-19 1.388483e+00 1.172453e+00 -5.423655e-20 2.082391e-01 -1.272445e-02 -1.769781e-19 1.928710e+00 1.390795e+00 -6.636551e-19 1.561326e-01 3.440953e-02 -1.482034e-19 1.518170e+00 1.348471e+00 -3.415153e-19 2.544068e-01 7.914837e-03 -1.739364e-19 2.119014e+00 1.688039e+00 -8.668630e-19 1.561326e-01 3.440953e-02 -1.482034e-19 1.637331e+00 1.613185e+00 -6.109153e-19 3.255503e-01 4.044370e-02 -1.077443e-19 2.312239e+00 1.890656e+00 -7.103234e-19 1.561326e-01 3.440953e-02 -1.482034e-19 1.742370e+00 1.763847e+00 -3.839775e-19 4.137363e-01 9.239879e-02 -1.781424e-19 2.462020e+00 2.134647e+00 -7.122949e-19 1.561326e-01 3.440953e-02 -1.482034e-19 1.767895e+00 1.988189e+00 -3.839775e-19 5.379917e-01 1.120482e-01 -1.801139e-19 2.553327e+00 2.348369e+00 -7.102911e-19 1.561326e-01 3.440953e-02 -1.482034e-19 1.767895e+00 2.201911e+00 -3.839775e-19 6.292991e-01 1.120482e-01 -1.781102e-19 2.641275e+00 2.536977e+00 -7.102892e-19 1.561326e-01 3.440953e-02 -1.482034e-19 1.767895e+00 2.390520e+00 -3.839775e-19 7.172475e-01 1.120482e-01 -1.781082e-19 2.730411e+00 2.702785e+00 -7.102892e-19 1.561326e-01 3.440953e-02 -1.482034e-19 1.767895e+00 2.556327e+00 -3.839775e-19 8.063828e-01 1.120482e-01 -1.781082e-19 2.826718e+00 2.843735e+00 -7.102897e-19 1.561326e-01 3.440953e-02 -1.482034e-19 1.767895e+00 2.697277e+00 -3.839775e-19 9.026897e-01 1.120482e-01 -1.781087e-19 2.972972e+00 3.014521e+00 -4.850707e-19 1.561326e-01 3.440953e-02 -1.482034e-19 1.819552e+00 2.900756e+00 -3.861474e-20 9.972869e-01 7.935492e-02 -2.982525e-19 3.049067e+00 3.123235e+00 -2.299294e-19 1.561326e-01 3.440953e-02 -1.482034e-19 1.854298e+00 3.023283e+00 2.700688e-19 1.038636e+00 6.554285e-02 -3.517947e-19 3.107744e+00 3.203895e+00 -5.541770e-20 1.561326e-01 3.440953e-02 -1.482034e-19 1.880428e+00 3.111832e+00 5.153248e-19 1.071183e+00 5.765341e-02 -4.225391e-19 3.147372e+00 3.256006e+00 6.515560e-20 1.561326e-01 3.440953e-02 -1.482034e-19 1.894081e+00 3.167109e+00 6.633539e-19 1.097158e+00 5.448753e-02 -4.499948e-19 3.163995e+00 3.284102e+00 9.696890e-20 1.561326e-01 3.440953e-02 -1.482034e-19 1.902053e+00 3.177622e+00 6.962477e-19 1.105810e+00 7.207041e-02 -4.510753e-19
124            5.135733e-01 1.978139e-01 -2.570787e-19 1.558395e-01 3.443466e-02 -1.482985e-19 2.872320e-01 1.289659e-01 -7.692174e-19 7.050175e-02 3.441328e-02 6.604373e-19 5.445150e-01 4.140202e-01 -1.086363e-19 1.558395e-01 3.443466e-02 -1.482985e-19 3.026022e-01 3.436656e-01 -5.609128e-19 8.607336e-02 3.591991e-02 6.005751e-19 3.341893e-01 3.928718e-01 -2.266406e-19 1.558395e-01 3.443466e-02 -1.482985e-19 7.761174e-02 3.329897e-01 -8.133525e-19 1.007381e-01 2.544740e-02 7.350105e-19 3.383951e-01 5.542892e-01 6.500164e-20 1.558395e-01 3.443466e-02 -1.482985e-19 6.284627e-02 4.943271e-01 -6.026960e-19 1.197094e-01 2.552748e-02 8.159962e-19 9.387854e-01 7.910886e-01 5.613721e-19 1.558395e-01 3.443466e-02 -1.482985e-19 6.320570e-01 7.494072e-01 -3.257148e-19 1.508888e-01 7.246741e-03 1.035385e-18 1.488615e+00 1.036881e+00 -3.682308e-19 1.558395e-01 3.443466e-02 -1.482985e-19 1.152695e+00 1.018237e+00 -1.214857e-19 1.800807e-01 -1.579060e-02 -9.844659e-20 1.753700e+00 1.194488e+00 -3.791228e-19 1.558395e-01 3.443466e-02 -1.482985e-19 1.389386e+00 1.172768e+00 -5.401026e-20 2.084748e-01 -1.271433e-02 -1.768140e-19 1.929656e+00 1.391178e+00 -6.636724e-19 1.558395e-01 3.443466e-02 -1.482985e-19 1.519211e+00 1.348837e+00 -3.415986e-19 2.546052e-01 7.906791e-03 -1.737753e-19 2.120054e+00 1.688561e+00 -8.671015e-19 1.558395e-01 3.443466e-02 -1.482985e-19 1.638497e+00 1.613706e+00 -6.112824e-19 3.257180e-01 4.041940e-02 -1.075205e-19 2.313350e+00 1.891257e+00 -7.103841e-19 1.558395e-01 3.443466e-02 -1.482985e-19 1.743641e+00 1.764476e+00 -3.841193e-19 4.138697e-01 9.234625e-02 -1.779663e-19 2.463048e+00 2.135285e+00 -7.123959e-19 1.558395e-01 3.443466e-02 -1.482985e-19 1.769176e+00 1.988870e+00 -3.841193e-19 5.380327e-01 1.119804e-01 -1.799781e-19 2.554282e+00 2.349018e+00 -7.103519e-19 1.558395e-01 3.443466e-02 -1.482985e-19 1.769176e+00 2.202603e+00 -3.841193e-19 6.292668e-01 1.119804e-01 -1.779341e-19 2.642173e+00 2.537624e+00 -7.103499e-19 1.558395e-01 3.443466e-02 -1.482985e-19 1.769176e+00 2.391209e+00 -3.841193e-19 7.171575e-01 1.119804e-01 -1.779321e-19 2.731273e+00 2.703429e+00 -7.103499e-19 1.558395e-01 3.443466e-02 -1.482985e-19 1.769176e+00 2.557014e+00 -3.841193e-19 8.062577e-01 1.119804e-01 -1.779321e-19 2.827577e+00 2.844387e+00 -7.103504e-19 1.558395e-01 3.443466e-02 -1.482985e-19 1.769176e+00 2.697972e+00 -3.841193e-19 9.025623e-01 1.119804e-01 -1.779326e-19 2.973828e+00 3.015246e+00 -4.854953e-19 1.558395e-01 3.443466e-02 -1.482985e-19 1.820774e+00 2.901557e+00 -3.922628e-20 9.972146e-01 7.925455e-02 -2.979705e-19 3.049901e+00 3.123979e+00 -2.308767e-19 1.558395e-01 3.443466e-02 -1.482985e-19 1.855448e+00 3.024139e+00 2.688363e-19 1.038613e+00 6.540529e-02 -3.514144e-19 3.108539e+00 3.204630e+00 -5.693694e-20 1.558395e-01 3.443466e-02 -1.482985e-19 1.881492e+00 3.112716e+00 5.133133e-19 1.071208e+00 5.747944e-02 -4.219518e-19 3.148131e+00 3.256758e+00 6.302908e-20 1.558395e-01 3.443466e-02 -1.482985e-19 1.895077e+00 3.168032e+00 6.605991e-19 1.097214e+00 5.429160e-02 -4.492715e-19 3.164356e+00 3.284896e+00 9.516945e-20 1.558395e-01 3.443466e-02 -1.482985e-19 1.902636e+00 3.178566e+00 6.936874e-19 1.105881e+00 7.189551e-02 -4.502195e-19
125            5.136345e-01 1.981174e-01 -2.572131e-19 1.555464e-01 3.445977e-02 -1.483753e-19 2.873887e-01 1.291679e-01 -7.699696e-19 7.069943e-02 3.448964e-02 6.611318e-19 5.446722e-01 4.144330e-01 -1.086746e-19 1.555464e-01 3.445977e-02 -1.483753e-19 3.027674e-01 3.439765e-01 -5.615498e-19 8.635845e-02 3.599675e-02 6.012505e-19 3.343287e-01 3.932509e-01 -2.266511e-19 1.555464e-01 3.445977e-02 -1.483753e-19 7.771002e-02 3.332882e-01 -8.139898e-19 1.010723e-01 2.550284e-02 7.357141e-19 3.385234e-01 5.546524e-01 6.525349e-20 1.555464e-01 3.445977e-02 -1.483753e-19 6.294923e-02 4.946140e-01 -6.031486e-19 1.200278e-01 2.557869e-02 8.167775e-19 9.391105e-01 7.914014e-01 5.619617e-19 1.555464e-01 3.445977e-02 -1.483753e-19 6.323823e-01 7.496718e-01 -3.258907e-19 1.511818e-01 7.269823e-03 1.036228e-18 1.489120e+00 1.037190e+00 -3.679800e-19 1.555464e-01 3.445977e-02 -1.483753e-19 1.153222e+00 1.018503e+00 -1.214404e-19 1.803524e-01 -1.577210e-02 -9.816425e-20 1.754319e+00 1.194768e+00 -3.788685e-19 1.555464e-01 3.445977e-02 -1.483753e-19 1.390057e+00 1.173013e+00 -5.389642e-20 2.087160e-01 -1.270483e-02 -1.765967e-19 1.930347e+00 1.391469e+00 -6.636675e-19 1.555464e-01 3.445977e-02 -1.483753e-19 1.519992e+00 1.349112e+00 -3.417317e-19 2.548088e-01 7.897677e-03 -1.735604e-19 2.120812e+00 1.688947e+00 -8.672711e-19 1.555464e-01 3.445977e-02 -1.483753e-19 1.639375e+00 1.614094e+00 -6.116391e-19 3.258902e-01 4.039351e-02 -1.072567e-19 2.314153e+00 1.891697e+00 -7.104174e-19 1.555464e-01 3.445977e-02 -1.483753e-19 1.744598e+00 1.764945e+00 -3.843055e-19 4.140079e-01 9.229210e-02 -1.777366e-19 2.463765e+00 2.135739e+00 -7.124624e-19 1.555464e-01 3.445977e-02 -1.483753e-19 1.770138e+00 1.989368e+00 -3.843055e-19 5.380803e-01 1.119111e-01 -1.797816e-19 2.554927e+00 2.349463e+00 -7.103852e-19 1.555464e-01 3.445977e-02 -1.483753e-19 1.770138e+00 2.203092e+00 -3.843055e-19 6.292425e-01 1.119111e-01 -1.777044e-19 2.642761e+00 2.538049e+00 -7.103831e-19 1.555464e-01 3.445977e-02 -1.483753e-19 1.770138e+00 2.391678e+00 -3.843055e-19 7.170764e-01 1.119111e-01 -1.777023e-19 2.731827e+00 2.703839e+00 -7.103831e-19 1.555464e-01 3.445977e-02 -1.483753e-19 1.770138e+00 2.557469e+00 -3.843055e-19 8.061420e-01 1.119111e-01 -1.777023e-19 2.828129e+00 2.844796e+00 -7.103836e-19 1.555464e-01 3.445977e-02 -1.483753e-19 1.770138e+00 2.698425e+00 -3.843055e-19 9.024446e-01 1.119111e-01 -1.777028e-19 2.974399e+00 3.015700e+00 -4.857595e-19 1.555464e-01 3.445977e-02 -1.483753e-19 1.821701e+00 2.902086e+00 -3.969799e-20 9.971513e-01 7.915348e-02 -2.976862e-19 3.050475e+00 3.124438e+00 -2.314782e-19 1.555464e-01 3.445977e-02 -1.483753e-19 1.856329e+00 3.024711e+00 2.679672e-19 1.038599e+00 6.526751e-02 -3.510701e-19 3.109105e+00 3.205074e+00 -5.791816e-20 1.555464e-01 3.445977e-02 -1.483753e-19 1.882317e+00 3.113309e+00 5.119328e-19 1.071242e+00 5.730510e-02 -4.214756e-19 3.148686e+00 3.257209e+00 6.165928e-20 1.555464e-01 3.445977e-02 -1.483753e-19 1.895858e+00 3.168654e+00 6.587441e-19 1.097282e+00 5.409461e-02 -4.487095e-19 3.164662e+00 3.285382e+00 9.401468e-20 1.555464e-01 3.445977e-02 -1.483753e-19 1.903152e+00 3.179205e+00 6.919606e-19 1.105964e+00 7.171767e-02 -4.495706e-19
126            5.136342e-01 1.984141e-01 -2.573018e-19 1.552532e-01 3.448474e-02 -1.484334e-19 2.874835e-01 1.293638e-01 -7.706017e-19 7.089749e-02 3.456554e-02 6.617333e-19 5.447654e-01 4.148191e-01 -1.087328e-19 1.552532e-01 3.448474e-02 -1.484334e-19 3.028662e-01 3.442612e-01 -5.621272e-19 8.664600e-02 3.607318e-02 6.018278e-19 3.344309e-01 3.936195e-01 -2.266928e-19 1.552532e-01 3.448474e-02 -1.484334e-19 7.776688e-02 3.335769e-01 -8.145709e-19 1.014108e-01 2.555790e-02 7.363114e-19 3.386147e-01 5.550073e-01 6.538909e-20 1.552532e-01 3.448474e-02 -1.484334e-19 6.300963e-02 4.948930e-01 -6.036067e-19 1.203519e-01 2.562960e-02 8.174291e-19 9.393222e-01 7.917021e-01 5.623394e-19 1.552532e-01 3.448474e-02 -1.484334e-19 6.325878e-01 7.499251e-01 -3.261526e-19 1.514812e-01 7.292319e-03 1.036925e-18 1.489435e+00 1.037467e+00 -3.678073e-19 1.552532e-01 3.448474e-02 -1.484334e-19 1.153551e+00 1.018737e+00 -1.215390e-19 1.806307e-01 -1.575451e-02 -9.783492e-20 1.754701e+00 1.195008e+00 -3.786920e-19 1.552532e-01 3.448474e-02 -1.484334e-19 1.390485e+00 1.173220e+00 -5.394196e-20 2.089636e-01 -1.269669e-02 -1.763167e-19 1.930772e+00 1.391698e+00 -6.636735e-19 1.552532e-01 3.448474e-02 -1.484334e-19 1.520500e+00 1.349327e+00 -3.419570e-19 2.550182e-01 7.886496e-03 -1.732831e-19 2.121275e+00 1.689228e+00 -8.674053e-19 1.552532e-01 3.448474e-02 -1.484334e-19 1.639954e+00 1.614378e+00 -6.120270e-19 3.260676e-01 4.036478e-02 -1.069449e-19 2.314635e+00 1.892003e+00 -7.104560e-19 1.552532e-01 3.448474e-02 -1.484334e-19 1.745231e+00 1.765284e+00 -3.845779e-19 4.141508e-01 9.223482e-02 -1.774448e-19 2.464158e+00 2.136037e+00 -7.125278e-19 1.552532e-01 3.448474e-02 -1.484334e-19 1.770771e+00 1.989713e+00 -3.845779e-19 5.381342e-01 1.118389e-01 -1.795165e-19 2.555250e+00 2.349730e+00 -7.104238e-19 1.552532e-01 3.448474e-02 -1.484334e-19 1.770771e+00 2.203406e+00 -3.845779e-19 6.292257e-01 1.118389e-01 -1.774126e-19 2.643028e+00 2.538275e+00 -7.104217e-19 1.552532e-01 3.448474e-02 -1.484334e-19 1.770771e+00 2.391951e+00 -3.845779e-19 7.170035e-01 1.118389e-01 -1.774105e-19 2.732059e+00 2.704031e+00 -7.104217e-19 1.552532e-01 3.448474e-02 -1.484334e-19 1.770771e+00 2.557708e+00 -3.845779e-19 8.060349e-01 1.118389e-01 -1.774105e-19 2.828359e+00 2.844970e+00 -7.104222e-19 1.552532e-01 3.448474e-02 -1.484334e-19 1.770771e+00 2.698646e+00 -3.845779e-19 9.023350e-01 1.118389e-01 -1.774110e-19 2.974665e+00 3.015888e+00 -4.859244e-19 1.552532e-01 3.448474e-02 -1.484334e-19 1.822317e+00 2.902353e+00 -4.010980e-20 9.970950e-01 7.905025e-02 -2.973812e-19 3.050766e+00 3.124618e+00 -2.318154e-19 1.552532e-01 3.448474e-02 -1.484334e-19 1.856922e+00 3.025006e+00 2.673577e-19 1.038591e+00 6.512793e-02 -3.507398e-19 3.109418e+00 3.205237e+00 -5.844138e-20 1.552532e-01 3.448474e-02 -1.484334e-19 1.882883e+00 3.113624e+00 5.110793e-19 1.071282e+00 5.712870e-02 -4.210874e-19 3.149015e+00 3.257376e+00 6.097078e-20 1.552532e-01 3.448474e-02 -1.484334e-19 1.896405e+00 3.168997e+00 6.576891e-19 1.097356e+00 5.389495e-02 -4.482850e-19 3.164869e+00 3.285583e+00 9.345380e-20 1.552532e-01 3.448474e-02 -1.484334e-19 1.903562e+00 3.179563e+00 6.909854e-19 1.106054e+00 7.153515e-02 -4.490982e-19
127            5.136063e-01 1.987111e-01 -2.573751e-19 1.549600e-01 3.450985e-02 -1.484832e-19 2.875502e-01 1.295603e-01 -7.711896e-19 7.109610e-02 3.464095e-02 6.622977e-19 5.448310e-01 4.152003e-01 -1.088116e-19 1.549600e-01 3.450985e-02 -1.484832e-19 3.029345e-01 3.445413e-01 -5.626928e-19 8.693647e-02 3.614915e-02 6.023643e-19 3.345187e-01 3.939956e-01 -2.267639e-19 1.549600e-01 3.450985e-02 -1.484832e-19 7.780421e-02 3.338732e-01 -8.151462e-19 1.017545e-01 2.561250e-02 7.368654e-19 3.386917e-01 5.553730e-01 6.545149e-20 1.549600e-01 3.450985e-02 -1.484832e-19 6.304968e-02 4.951830e-01 -6.040909e-19 1.206820e-01 2.568013e-02 8.180256e-19 9.394852e-01 7.920139e-01 5.625990e-19 1.549600e-01 3.450985e-02 -1.484832e-19 6.327377e-01 7.501900e-01 -3.264806e-19 1.517875e-01 7.314113e-03 1.037563e-18 1.489665e+00 1.037746e+00 -3.676908e-19 1.549600e-01 3.450985e-02 -1.484832e-19 1.153789e+00 1.018974e+00 -1.217308e-19 1.809159e-01 -1.573803e-02 -9.747683e-20 1.754978e+00 1.195243e+00 -3.785714e-19 1.549600e-01 3.450985e-02 -1.484832e-19 1.390800e+00 1.173424e+00 -5.408717e-20 2.092176e-01 -1.269030e-02 -1.760011e-19 1.931076e+00 1.391912e+00 -6.637059e-19 1.549600e-01 3.450985e-02 -1.484832e-19 1.520883e+00 1.349529e+00 -3.422522e-19 2.552330e-01 7.872646e-03 -1.729706e-19 2.121606e+00 1.689471e+00 -8.675479e-19 1.549600e-01 3.450985e-02 -1.484832e-19 1.640397e+00 1.614628e+00 -6.124607e-19 3.262493e-01 4.033242e-02 -1.066040e-19 2.314976e+00 1.892258e+00 -7.105174e-19 1.549600e-01 3.450985e-02 -1.484832e-19 1.745718e+00 1.765574e+00 -3.849159e-19 4.142977e-01 9.217350e-02 -1.771184e-19 2.464410e+00 2.136266e+00 -7.126145e-19 1.549600e-01 3.450985e-02 -1.484832e-19 1.771257e+00 1.989994e+00 -3.849159e-19 5.381930e-01 1.117628e-01 -1.792154e-19 2.555432e+00 2.349910e+00 -7.104853e-19 1.549600e-01 3.450985e-02 -1.484832e-19 1.771257e+00 2.203637e+00 -3.849159e-19 6.292147e-01 1.117628e-01 -1.770862e-19 2.643154e+00 2.538394e+00 -7.104831e-19 1.549600e-01 3.450985e-02 -1.484832e-19 1.771257e+00 2.392122e+00 -3.849159e-19 7.169368e-01 1.117628e-01 -1.770840e-19 2.732151e+00 2.704094e+00 -7.104831e-19 1.549600e-01 3.450985e-02 -1.484832e-19 1.771257e+00 2.557822e+00 -3.849159e-19 8.059338e-01 1.117628e-01 -1.770840e-19 2.828448e+00 2.844993e+00 -7.104836e-19 1.549600e-01 3.450985e-02 -1.484832e-19 1.771257e+00 2.698720e+00 -3.849159e-19 9.022309e-01 1.117628e-01 -1.770845e-19 2.974789e+00 3.015901e+00 -4.861073e-19 1.549600e-01 3.450985e-02 -1.484832e-19 1.822786e+00 2.902448e+00 -4.057894e-20 9.970429e-01 7.894365e-02 -2.970452e-19 3.050921e+00 3.124614e+00 -2.321349e-19 1.549600e-01 3.450985e-02 -1.484832e-19 1.857374e+00 3.025119e+00 2.667362e-19 1.038588e+00 6.498496e-02 -3.503880e-19 3.109607e+00 3.205214e+00 -5.887350e-20 1.549600e-01 3.450985e-02 -1.484832e-19 1.883320e+00 3.113756e+00 5.103153e-19 1.071327e+00 5.694841e-02 -4.207057e-19 3.149230e+00 3.257356e+00 6.046867e-20 1.549600e-01 3.450985e-02 -1.484832e-19 1.896834e+00 3.169155e+00 6.568393e-19 1.097436e+00 5.369087e-02 -4.478875e-19 3.165013e+00 3.285596e+00 9.304500e-20 1.549600e-01 3.450985e-02 -1.484832e-19 1.903904e+00 3.179739e+00 6.901947e-19 1.106150e+00 7.134657e-02 -4.486666e-19
128            5.135747e-01 1.990125e-01 -2.574519e-19 1.546668e-01 3.453546e-02 -1.485322e-19 2.876130e-01 1.297611e-01 -7.717808e-19 7.129496e-02 3.471592e-02 6.628610e-19 5.448945e-01 4.155898e-01 -1.089045e-19 1.546668e-01 3.453546e-02 -1.485322e-19 3.029984e-01 3.448296e-01 -5.632701e-19 8.722935e-02 3.622474e-02 6.028978e-19 3.346075e-01 3.943863e-01 -2.268539e-19 1.546668e-01 3.453546e-02 -1.485322e-19 7.783783e-02 3.341841e-01 -8.157389e-19 1.021028e-01 2.566669e-02 7.374172e-19 3.387701e-01 5.557564e-01 6.548491e-20 1.546668e-01 3.453546e-02 -1.485322e-19 6.308563e-02 4.954906e-01 -6.046002e-19 1.210177e-01 2.573028e-02 8.186172e-19 9.396462e-01 7.923459e-01 5.628232e-19 1.546668e-01 3.453546e-02 -1.485322e-19 6.328797e-01 7.504752e-01 -3.268415e-19 1.520997e-01 7.335252e-03 1.038197e-18 1.489889e+00 1.038043e+00 -3.676027e-19 1.546668e-01 3.453546e-02 -1.485322e-19 1.154015e+00 1.019231e+00 -1.219595e-19 1.812069e-01 -1.572264e-02 -9.711100e-20 1.755244e+00 1.195498e+00 -3.784794e-19 1.546668e-01 3.453546e-02 -1.485322e-19 1.391100e+00 1.173649e+00 -5.426995e-20 2.094769e-01 -1.268562e-02 -1.756773e-19 1.931369e+00 1.392142e+00 -6.637631e-19 1.546668e-01 3.453546e-02 -1.485322e-19 1.521250e+00 1.349751e+00 -3.425810e-19 2.554521e-01 7.856036e-03 -1.726500e-19 2.121926e+00 1.689725e+00 -8.677160e-19 1.546668e-01 3.453546e-02 -1.485322e-19 1.640825e+00 1.614894e+00 -6.129287e-19 3.264341e-01 4.029625e-02 -1.062552e-19 2.315307e+00 1.892520e+00 -7.106005e-19 1.546668e-01 3.453546e-02 -1.485322e-19 1.746193e+00 1.765877e+00 -3.852836e-19 4.144468e-01 9.210783e-02 -1.767848e-19 2.464653e+00 2.136496e+00 -7.127249e-19 1.546668e-01 3.453546e-02 -1.485322e-19 1.771732e+00 1.990278e+00 -3.852836e-19 5.382545e-01 1.116823e-01 -1.789091e-19 2.555605e+00 2.350077e+00 -7.105684e-19 1.546668e-01 3.453546e-02 -1.485322e-19 1.771732e+00 2.203859e+00 -3.852836e-19 6.292067e-01 1.116823e-01 -1.767526e-19 2.643272e+00 2.538483e+00 -7.105662e-19 1.546668e-01 3.453546e-02 -1.485322e-19 1.771732e+00 2.392265e+00 -3.852836e-19 7.168732e-01 1.116823e-01 -1.767504e-19 2.732234e+00 2.704107e+00 -7.105662e-19 1.546668e-01 3.453546e-02 -1.485322e-19 1.771732e+00 2.557890e+00 -3.852836e-19 8.058356e-01 1.116823e-01 -1.767504e-19 2.828528e+00 2.844945e+00 -7.105667e-19 1.546668e-01 3.453546e-02 -1.485322e-19 1.771732e+00 2.698727e+00 -3.852836e-19 9.021292e-01 1.116823e-01 -1.767509e-19 2.974892e+00 3.015828e+00 -4.863728e-19 1.546668e-01 3.453546e-02 -1.485322e-19 1.823233e+00 2.902459e+00 -4.115978e-20 9.969924e-01 7.883285e-02 -2.966808e-19 3.051048e+00 3.124514e+00 -2.325955e-19 1.546668e-01 3.453546e-02 -1.485322e-19 1.857796e+00 3.025141e+00 2.659355e-19 1.038586e+00 6.483734e-02 -3.499988e-19 3.109764e+00 3.205092e+00 -5.947616e-20 1.546668e-01 3.453546e-02 -1.485322e-19 1.883723e+00 3.113793e+00 5.093319e-19 1.071374e+00 5.676277e-02 -4.202759e-19 3.149411e+00 3.257234e+00 5.977542e-20 1.546668e-01 3.453546e-02 -1.485322e-19 1.897227e+00 3.169218e+00 6.557439e-19 1.097517e+00 5.348095e-02 -4.474363e-19 3.165112e+00 3.285507e+00 9.244900e-20 1.546668e-01 3.453546e-02 -1.485322e-19 1.904198e+00 3.179821e+00 6.891566e-19 1.106248e+00 7.115067e-02 -4.481754e-19
129            5.135485e-01 1.993177e-01 -2.575364e-19 1.543735e-01 3.456168e-02 -1.485830e-19 2.876815e-01 1.299656e-01 -7.723866e-19 7.149348e-02 3.479051e-02 6.634332e-19 5.449653e-01 4.159886e-01 -1.090009e-19 1.543735e-01 3.456168e-02 -1.485830e-19 3.030683e-01 3.451270e-01 -5.638577e-19 8.752355e-02 3.629999e-02 6.034398e-19 3.347021e-01 3.947876e-01 -2.269486e-19 1.543735e-01 3.456168e-02 -1.485830e-19 7.787405e-02 3.345054e-01 -8.163447e-19 1.024545e-01 2.572049e-02 7.379790e-19 3.388551e-01 5.561520e-01 6.551996e-20 1.543735e-01 3.456168e-02 -1.485830e-19 6.312405e-02 4.958102e-01 -6.051180e-19 1.213575e-01 2.578010e-02 8.192209e-19 9.398247e-01 7.926937e-01 5.630591e-19 1.543735e-01 3.456168e-02 -1.485830e-19 6.330348e-01 7.507761e-01 -3.272044e-19 1.524163e-01 7.355925e-03 1.038846e-18 1.490141e+00 1.038362e+00 -3.675227e-19 1.543735e-01 3.456168e-02 -1.485830e-19 1.154265e+00 1.019509e+00 -1.221852e-19 1.815023e-01 -1.570804e-02 -9.675454e-20 1.755544e+00 1.195779e+00 -3.783963e-19 1.543735e-01 3.456168e-02 -1.485830e-19 1.391430e+00 1.173899e+00 -5.444831e-20 2.097402e-01 -1.268223e-02 -1.753650e-19 1.931697e+00 1.392404e+00 -6.638343e-19 1.543735e-01 3.456168e-02 -1.485830e-19 1.521649e+00 1.350005e+00 -3.429104e-19 2.556739e-01 7.837075e-03 -1.723410e-19 2.122283e+00 1.690020e+00 -8.679037e-19 1.543735e-01 3.456168e-02 -1.485830e-19 1.641289e+00 1.615202e+00 -6.134047e-19 3.266201e-01 4.025663e-02 -1.059160e-19 2.315679e+00 1.892827e+00 -7.106945e-19 1.543735e-01 3.456168e-02 -1.485830e-19 1.746709e+00 1.766228e+00 -3.856480e-19 4.145962e-01 9.203802e-02 -1.764635e-19 2.464938e+00 2.136772e+00 -7.128490e-19 1.543735e-01 3.456168e-02 -1.485830e-19 1.772248e+00 1.990612e+00 -3.856480e-19 5.383161e-01 1.115977e-01 -1.786180e-19 2.555821e+00 2.350287e+00 -7.106624e-19 1.543735e-01 3.456168e-02 -1.485830e-19 1.772248e+00 2.204128e+00 -3.856480e-19 6.291989e-01 1.115977e-01 -1.764314e-19 2.643432e+00 2.538611e+00 -7.106601e-19 1.543735e-01 3.456168e-02 -1.485830e-19 1.772248e+00 2.392452e+00 -3.856480e-19 7.168099e-01 1.115977e-01 -1.764291e-19 2.732359e+00 2.704153e+00 -7.106601e-19 1.543735e-01 3.456168e-02 -1.485830e-19 1.772248e+00 2.557994e+00 -3.856480e-19 8.057373e-01 1.115977e-01 -1.764291e-19 2.828649e+00 2.844921e+00 -7.106606e-19 1.543735e-01 3.456168e-02 -1.485830e-19 1.772248e+00 2.698762e+00 -3.856480e-19 9.020268e-01 1.115977e-01 -1.764296e-19 2.975025e+00 3.015778e+00 -4.867183e-19 1.543735e-01 3.456168e-02 -1.485830e-19 1.823711e+00 2.902498e+00 -4.183176e-20 9.969410e-01 7.871769e-02 -2.963035e-19 3.051193e+00 3.124436e+00 -2.332240e-19 1.543735e-01 3.456168e-02 -1.485830e-19 1.858236e+00 3.025189e+00 2.649394e-19 1.038583e+00 6.468473e-02 -3.495804e-19 3.109926e+00 3.204987e+00 -6.033147e-20 1.543735e-01 3.456168e-02 -1.485830e-19 1.884131e+00 3.113854e+00 5.080363e-19 1.071422e+00 5.657138e-02 -4.197847e-19 3.149587e+00 3.257130e+00 5.873492e-20 1.543735e-01 3.456168e-02 -1.485830e-19 1.897614e+00 3.169303e+00 6.542191e-19 1.097600e+00 5.326478e-02 -4.469012e-19 3.165155e+00 3.285432e+00 9.153668e-20 1.543735e-01 3.456168e-02 -1.485830e-19 1.904434e+00 3.179923e+00 6.877028e-19 1.106347e+00 7.094700e-02 -4.475831e-19
130            5.135269e-01 1.996240e-01 -2.576245e-19 1.540803e-01 3.458834e-02 -1.486351e-19 2.877555e-01 1.301710e-01 -7.729987e-19 7.169108e-02 3.486473e-02 6.640093e-19 5.450422e-01 4.163914e-01 -1.090928e-19 1.540803e-01 3.458834e-02 -1.486351e-19 3.031441e-01 3.454281e-01 -5.644442e-19 8.781779e-02 3.637489e-02 6.039865e-19 3.348009e-01 3.951919e-01 -2.270388e-19 1.540803e-01 3.458834e-02 -1.486351e-19 7.791285e-02 3.348296e-01 -8.169502e-19 1.028077e-01 2.577398e-02 7.385465e-19 3.389448e-01 5.565513e-01 6.556824e-20 1.540803e-01 3.458834e-02 -1.486351e-19 6.316499e-02 4.961333e-01 -6.056292e-19 1.216995e-01 2.582965e-02 8.198325e-19 9.400194e-01 7.930488e-01 5.633184e-19 1.540803e-01 3.458834e-02 -1.486351e-19 6.332036e-01 7.510841e-01 -3.275533e-19 1.527356e-01 7.376398e-03 1.039507e-18 1.490423e+00 1.038695e+00 -3.674424e-19 1.540803e-01 3.458834e-02 -1.486351e-19 1.154542e+00 1.019801e+00 -1.223921e-19 1.818002e-01 -1.569375e-02 -9.641511e-20 1.755878e+00 1.196081e+00 -3.783145e-19 1.540803e-01 3.458834e-02 -1.486351e-19 1.391792e+00 1.174172e+00 -5.460722e-20 2.100056e-01 -1.267948e-02 -1.750721e-19 1.932059e+00 1.392697e+00 -6.639103e-19 1.540803e-01 3.458834e-02 -1.486351e-19 1.522082e+00 1.350292e+00 -3.432240e-19 2.558966e-01 7.816527e-03 -1.720512e-19 2.122675e+00 1.690361e+00 -8.680990e-19 1.540803e-01 3.458834e-02 -1.486351e-19 1.641789e+00 1.615559e+00 -6.138691e-19 3.268054e-01 4.021431e-02 -1.055948e-19 2.316087e+00 1.893192e+00 -7.107921e-19 1.540803e-01 3.458834e-02 -1.486351e-19 1.747263e+00 1.766639e+00 -3.859956e-19 4.147439e-01 9.196474e-02 -1.761614e-19 2.465260e+00 2.137117e+00 -7.129776e-19 1.540803e-01 3.458834e-02 -1.486351e-19 1.772804e+00 1.991019e+00 -3.859956e-19 5.383755e-01 1.115095e-01 -1.783469e-19 2.556073e+00 2.350580e+00 -7.107600e-19 1.540803e-01 3.458834e-02 -1.486351e-19 1.772804e+00 2.204482e+00 -3.859956e-19 6.291891e-01 1.115095e-01 -1.761293e-19 2.643629e+00 2.538836e+00 -7.107577e-19 1.540803e-01 3.458834e-02 -1.486351e-19 1.772804e+00 2.392738e+00 -3.859956e-19 7.167444e-01 1.115095e-01 -1.761270e-19 2.732521e+00 2.704310e+00 -7.107577e-19 1.540803e-01 3.458834e-02 -1.486351e-19 1.772804e+00 2.558212e+00 -3.859956e-19 8.056364e-01 1.115095e-01 -1.761270e-19 2.828805e+00 2.845021e+00 -7.107581e-19 1.540803e-01 3.458834e-02 -1.486351e-19 1.772804e+00 2.698924e+00 -3.859956e-19 9.019211e-01 1.115095e-01 -1.761274e-19 2.975187e+00 3.015868e+00 -4.870996e-19 1.540803e-01 3.458834e-02 -1.486351e-19 1.824221e+00 2.902681e+00 -4.253268e-20 9.968862e-01 7.859889e-02 -2.959318e-19 3.051360e+00 3.124505e+00 -2.339479e-19 1.540803e-01 3.458834e-02 -1.486351e-19 1.858702e+00 3.025389e+00 2.638415e-19 1.038578e+00 6.452802e-02 -3.491542e-19 3.110097e+00 3.205031e+00 -6.136625e-20 1.540803e-01 3.458834e-02 -1.486351e-19 1.884550e+00 3.114068e+00 5.065210e-19 1.071467e+00 5.637535e-02 -4.192521e-19 3.149760e+00 3.257174e+00 5.740462e-20 1.540803e-01 3.458834e-02 -1.486351e-19 1.897999e+00 3.169542e+00 6.523380e-19 1.097681e+00 5.304350e-02 -4.462983e-19 3.165126e+00 3.285504e+00 9.037979e-20 1.540803e-01 3.458834e-02 -1.486351e-19 1.904601e+00 3.180179e+00 6.859179e-19 1.106445e+00 7.073660e-02 -4.469030e-19
131            5.135033e-01 1.999287e-01 -2.577101e-19 1.537870e-01 3.461514e-02 -1.486865e-19 2.878290e-01 1.303750e-01 -7.736022e-19 7.188733e-02 3.493853e-02 6.645786e-19 5.451178e-01 4.167914e-01 -1.091790e-19 1.537870e-01 3.461514e-02 -1.486865e-19 3.032197e-01 3.457269e-01 -5.650200e-19 8.811118e-02 3.644940e-02 6.045274e-19 3.348990e-01 3.955930e-01 -2.271229e-19 1.537870e-01 3.461514e-02 -1.486865e-19 7.795093e-02 3.351507e-01 -8.175444e-19 1.031611e-01 2.582718e-02 7.391080e-19 3.390345e-01 5.569477e-01 6.562310e-20 1.537870e-01 3.461514e-02 -1.486865e-19 6.320513e-02 4.964536e-01 -6.061284e-19 1.220424e-01 2.587899e-02 8.204380e-19 9.402169e-01 7.934039e-01 5.635839e-19 1.537870e-01 3.461514e-02 -1.486865e-19 6.333739e-01 7.513918e-01 -3.278912e-19 1.530560e-01 7.396890e-03 1.040162e-18 1.490712e+00 1.039033e+00 -3.673640e-19 1.537870e-01 3.461514e-02 -1.486865e-19 1.154826e+00 1.020097e+00 -1.225897e-19 1.820993e-01 -1.567930e-02 -9.608777e-20 1.756219e+00 1.196395e+00 -3.782358e-19 1.537870e-01 3.461514e-02 -1.486865e-19 1.392160e+00 1.174457e+00 -5.475754e-20 2.102718e-01 -1.267677e-02 -1.747918e-19 1.932425e+00 1.393009e+00 -6.639860e-19 1.537870e-01 3.461514e-02 -1.486865e-19 1.522519e+00 1.350599e+00 -3.435257e-19 2.561190e-01 7.795145e-03 -1.717737e-19 2.123067e+00 1.690735e+00 -8.682902e-19 1.537870e-01 3.461514e-02 -1.486865e-19 1.642291e+00 1.615949e+00 -6.143168e-19 3.269889e-01 4.017016e-02 -1.052869e-19 2.316491e+00 1.893602e+00 -7.108916e-19 1.537870e-01 3.461514e-02 -1.486865e-19 1.747816e+00 1.767098e+00 -3.863344e-19 4.148885e-01 9.188893e-02 -1.758707e-19 2.465576e+00 2.137524e+00 -7.131061e-19 1.537870e-01 3.461514e-02 -1.486865e-19 1.773357e+00 1.991490e+00 -3.863344e-19 5.384317e-01 1.114187e-01 -1.780852e-19 2.556320e+00 2.350958e+00 -7.108594e-19 1.537870e-01 3.461514e-02 -1.486865e-19 1.773357e+00 2.204925e+00 -3.863344e-19 6.291763e-01 1.114187e-01 -1.758385e-19 2.643820e+00 2.539173e+00 -7.108571e-19 1.537870e-01 3.461514e-02 -1.486865e-19 1.773357e+00 2.393139e+00 -3.863344e-19 7.166759e-01 1.114187e-01 -1.758362e-19 2.732676e+00 2.704606e+00 -7.108571e-19 1.537870e-01 3.461514e-02 -1.486865e-19 1.773357e+00 2.558572e+00 -3.863344e-19 8.055321e-01 1.114187e-01 -1.758362e-19 2.828955e+00 2.845287e+00 -7.108575e-19 1.537870e-01 3.461514e-02 -1.486865e-19 1.773357e+00 2.699254e+00 -3.863344e-19 9.018112e-01 1.114187e-01 -1.758366e-19 2.975346e+00 3.016149e+00 -4.874611e-19 1.537870e-01 3.461514e-02 -1.486865e-19 1.824733e+00 2.903056e+00 -4.319873e-20 9.968265e-01 7.847777e-02 -2.955759e-19 3.051523e+00 3.124779e+00 -2.346485e-19 1.537870e-01 3.461514e-02 -1.486865e-19 1.859168e+00 3.025795e+00 2.627787e-19 1.038568e+00 6.436898e-02 -3.487407e-19 3.110260e+00 3.205286e+00 -6.241084e-20 1.537870e-01 3.461514e-02 -1.486865e-19 1.884965e+00 3.114494e+00 5.049923e-19 1.071508e+00 5.617681e-02 -4.187167e-19 3.149918e+00 3.257432e+00 5.600392e-20 1.537870e-01 3.461514e-02 -1.486865e-19 1.898374e+00 3.169998e+00 6.503679e-19 1.097757e+00 5.281931e-02 -4.456775e-19 3.165037e+00 3.285789e+00 8.918908e-20 1.537870e-01 3.461514e-02 -1.486865e-19 1.904711e+00 3.180652e+00 6.840680e-19 1.106539e+00 7.052189e-02 -4.461924e-19
132            5.134718e-01 2.002302e-01 -2.577891e-19 1.534936e-01 3.464185e-02 -1.487352e-19 2.878961e-01 1.305765e-01 -7.741871e-19 7.208213e-02 3.501183e-02 6.651332e-19 5.451856e-01 4.171839e-01 -1.092627e-19 1.534936e-01 3.464185e-02 -1.487352e-19 3.032884e-01 3.460186e-01 -5.655817e-19 8.840351e-02 3.652345e-02 6.050542e-19 3.349931e-01 3.959874e-01 -2.272042e-19 1.534936e-01 3.464185e-02 -1.487352e-19 7.798542e-02 3.354655e-01 -8.181230e-19 1.035141e-01 2.588008e-02 7.396540e-19 3.391209e-01 5.573378e-01 6.567108e-20 1.534936e-01 3.464185e-02 -1.487352e-19 6.324156e-02 4.967678e-01 -6.066190e-19 1.223857e-01 2.592812e-02 8.210253e-19 9.404028e-01 7.937533e-01 5.638303e-19 1.534936e-01 3.464185e-02 -1.487352e-19 6.335317e-01 7.516940e-01 -3.282307e-19 1.533774e-01 7.417445e-03 1.040796e-18 1.490982e+00 1.039366e+00 -3.672920e-19 1.534936e-01 3.464185e-02 -1.487352e-19 1.155089e+00 1.020388e+00 -1.227971e-19 1.823992e-01 -1.566454e-02 -9.575968e-20 1.756535e+00 1.196706e+00 -3.781643e-19 1.534936e-01 3.464185e-02 -1.487352e-19 1.392503e+00 1.174738e+00 -5.492004e-20 2.105386e-01 -1.267387e-02 -1.745090e-19 1.932761e+00 1.393320e+00 -6.640585e-19 1.534936e-01 3.464185e-02 -1.487352e-19 1.522927e+00 1.350905e+00 -3.438295e-19 2.563409e-01 7.773309e-03 -1.714937e-19 2.123421e+00 1.691109e+00 -8.684689e-19 1.534936e-01 3.464185e-02 -1.487352e-19 1.642757e+00 1.616342e+00 -6.147547e-19 3.271705e-01 4.012472e-02 -1.049790e-19 2.316848e+00 1.894020e+00 -7.109917e-19 1.534936e-01 3.464185e-02 -1.487352e-19 1.748324e+00 1.767566e+00 -3.866807e-19 4.150304e-01 9.181136e-02 -1.755757e-19 2.465843e+00 2.137953e+00 -7.132314e-19 1.534936e-01 3.464185e-02 -1.487352e-19 1.773864e+00 1.991985e+00 -3.866807e-19 5.384853e-01 1.113261e-01 -1.778155e-19 2.556520e+00 2.351379e+00 -7.109595e-19 1.534936e-01 3.464185e-02 -1.487352e-19 1.773864e+00 2.205411e+00 -3.866807e-19 6.291615e-01 1.113261e-01 -1.755436e-19 2.643964e+00 2.539575e+00 -7.109571e-19 1.534936e-01 3.464185e-02 -1.487352e-19 1.773864e+00 2.393607e+00 -3.866807e-19 7.166055e-01 1.113261e-01 -1.755412e-19 2.732784e+00 2.704992e+00 -7.109571e-19 1.534936e-01 3.464185e-02 -1.487352e-19 1.773864e+00 2.559024e+00 -3.866807e-19 8.054255e-01 1.113261e-01 -1.755412e-19 2.829056e+00 2.845668e+00 -7.109576e-19 1.534936e-01 3.464185e-02 -1.487352e-19 1.773864e+00 2.699700e+00 -3.866807e-19 9.016980e-01 1.113261e-01 -1.755417e-19 2.975464e+00 3.016564e+00 -4.877664e-19 1.534936e-01 3.464185e-02 -1.487352e-19 1.825208e+00 2.903567e+00 -4.379787e-20 9.967623e-01 7.835555e-02 -2.952334e-19 3.051652e+00 3.125198e+00 -2.352350e-19 1.534936e-01 3.464185e-02 -1.487352e-19 1.859605e+00 3.026347e+00 2.618489e-19 1.038553e+00 6.420927e-02 -3.483486e-19 3.110392e+00 3.205692e+00 -6.330851e-20 1.534936e-01 3.464185e-02 -1.487352e-19 1.885355e+00 3.115073e+00 5.036393e-19 1.071543e+00 5.597769e-02 -4.182126e-19 3.150049e+00 3.257846e+00 5.477048e-20 1.534936e-01 3.464185e-02 -1.487352e-19 1.898725e+00 3.170610e+00 6.485973e-19 1.097830e+00 5.259424e-02 -4.450917e-19 3.164924e+00 3.286232e+00 8.817268e-20 1.534936e-01 3.464185e-02 -1.487352e-19 1.904801e+00 3.181284e+00 6.824257e-19 1.106630e+00 7.030536e-02 -4.455178e-19
133            5.134319e-01 2.005288e-01 -2.578628e-19 1.532003e-01 3.466838e-02 -1.487810e-19 2.879559e-01 1.307758e-01 -7.747562e-19 7.227566e-02 3.508459e-02 6.656744e-19 5.452450e-01 4.175689e-01 -1.093481e-19 1.532003e-01 3.466838e-02 -1.487810e-19 3.033495e-01 3.463035e-01 -5.661350e-19 8.869518e-02 3.659697e-02 6.055679e-19 3.350843e-01 3.963756e-01 -2.272872e-19 1.532003e-01 3.466838e-02 -1.487810e-19 7.801668e-02 3.357746e-01 -8.186917e-19 1.038673e-01 2.593260e-02 7.401855e-19 3.392050e-01 5.577219e-01 6.570423e-20 1.532003e-01 3.466838e-02 -1.487810e-19 6.327468e-02 4.970765e-01 -6.071090e-19 1.227300e-01 2.597697e-02 8.215942e-19 9.405739e-01 7.940959e-01 5.640459e-19 1.532003e-01 3.466838e-02 -1.487810e-19 6.336732e-01 7.519896e-01 -3.285829e-19 1.537004e-01 7.437921e-03 1.041410e-18 1.491224e+00 1.039688e+00 -3.672275e-19 1.532003e-01 3.466838e-02 -1.487810e-19 1.155323e+00 1.020669e+00 -1.230267e-19 1.827006e-01 -1.564964e-02 -9.541973e-20 1.756815e+00 1.197004e+00 -3.781000e-19 1.532003e-01 3.466838e-02 -1.487810e-19 1.392809e+00 1.175007e+00 -5.510702e-20 2.108065e-01 -1.267098e-02 -1.742119e-19 1.933055e+00 1.393615e+00 -6.641276e-19 1.532003e-01 3.466838e-02 -1.487810e-19 1.523292e+00 1.351196e+00 -3.441472e-19 2.565632e-01 7.750909e-03 -1.711993e-19 2.123727e+00 1.691459e+00 -8.686355e-19 1.532003e-01 3.466838e-02 -1.487810e-19 1.643175e+00 1.616713e+00 -6.151954e-19 3.273513e-01 4.007803e-02 -1.046591e-19 2.317150e+00 1.894411e+00 -7.110909e-19 1.532003e-01 3.466838e-02 -1.487810e-19 1.748779e+00 1.768011e+00 -3.870446e-19 4.151706e-01 9.173222e-02 -1.752653e-19 2.466054e+00 2.138360e+00 -7.133528e-19 1.532003e-01 3.466838e-02 -1.487810e-19 1.774316e+00 1.992460e+00 -3.870446e-19 5.385380e-01 1.112320e-01 -1.775271e-19 2.556663e+00 2.351784e+00 -7.110588e-19 1.532003e-01 3.466838e-02 -1.487810e-19 1.774316e+00 2.205884e+00 -3.870446e-19 6.291464e-01 1.112320e-01 -1.752332e-19 2.644051e+00 2.539969e+00 -7.110564e-19 1.532003e-01 3.466838e-02 -1.487810e-19 1.774316e+00 2.394069e+00 -3.870446e-19 7.165352e-01 1.112320e-01 -1.752308e-19 2.732835e+00 2.705379e+00 -7.110564e-19 1.532003e-01 3.466838e-02 -1.487810e-19 1.774316e+00 2.559479e+00 -3.870446e-19 8.053187e-01 1.112320e-01 -1.752308e-19 2.829100e+00 2.846061e+00 -7.110568e-19 1.532003e-01 3.466838e-02 -1.487810e-19 1.774316e+00 2.700160e+00 -3.870446e-19 9.015837e-01 1.112320e-01 -1.752312e-19 2.975532e+00 3.016995e+00 -4.880182e-19 1.532003e-01 3.466838e-02 -1.487810e-19 1.825637e+00 2.904094e+00 -4.434346e-20 9.966954e-01 7.823270e-02 -2.948937e-19 3.051740e+00 3.125636e+00 -2.356985e-19 1.532003e-01 3.466838e-02 -1.487810e-19 1.860005e+00 3.026918e+00 2.610545e-19 1.038535e+00 6.404951e-02 -3.479720e-19 3.110494e+00 3.206122e+00 -6.401689e-20 1.532003e-01 3.466838e-02 -1.487810e-19 1.885718e+00 3.115675e+00 5.025132e-19 1.071576e+00 5.577868e-02 -4.177491e-19 3.150158e+00 3.258285e+00 5.380017e-20 1.532003e-01 3.466838e-02 -1.487810e-19 1.899058e+00 3.171248e+00 6.471443e-19 1.097899e+00 5.236901e-02 -4.445631e-19 3.164833e+00 3.286701e+00 8.739769e-20 1.532003e-01 3.466838e-02 -1.487810e-19 1.904914e+00 3.181945e+00 6.810908e-19 1.106718e+00 7.008810e-02 -4.449121e-19
134            5.133897e-01 2.008265e-01 -2.579378e-19 1.529070e-01 3.469481e-02 -1.488259e-19 2.880146e-01 1.309749e-01 -7.753253e-19 7.246816e-02 3.515680e-02 6.662134e-19 5.453028e-01 4.179510e-01 -1.094379e-19 1.529070e-01 3.469481e-02 -1.488259e-19 3.034090e-01 3.465863e-01 -5.666918e-19 8.898680e-02 3.666997e-02 6.060798e-19 3.351774e-01 3.967620e-01 -2.273746e-19 1.529070e-01 3.469481e-02 -1.488259e-19 7.804885e-02 3.360825e-01 -8.192633e-19 1.042216e-01 2.598470e-02 7.407147e-19 3.392920e-01 5.581044e-01 6.572559e-20 1.529070e-01 3.469481e-02 -1.488259e-19 6.330867e-02 4.973841e-01 -6.076073e-19 1.230764e-01 2.602550e-02 8.221588e-19 9.407407e-01 7.944358e-01 5.642416e-19 1.529070e-01 3.469481e-02 -1.488259e-19 6.338076e-01 7.522828e-01 -3.289502e-19 1.540261e-01 7.458113e-03 1.042018e-18 1.491452e+00 1.040004e+00 -3.671665e-19 1.529070e-01 3.469481e-02 -1.488259e-19 1.155541e+00 1.020944e+00 -1.232760e-19 1.830046e-01 -1.563494e-02 -9.506449e-20 1.757078e+00 1.197292e+00 -3.780381e-19 1.529070e-01 3.469481e-02 -1.488259e-19 1.393095e+00 1.175266e+00 -5.531415e-20 2.110768e-01 -1.266853e-02 -1.738980e-19 1.933330e+00 1.393891e+00 -6.641958e-19 1.529070e-01 3.469481e-02 -1.488259e-19 1.523636e+00 1.351468e+00 -3.444816e-19 2.567872e-01 7.727542e-03 -1.708882e-19 2.124011e+00 1.691780e+00 -8.687996e-19 1.529070e-01 3.469481e-02 -1.488259e-19 1.643571e+00 1.617055e+00 -6.156507e-19 3.275327e-01 4.002970e-02 -1.043229e-19 2.317428e+00 1.894765e+00 -7.111890e-19 1.529070e-01 3.469481e-02 -1.488259e-19 1.749210e+00 1.768419e+00 -3.874249e-19 4.153108e-01 9.165112e-02 -1.749382e-19 2.466242e+00 2.138723e+00 -7.134724e-19 1.529070e-01 3.469481e-02 -1.488259e-19 1.774744e+00 1.992892e+00 -3.874249e-19 5.385912e-01 1.111360e-01 -1.772215e-19 2.556784e+00 2.352138e+00 -7.111569e-19 1.529070e-01 3.469481e-02 -1.488259e-19 1.774744e+00 2.206307e+00 -3.874249e-19 6.291326e-01 1.111360e-01 -1.749060e-19 2.644117e+00 2.540304e+00 -7.111544e-19 1.529070e-01 3.469481e-02 -1.488259e-19 1.774744e+00 2.394473e+00 -3.874249e-19 7.164665e-01 1.111360e-01 -1.749036e-19 2.732864e+00 2.705699e+00 -7.111544e-19 1.529070e-01 3.469481e-02 -1.488259e-19 1.774744e+00 2.559868e+00 -3.874249e-19 8.052135e-01 1.111360e-01 -1.749036e-19 2.829121e+00 2.846378e+00 -7.111549e-19 1.529070e-01 3.469481e-02 -1.488259e-19 1.774744e+00 2.700547e+00 -3.874249e-19 9.014702e-01 1.111360e-01 -1.749040e-19 2.975580e+00 3.017342e+00 -4.882510e-19 1.529070e-01 3.469481e-02 -1.488259e-19 1.826045e+00 2.904539e+00 -4.487974e-20 9.966280e-01 7.810875e-02 -2.945453e-19 3.051811e+00 3.125987e+00 -2.361071e-19 1.529070e-01 3.469481e-02 -1.488259e-19 1.860389e+00 3.027403e+00 2.603146e-19 1.038515e+00 6.388912e-02 -3.475958e-19 3.110588e+00 3.206464e+00 -6.461798e-20 1.529070e-01 3.469481e-02 -1.488259e-19 1.886075e+00 3.116190e+00 5.015160e-19 1.071607e+00 5.557907e-02 -4.173081e-19 3.150267e+00 3.258636e+00 5.300796e-20 1.529070e-01 3.469481e-02 -1.488259e-19 1.899392e+00 3.171798e+00 6.459075e-19 1.097968e+00 5.214288e-02 -4.440736e-19 3.164790e+00 3.287083e+00 8.677006e-20 1.529070e-01 3.469481e-02 -1.488259e-19 1.905077e+00 3.182519e+00 6.799541e-19 1.106806e+00 6.986944e-02 -4.443581e-19
135            5.133546e-01 2.011252e-01 -2.580219e-19 1.526136e-01 3.472127e-02 -1.488727e-19 2.880812e-01 1.311755e-01 -7.759140e-19 7.265979e-02 3.522846e-02 6.667647e-19 5.453693e-01 4.183359e-01 -1.095311e-19 1.526136e-01 3.472127e-02 -1.488727e-19 3.034769e-01 3.468722e-01 -5.672637e-19 8.927884e-02 3.674246e-02 6.066053e-19 3.352796e-01 3.971502e-01 -2.274642e-19 1.526136e-01 3.472127e-02 -1.488727e-19 7.808815e-02 3.363925e-01 -8.198492e-19 1.045779e-01 2.603637e-02 7.412578e-19 3.393891e-01 5.584881e-01 6.574933e-20 1.526136e-01 3.472127e-02 -1.488727e-19 6.334991e-02 4.976932e-01 -6.081166e-19 1.234256e-01 2.607366e-02 8.227386e-19 9.409208e-01 7.947754e-01 5.644454e-19 1.526136e-01 3.472127e-02 -1.488727e-19 6.339519e-01 7.525762e-01 -3.293236e-19 1.543553e-01 7.477875e-03 1.042642e-18 1.491695e+00 1.040316e+00 -3.670976e-19 1.526136e-01 3.472127e-02 -1.488727e-19 1.155769e+00 1.021216e+00 -1.235269e-19 1.833121e-01 -1.562075e-02 -9.469801e-20 1.757358e+00 1.197571e+00 -3.779671e-19 1.526136e-01 3.472127e-02 -1.488727e-19 1.393394e+00 1.175517e+00 -5.552070e-20 2.113503e-01 -1.266687e-02 -1.735737e-19 1.933625e+00 1.394151e+00 -6.642626e-19 1.526136e-01 3.472127e-02 -1.488727e-19 1.523997e+00 1.351727e+00 -3.448232e-19 2.570137e-01 7.702799e-03 -1.705667e-19 2.124319e+00 1.692075e+00 -8.689700e-19 1.526136e-01 3.472127e-02 -1.488727e-19 1.643990e+00 1.617374e+00 -6.161234e-19 3.277156e-01 3.997926e-02 -1.039740e-19 2.317735e+00 1.895082e+00 -7.112831e-19 1.526136e-01 3.472127e-02 -1.488727e-19 1.749670e+00 1.768794e+00 -3.878089e-19 4.154519e-01 9.156745e-02 -1.746016e-19 2.466462e+00 2.139035e+00 -7.135903e-19 1.526136e-01 3.472127e-02 -1.488727e-19 1.775202e+00 1.993276e+00 -3.878089e-19 5.386458e-01 1.110375e-01 -1.769088e-19 2.556937e+00 2.352425e+00 -7.112510e-19 1.526136e-01 3.472127e-02 -1.488727e-19 1.775202e+00 2.206666e+00 -3.878089e-19 6.291208e-01 1.110375e-01 -1.745694e-19 2.644216e+00 2.540554e+00 -7.112485e-19 1.526136e-01 3.472127e-02 -1.488727e-19 1.775202e+00 2.394796e+00 -3.878089e-19 7.164001e-01 1.110375e-01 -1.745670e-19 2.732927e+00 2.705916e+00 -7.112485e-19 1.526136e-01 3.472127e-02 -1.488727e-19 1.775202e+00 2.560157e+00 -3.878089e-19 8.051108e-01 1.110375e-01 -1.745670e-19 2.829175e+00 2.846575e+00 -7.112490e-19 1.526136e-01 3.472127e-02 -1.488727e-19 1.775202e+00 2.700816e+00 -3.878089e-19 9.013589e-01 1.110375e-01 -1.745674e-19 2.975654e+00 3.017553e+00 -4.885044e-19 1.526136e-01 3.472127e-02 -1.488727e-19 1.826479e+00 2.904849e+00 -4.545065e-20 9.965620e-01 7.798274e-02 -2.941811e-19 3.051909e+00 3.126193e+00 -2.365517e-19 1.526136e-01 3.472127e-02 -1.488727e-19 1.860798e+00 3.027745e+00 2.595249e-19 1.038497e+00 6.372684e-02 -3.472039e-19 3.110710e+00 3.206657e+00 -6.524580e-20 1.526136e-01 3.472127e-02 -1.488727e-19 1.886457e+00 3.116558e+00 5.004846e-19 1.071639e+00 5.537735e-02 -4.168577e-19 3.150408e+00 3.258834e+00 5.221773e-20 1.526136e-01 3.472127e-02 -1.488727e-19 1.899756e+00 3.172199e+00 6.446722e-19 1.098038e+00 5.191424e-02 -4.435818e-19 3.164805e+00 3.287312e+00 8.612216e-20 1.526136e-01 3.472127e-02 -1.488727e-19 1.905296e+00 3.182943e+00 6.788034e-19 1.106896e+00 6.964755e-02 -4.438085e-19
136            5.133352e-01 2.014255e-01 -2.581206e-19 1.523202e-01 3.474783e-02 -1.489237e-19 2.881644e-01 1.313780e-01 -7.765371e-19 7.285061e-02 3.529964e-02 6.673401e-19 5.454540e-01 4.187258e-01 -1.096224e-19 1.523202e-01 3.474783e-02 -1.489237e-19 3.035623e-01 3.471635e-01 -5.678559e-19 8.957148e-02 3.681449e-02 6.071572e-19 3.353975e-01 3.975385e-01 -2.275478e-19 1.523202e-01 3.474783e-02 -1.489237e-19 7.814080e-02 3.367031e-01 -8.204525e-19 1.049364e-01 2.608761e-02 7.418283e-19 3.395029e-01 5.588699e-01 6.579765e-20 1.523202e-01 3.474783e-02 -1.489237e-19 6.340487e-02 4.980006e-01 -6.086299e-19 1.237778e-01 2.612147e-02 8.233512e-19 9.411319e-01 7.951102e-01 5.646946e-19 1.523202e-01 3.474783e-02 -1.489237e-19 6.341235e-01 7.528652e-01 -3.296826e-19 1.546882e-01 7.497167e-03 1.043301e-18 1.491980e+00 1.040623e+00 -3.670024e-19 1.523202e-01 3.474783e-02 -1.489237e-19 1.156037e+00 1.021483e+00 -1.237489e-19 1.836235e-01 -1.560724e-02 -9.432984e-20 1.757690e+00 1.197838e+00 -3.778677e-19 1.523202e-01 3.474783e-02 -1.489237e-19 1.393742e+00 1.175757e+00 -5.569331e-20 2.116277e-01 -1.266618e-02 -1.732507e-19 1.933981e+00 1.394394e+00 -6.643208e-19 1.523202e-01 3.474783e-02 -1.489237e-19 1.524417e+00 1.351970e+00 -3.451505e-19 2.572433e-01 7.676463e-03 -1.702466e-19 2.124698e+00 1.692345e+00 -8.691488e-19 1.523202e-01 3.474783e-02 -1.489237e-19 1.644478e+00 1.617671e+00 -6.166038e-19 3.279006e-01 3.992638e-02 -1.036213e-19 2.318125e+00 1.895363e+00 -7.113658e-19 1.523202e-01 3.474783e-02 -1.489237e-19 1.750211e+00 1.769135e+00 -3.881744e-19 4.155942e-01 9.148069e-02 -1.742678e-19 2.466766e+00 2.139295e+00 -7.137009e-19 1.523202e-01 3.474783e-02 -1.489237e-19 1.775744e+00 1.993612e+00 -3.881744e-19 5.387018e-01 1.109358e-01 -1.766029e-19 2.557176e+00 2.352641e+00 -7.113337e-19 1.523202e-01 3.474783e-02 -1.489237e-19 1.775744e+00 2.206957e+00 -3.881744e-19 6.291109e-01 1.109358e-01 -1.742356e-19 2.644401e+00 2.540713e+00 -7.113311e-19 1.523202e-01 3.474783e-02 -1.489237e-19 1.775744e+00 2.395030e+00 -3.881744e-19 7.163362e-01 1.109358e-01 -1.742331e-19 2.733075e+00 2.706020e+00 -7.113311e-19 1.523202e-01 3.474783e-02 -1.489237e-19 1.775744e+00 2.560337e+00 -3.881744e-19 8.050107e-01 1.109358e-01 -1.742331e-19 2.829315e+00 2.846639e+00 -7.113315e-19 1.523202e-01 3.474783e-02 -1.489237e-19 1.775744e+00 2.700956e+00 -3.881744e-19 9.012503e-01 1.109358e-01 -1.742335e-19 2.975805e+00 3.017617e+00 -4.888028e-19 1.523202e-01 3.474783e-02 -1.489237e-19 1.826987e+00 2.905016e+00 -4.607857e-20 9.964983e-01 7.785376e-02 -2.938005e-19 3.052075e+00 3.126242e+00 -2.371033e-19 1.523202e-01 3.474783e-02 -1.489237e-19 1.861273e+00 3.027932e+00 2.586063e-19 1.038481e+00 6.356143e-02 -3.467860e-19 3.110895e+00 3.206684e+00 -6.602014e-20 1.523202e-01 3.474783e-02 -1.489237e-19 1.886900e+00 3.116765e+00 4.992716e-19 1.071675e+00 5.517206e-02 -4.163681e-19 3.150610e+00 3.258863e+00 5.125459e-20 1.523202e-01 3.474783e-02 -1.489237e-19 1.900177e+00 3.172433e+00 6.432227e-19 1.098112e+00 5.168156e-02 -4.430444e-19 3.164877e+00 3.287367e+00 8.529685e-20 1.523202e-01 3.474783e-02 -1.489237e-19 1.905567e+00 3.183199e+00 6.774321e-19 1.106990e+00 6.942043e-02 -4.432116e-19
137            5.133367e-01 2.017260e-01 -2.582359e-19 1.520268e-01 3.477443e-02 -1.489800e-19 2.882693e-01 1.315813e-01 -7.772002e-19 7.304055e-02 3.537031e-02 6.679444e-19 5.455625e-01 4.191189e-01 -1.097046e-19 1.520268e-01 3.477443e-02 -1.489800e-19 3.036711e-01 3.474584e-01 -5.684664e-19 8.986453e-02 3.688605e-02 6.077418e-19 3.355346e-01 3.979213e-01 -2.276153e-19 1.520268e-01 3.477443e-02 -1.489800e-19 7.821080e-02 3.370084e-01 -8.210676e-19 1.052970e-01 2.613843e-02 7.424324e-19 3.396376e-01 5.592412e-01 6.589221e-20 1.520268e-01 3.477443e-02 -1.489800e-19 6.347788e-02 4.982979e-01 -6.091333e-19 1.241328e-01 2.616891e-02 8.240055e-19 9.413846e-01 7.954299e-01 5.650217e-19 1.520268e-01 3.477443e-02 -1.489800e-19 6.343334e-01 7.531395e-01 -3.300026e-19 1.550243e-01 7.516021e-03 1.044004e-18 1.492327e+00 1.040914e+00 -3.668611e-19 1.520268e-01 3.477443e-02 -1.489800e-19 1.156362e+00 1.021734e+00 -1.239101e-19 1.839383e-01 -1.559442e-02 -9.397102e-20 1.758098e+00 1.198083e+00 -3.777199e-19 1.520268e-01 3.477443e-02 -1.489800e-19 1.394163e+00 1.175975e+00 -5.579790e-20 2.119085e-01 -1.266645e-02 -1.729420e-19 1.934426e+00 1.394609e+00 -6.643594e-19 1.520268e-01 3.477443e-02 -1.489800e-19 1.524923e+00 1.352186e+00 -3.454386e-19 2.574760e-01 7.648548e-03 -1.699407e-19 2.125180e+00 1.692583e+00 -8.693309e-19 1.520268e-01 3.477443e-02 -1.489800e-19 1.645066e+00 1.617937e+00 -6.170751e-19 3.280876e-01 3.987104e-02 -1.032758e-19 2.318632e+00 1.895603e+00 -7.114278e-19 1.520268e-01 3.477443e-02 -1.489800e-19 1.750867e+00 1.769438e+00 -3.884987e-19 4.157378e-01 9.139070e-02 -1.739491e-19 2.467191e+00 2.139502e+00 -7.137950e-19 1.520268e-01 3.477443e-02 -1.489800e-19 1.776405e+00 1.993896e+00 -3.884987e-19 5.387590e-01 1.108308e-01 -1.763163e-19 2.557535e+00 2.352789e+00 -7.113956e-19 1.520268e-01 3.477443e-02 -1.489800e-19 1.776405e+00 2.207184e+00 -3.884987e-19 6.291028e-01 1.108308e-01 -1.739169e-19 2.644706e+00 2.540792e+00 -7.113930e-19 1.520268e-01 3.477443e-02 -1.489800e-19 1.776405e+00 2.395187e+00 -3.884987e-19 7.162746e-01 1.108308e-01 -1.739143e-19 2.733345e+00 2.706031e+00 -7.113930e-19 1.520268e-01 3.477443e-02 -1.489800e-19 1.776405e+00 2.560426e+00 -3.884987e-19 8.049132e-01 1.108308e-01 -1.739143e-19 2.829576e+00 2.846596e+00 -7.113934e-19 1.520268e-01 3.477443e-02 -1.489800e-19 1.776405e+00 2.700991e+00 -3.884987e-19 9.011443e-01 1.108308e-01 -1.739147e-19 2.976066e+00 3.017564e+00 -4.891452e-19 1.520268e-01 3.477443e-02 -1.489800e-19 1.827602e+00 2.905068e+00 -4.675430e-20 9.964373e-01 7.772142e-02 -2.934109e-19 3.052340e+00 3.126165e+00 -2.377820e-19 1.520268e-01 3.477443e-02 -1.489800e-19 1.861844e+00 3.027999e+00 2.575415e-19 1.038469e+00 6.339228e-02 -3.463434e-19 3.111170e+00 3.206580e+00 -6.699276e-20 1.520268e-01 3.477443e-02 -1.489800e-19 1.887428e+00 3.116843e+00 4.978139e-19 1.071715e+00 5.496246e-02 -4.158267e-19 3.150894e+00 3.258755e+00 5.002462e-20 1.520268e-01 3.477443e-02 -1.489800e-19 1.900676e+00 3.172536e+00 6.414438e-19 1.098191e+00 5.144405e-02 -4.424391e-19 3.164998e+00 3.287281e+00 8.421949e-20 1.520268e-01 3.477443e-02 -1.489800e-19 1.905882e+00 3.183320e+00 6.757363e-19 1.107090e+00 6.918688e-02 -4.425368e-19
138            5.133567e-01 2.020245e-01 -2.583642e-19 1.517335e-01 3.480092e-02 -1.490410e-19 2.883939e-01 1.317831e-01 -7.778949e-19 7.322941e-02 3.544042e-02 6.685717e-19 5.456922e-01 4.195103e-01 -1.097732e-19 1.517335e-01 3.480092e-02 -1.490410e-19 3.038012e-01 3.477523e-01 -5.690861e-19 9.015749e-02 3.695706e-02 6.083539e-19 3.356894e-01 3.982919e-01 -2.276604e-19 1.517335e-01 3.480092e-02 -1.490410e-19 7.829718e-02 3.373023e-01 -8.216831e-19 1.056588e-01 2.618875e-02 7.430637e-19 3.397913e-01 5.595944e-01 6.604010e-20 1.517335e-01 3.480092e-02 -1.490410e-19 6.356809e-02 4.985776e-01 -6.096147e-19 1.244898e-01 2.621591e-02 8.246957e-19 9.416759e-01 7.957253e-01 5.654329e-19 1.517335e-01 3.480092e-02 -1.490410e-19 6.345795e-01 7.533899e-01 -3.302711e-19 1.553629e-01 7.534472e-03 1.044745e-18 1.492731e+00 1.041180e+00 -3.666663e-19 1.517335e-01 3.480092e-02 -1.490410e-19 1.156742e+00 1.021961e+00 -1.239979e-19 1.842558e-01 -1.558222e-02 -9.362743e-20 1.758579e+00 1.198297e+00 -3.775163e-19 1.517335e-01 3.480092e-02 -1.490410e-19 1.394654e+00 1.176163e+00 -5.582215e-20 2.121922e-01 -1.266754e-02 -1.726532e-19 1.934957e+00 1.394787e+00 -6.643704e-19 1.517335e-01 3.480092e-02 -1.490410e-19 1.525512e+00 1.352367e+00 -3.456745e-19 2.577110e-01 7.619242e-03 -1.696549e-19 2.125760e+00 1.692782e+00 -8.695068e-19 1.517335e-01 3.480092e-02 -1.490410e-19 1.645750e+00 1.618168e+00 -6.175225e-19 3.282763e-01 3.981347e-02 -1.029434e-19 2.319247e+00 1.895799e+00 -7.114641e-19 1.517335e-01 3.480092e-02 -1.490410e-19 1.751632e+00 1.769700e+00 -3.887729e-19 4.158821e-01 9.129776e-02 -1.736503e-19 2.467726e+00 2.139660e+00 -7.138661e-19 1.517335e-01 3.480092e-02 -1.490410e-19 1.777176e+00 1.994137e+00 -3.887729e-19 5.388171e-01 1.107228e-01 -1.760522e-19 2.558006e+00 2.352888e+00 -7.114319e-19 1.517335e-01 3.480092e-02 -1.490410e-19 1.777176e+00 2.207364e+00 -3.887729e-19 6.290963e-01 1.107228e-01 -1.736181e-19 2.645125e+00 2.540820e+00 -7.114293e-19 1.517335e-01 3.480092e-02 -1.490410e-19 1.777176e+00 2.395296e+00 -3.887729e-19 7.162152e-01 1.107228e-01 -1.736154e-19 2.733728e+00 2.705989e+00 -7.114293e-19 1.517335e-01 3.480092e-02 -1.490410e-19 1.777176e+00 2.560466e+00 -3.887729e-19 8.048182e-01 1.107228e-01 -1.736154e-19 2.829950e+00 2.846499e+00 -7.114297e-19 1.517335e-01 3.480092e-02 -1.490410e-19 1.777176e+00 2.700975e+00 -3.887729e-19 9.010408e-01 1.107228e-01 -1.736158e-19 2.976433e+00 3.017458e+00 -4.895027e-19 1.517335e-01 3.480092e-02 -1.490410e-19 1.828321e+00 2.905071e+00 -4.743748e-20 9.963788e-01 7.758599e-02 -2.930243e-19 3.052702e+00 3.126035e+00 -2.385351e-19 1.517335e-01 3.480092e-02 -1.490410e-19 1.862510e+00 3.028014e+00 2.563971e-19 1.038459e+00 6.321967e-02 -3.458912e-19 3.111533e+00 3.206417e+00 -6.810158e-20 1.517335e-01 3.480092e-02 -1.490410e-19 1.888042e+00 3.116867e+00 4.961901e-19 1.071758e+00 5.474885e-02 -4.152507e-19 3.151259e+00 3.258587e+00 4.858910e-20 1.517335e-01 3.480092e-02 -1.490410e-19 1.901252e+00 3.172584e+00 6.394125e-19 1.098274e+00 5.120200e-02 -4.417824e-19 3.165161e+00 3.287133e+00 8.296021e-20 1.517335e-01 3.480092e-02 -1.490410e-19 1.906234e+00 3.183385e+00 6.737997e-19 1.107194e+00 6.894705e-02 -4.417985e-19
139            5.133845e-01 2.023187e-01 -2.584967e-19 1.514401e-01 3.482710e-02 -1.491033e-19 2.885275e-01 1.319817e-01 -7.785984e-19 7.341695e-02 3.550986e-02 6.692050e-19 5.458312e-01 4.198946e-01 -1.098299e-19 1.514401e-01 3.482710e-02 -1.491033e-19 3.039413e-01 3.480401e-01 -5.697020e-19 9.044985e-02 3.702740e-02 6.089754e-19 3.358535e-01 3.986482e-01 -2.276869e-19 1.514401e-01 3.482710e-02 -1.491033e-19 7.839244e-02 3.375826e-01 -8.222867e-19 1.060210e-01 2.623849e-02 7.437031e-19 3.399556e-01 5.599283e-01 6.622287e-20 1.514401e-01 3.482710e-02 -1.491033e-19 6.366779e-02 4.988388e-01 -6.100723e-19 1.248477e-01 2.626238e-02 8.253985e-19 9.419853e-01 7.959964e-01 5.658930e-19 1.514401e-01 3.482710e-02 -1.491033e-19 6.348422e-01 7.536168e-01 -3.305009e-19 1.557031e-01 7.552529e-03 1.045497e-18 1.493161e+00 1.041419e+00 -3.664347e-19 1.514401e-01 3.482710e-02 -1.491033e-19 1.157146e+00 1.022163e+00 -1.240367e-19 1.845752e-01 -1.557054e-02 -9.329477e-20 1.759094e+00 1.198481e+00 -3.772747e-19 1.514401e-01 3.482710e-02 -1.491033e-19 1.395176e+00 1.176323e+00 -5.579389e-20 2.124779e-01 -1.266930e-02 -1.723775e-19 1.935527e+00 1.394933e+00 -6.643568e-19 1.514401e-01 3.482710e-02 -1.491033e-19 1.526139e+00 1.352517e+00 -3.458716e-19 2.579477e-01 7.588799e-03 -1.693819e-19 2.126383e+00 1.692949e+00 -8.696677e-19 1.514401e-01 3.482710e-02 -1.491033e-19 1.646477e+00 1.618368e+00 -6.179436e-19 3.284660e-01 3.975405e-02 -1.026208e-19 2.319910e+00 1.895961e+00 -7.114795e-19 1.514401e-01 3.482710e-02 -1.491033e-19 1.752443e+00 1.769931e+00 -3.890126e-19 4.160270e-01 9.120245e-02 -1.733636e-19 2.468310e+00 2.139789e+00 -7.139159e-19 1.514401e-01 3.482710e-02 -1.491033e-19 1.777994e+00 1.994349e+00 -3.890126e-19 5.388760e-01 1.106123e-01 -1.758000e-19 2.558525e+00 2.352964e+00 -7.114472e-19 1.514401e-01 3.482710e-02 -1.491033e-19 1.777994e+00 2.207525e+00 -3.890126e-19 6.290915e-01 1.106123e-01 -1.733313e-19 2.645592e+00 2.540834e+00 -7.114445e-19 1.514401e-01 3.482710e-02 -1.491033e-19 1.777994e+00 2.395395e+00 -3.890126e-19 7.161582e-01 1.106123e-01 -1.733287e-19 2.734160e+00 2.705946e+00 -7.114445e-19 1.514401e-01 3.482710e-02 -1.491033e-19 1.777994e+00 2.560507e+00 -3.890126e-19 8.047258e-01 1.106123e-01 -1.733287e-19 2.830374e+00 2.846411e+00 -7.114449e-19 1.514401e-01 3.482710e-02 -1.491033e-19 1.777994e+00 2.700971e+00 -3.890126e-19 9.009397e-01 1.106123e-01 -1.733291e-19 2.976850e+00 3.017371e+00 -4.898311e-19 1.514401e-01 3.482710e-02 -1.491033e-19 1.829087e+00 2.905096e+00 -4.807731e-20 9.963226e-01 7.744822e-02 -2.926505e-19 3.053116e+00 3.125929e+00 -2.392555e-19 1.514401e-01 3.482710e-02 -1.491033e-19 1.863224e+00 3.028057e+00 2.552982e-19 1.038452e+00 6.304453e-02 -3.454504e-19 3.111947e+00 3.206282e+00 -6.918617e-20 1.514401e-01 3.482710e-02 -1.491033e-19 1.888702e+00 3.116922e+00 4.945979e-19 1.071805e+00 5.453231e-02 -4.146808e-19 3.151673e+00 3.258448e+00 4.715771e-20 1.514401e-01 3.482710e-02 -1.491033e-19 1.901872e+00 3.172665e+00 6.373871e-19 1.098361e+00 5.095662e-02 -4.411261e-19 3.165357e+00 3.287012e+00 8.171761e-20 1.514401e-01 3.482710e-02 -1.491033e-19 1.906615e+00 3.183483e+00 6.718761e-19 1.107302e+00 6.870231e-02 -4.410552e-19
140            5.134047e-01 2.026080e-01 -2.586227e-19 1.511467e-01 3.485284e-02 -1.491626e-19 2.886550e-01 1.321766e-01 -7.792829e-19 7.360302e-02 3.557852e-02 6.698228e-19 5.459630e-01 4.202688e-01 -1.098828e-19 1.511467e-01 3.485284e-02 -1.491626e-19 3.040750e-01 3.483190e-01 -5.703027e-19 9.074128e-02 3.709698e-02 6.095826e-19 3.360151e-01 3.989941e-01 -2.277079e-19 1.511467e-01 3.485284e-02 -1.491626e-19 7.848532e-02 3.378537e-01 -8.228714e-19 1.063831e-01 2.628759e-02 7.443261e-19 3.401182e-01 5.602507e-01 6.640269e-20 1.511467e-01 3.485284e-02 -1.491626e-19 6.376516e-02 4.990896e-01 -6.105170e-19 1.252063e-01 2.630828e-02 8.260823e-19 9.422836e-01 7.962548e-01 5.663381e-19 1.511467e-01 3.485284e-02 -1.491626e-19 6.350925e-01 7.538317e-01 -3.307268e-19 1.560445e-01 7.570183e-03 1.046228e-18 1.493571e+00 1.041644e+00 -3.662023e-19 1.511467e-01 3.485284e-02 -1.491626e-19 1.157528e+00 1.022350e+00 -1.240788e-19 1.848959e-01 -1.555928e-02 -9.296091e-20 1.759583e+00 1.198650e+00 -3.770326e-19 1.511467e-01 3.485284e-02 -1.491626e-19 1.395671e+00 1.176468e+00 -5.577125e-20 2.127651e-01 -1.267159e-02 -1.720987e-19 1.936066e+00 1.395064e+00 -6.643334e-19 1.511467e-01 3.485284e-02 -1.491626e-19 1.526734e+00 1.352653e+00 -3.460650e-19 2.581857e-01 7.557450e-03 -1.691058e-19 2.126970e+00 1.693098e+00 -8.698107e-19 1.511467e-01 3.485284e-02 -1.491626e-19 1.647167e+00 1.618552e+00 -6.183508e-19 3.286564e-01 3.969314e-02 -1.022973e-19 2.320530e+00 1.896108e+00 -7.114877e-19 1.511467e-01 3.485284e-02 -1.491626e-19 1.753211e+00 1.770150e+00 -3.892526e-19 4.161721e-01 9.110528e-02 -1.730725e-19 2.468850e+00 2.139910e+00 -7.139555e-19 1.511467e-01 3.485284e-02 -1.491626e-19 1.778767e+00 1.994557e+00 -3.892526e-19 5.389359e-01 1.105000e-01 -1.755404e-19 2.559003e+00 2.353045e+00 -7.114554e-19 1.511467e-01 3.485284e-02 -1.491626e-19 1.778767e+00 2.207692e+00 -3.892526e-19 6.290885e-01 1.105000e-01 -1.730402e-19 2.646018e+00 2.540868e+00 -7.114527e-19 1.511467e-01 3.485284e-02 -1.491626e-19 1.778767e+00 2.395515e+00 -3.892526e-19 7.161037e-01 1.105000e-01 -1.730375e-19 2.734550e+00 2.705936e+00 -7.114527e-19 1.511467e-01 3.485284e-02 -1.491626e-19 1.778767e+00 2.560583e+00 -3.892526e-19 8.046362e-01 1.105000e-01 -1.730375e-19 2.830755e+00 2.846370e+00 -7.114531e-19 1.511467e-01 3.485284e-02 -1.491626e-19 1.778767e+00 2.701018e+00 -3.892526e-19 9.008411e-01 1.105000e-01 -1.730379e-19 2.977233e+00 3.017342e+00 -4.901000e-19 1.511467e-01 3.485284e-02 -1.491626e-19 1.829818e+00 2.905181e+00 -4.864727e-20 9.962683e-01 7.730891e-02 -2.922901e-19 3.053505e+00 3.125889e+00 -2.398501e-19 1.511467e-01 3.485284e-02 -1.491626e-19 1.863912e+00 3.028169e+00 2.543469e-19 1.038447e+00 6.286791e-02 -3.450344e-19 3.112343e+00 3.206219e+00 -7.009074e-20 1.511467e-01 3.485284e-02 -1.491626e-19 1.889343e+00 3.117052e+00 4.932261e-19 1.071854e+00 5.431414e-02 -4.141542e-19 3.152076e+00 3.258385e+00 4.595362e-20 1.511467e-01 3.485284e-02 -1.491626e-19 1.902478e+00 3.172823e+00 6.356389e-19 1.098451e+00 5.070928e-02 -4.405226e-19 3.165566e+00 3.286968e+00 8.069054e-20 1.511467e-01 3.485284e-02 -1.491626e-19 1.907006e+00 3.183661e+00 6.702239e-19 1.107414e+00 6.845444e-02 -4.403707e-19
141            5.134075e-01 2.028937e-01 -2.587368e-19 1.508533e-01 3.487812e-02 -1.492164e-19 2.887666e-01 1.323691e-01 -7.799334e-19 7.378758e-02 3.564641e-02 6.704130e-19 5.460766e-01 4.206345e-01 -1.099410e-19 1.508533e-01 3.487812e-02 -1.492164e-19 3.041916e-01 3.485906e-01 -5.708859e-19 9.103174e-02 3.716578e-02 6.101613e-19 3.361664e-01 3.993381e-01 -2.277380e-19 1.508533e-01 3.487812e-02 -1.492164e-19 7.856790e-02 3.381240e-01 -8.234402e-19 1.067452e-01 2.633604e-02 7.449186e-19 3.402707e-01 5.605734e-01 6.654693e-20 1.508533e-01 3.487812e-02 -1.492164e-19 6.385177e-02 4.993417e-01 -6.109648e-19 1.255656e-01 2.635361e-02 8.267282e-19 9.425514e-01 7.965156e-01 5.667180e-19 1.508533e-01 3.487812e-02 -1.492164e-19 6.353110e-01 7.540500e-01 -3.309820e-19 1.563871e-01 7.587446e-03 1.046917e-18 1.493930e+00 1.041870e+00 -3.660011e-19 1.508533e-01 3.487812e-02 -1.492164e-19 1.157859e+00 1.022540e+00 -1.241697e-19 1.852181e-01 -1.554835e-02 -9.261493e-20 1.760007e+00 1.198822e+00 -3.768230e-19 1.508533e-01 3.487812e-02 -1.492164e-19 1.396100e+00 1.176618e+00 -5.580351e-20 2.130538e-01 -1.267431e-02 -1.718031e-19 1.936530e+00 1.395198e+00 -6.643179e-19 1.508533e-01 3.487812e-02 -1.492164e-19 1.527252e+00 1.352795e+00 -3.462885e-19 2.584249e-01 7.525353e-03 -1.688129e-19 2.127470e+00 1.693248e+00 -8.699427e-19 1.508533e-01 3.487812e-02 -1.492164e-19 1.647769e+00 1.618739e+00 -6.187637e-19 3.288474e-01 3.963097e-02 -1.019626e-19 2.321049e+00 1.896259e+00 -7.115038e-19 1.508533e-01 3.487812e-02 -1.492164e-19 1.753879e+00 1.770375e+00 -3.895235e-19 4.163174e-01 9.100653e-02 -1.727638e-19 2.469288e+00 2.140041e+00 -7.139995e-19 1.508533e-01 3.487812e-02 -1.492164e-19 1.779438e+00 1.994777e+00 -3.895235e-19 5.389964e-01 1.103861e-01 -1.752596e-19 2.559378e+00 2.353144e+00 -7.114714e-19 1.508533e-01 3.487812e-02 -1.492164e-19 1.779438e+00 2.207880e+00 -3.895235e-19 6.290871e-01 1.103861e-01 -1.727315e-19 2.646343e+00 2.540928e+00 -7.114687e-19 1.508533e-01 3.487812e-02 -1.492164e-19 1.779438e+00 2.395664e+00 -3.895235e-19 7.160513e-01 1.103861e-01 -1.727288e-19 2.734840e+00 2.705962e+00 -7.114687e-19 1.508533e-01 3.487812e-02 -1.492164e-19 1.779438e+00 2.560698e+00 -3.895235e-19 8.045490e-01 1.103861e-01 -1.727288e-19 2.831036e+00 2.846377e+00 -7.114691e-19 1.508533e-01 3.487812e-02 -1.492164e-19 1.779438e+00 2.701112e+00 -3.895235e-19 9.007445e-01 1.103861e-01 -1.727291e-19 2.977525e+00 3.017365e+00 -4.903157e-19 1.508533e-01 3.487812e-02 -1.492164e-19 1.830457e+00 2.905319e+00 -4.916468e-20 9.962153e-01 7.716850e-02 -2.919345e-19 3.053814e+00 3.125907e+00 -2.403071e-19 1.508533e-01 3.487812e-02 -1.492164e-19 1.864518e+00 3.028338e+00 2.535481e-19 1.038443e+00 6.269046e-02 -3.446388e-19 3.112672e+00 3.206219e+00 -7.077836e-20 1.508533e-01 3.487812e-02 -1.492164e-19 1.889915e+00 3.117246e+00 4.921153e-19 1.071904e+00 5.409514e-02 -4.136772e-19 3.152420e+00 3.258386e+00 4.504812e-20 1.508533e-01 3.487812e-02 -1.492164e-19 1.903025e+00 3.173047e+00 6.342511e-19 1.098542e+00 5.046085e-02 -4.399865e-19 3.165766e+00 3.286989e+00 7.993323e-20 1.508533e-01 3.487812e-02 -1.492164e-19 1.907385e+00 3.183906e+00 6.689164e-19 1.107528e+00 6.820463e-02 -4.397667e-19
142            5.133939e-01 2.031781e-01 -2.588418e-19 1.505600e-01 3.490300e-02 -1.492653e-19 2.888633e-01 1.325615e-01 -7.805564e-19 7.397066e-02 3.571359e-02 6.709798e-19 5.461733e-01 4.209968e-01 -1.100097e-19 1.505600e-01 3.490300e-02 -1.492653e-19 3.042920e-01 3.488599e-01 -5.714592e-19 9.132137e-02 3.723390e-02 6.107148e-19 3.363078e-01 3.996873e-01 -2.277839e-19 1.505600e-01 3.490300e-02 -1.492653e-19 7.864033e-02 3.384004e-01 -8.240034e-19 1.071076e-01 2.638391e-02 7.454848e-19 3.404134e-01 5.609047e-01 6.664812e-20 1.505600e-01 3.490300e-02 -1.492653e-19 6.392768e-02 4.996033e-01 -6.114266e-19 1.259257e-01 2.639845e-02 8.273401e-19 9.427902e-01 7.967884e-01 5.670264e-19 1.505600e-01 3.490300e-02 -1.492653e-19 6.354991e-01 7.542810e-01 -3.312774e-19 1.567312e-01 7.604362e-03 1.047569e-18 1.494242e+00 1.042106e+00 -3.658392e-19 1.505600e-01 3.490300e-02 -1.492653e-19 1.158140e+00 1.022740e+00 -1.243198e-19 1.855417e-01 -1.553766e-02 -9.225402e-20 1.760371e+00 1.199008e+00 -3.766541e-19 1.505600e-01 3.490300e-02 -1.492653e-19 1.396467e+00 1.176783e+00 -5.590069e-20 2.133440e-01 -1.267738e-02 -1.714881e-19 1.936921e+00 1.395347e+00 -6.643194e-19 1.505600e-01 3.490300e-02 -1.492653e-19 1.527696e+00 1.352951e+00 -3.465534e-19 2.586651e-01 7.492581e-03 -1.685007e-19 2.127886e+00 1.693409e+00 -8.700749e-19 1.505600e-01 3.490300e-02 -1.492653e-19 1.648287e+00 1.618938e+00 -6.191957e-19 3.290387e-01 3.956757e-02 -1.016138e-19 2.321476e+00 1.896421e+00 -7.115345e-19 1.505600e-01 3.490300e-02 -1.492653e-19 1.754454e+00 1.770612e+00 -3.898333e-19 4.164622e-01 9.090614e-02 -1.724359e-19 2.469631e+00 2.140184e+00 -7.140561e-19 1.505600e-01 3.490300e-02 -1.492653e-19 1.780014e+00 1.995011e+00 -3.898333e-19 5.390569e-01 1.102705e-01 -1.749575e-19 2.559660e+00 2.353256e+00 -7.115022e-19 1.505600e-01 3.490300e-02 -1.492653e-19 1.780014e+00 2.208082e+00 -3.898333e-19 6.290863e-01 1.102705e-01 -1.724035e-19 2.646574e+00 2.541001e+00 -7.114994e-19 1.505600e-01 3.490300e-02 -1.492653e-19 1.780014e+00 2.395827e+00 -3.898333e-19 7.160002e-01 1.102705e-01 -1.724007e-19 2.735037e+00 2.706001e+00 -7.114994e-19 1.505600e-01 3.490300e-02 -1.492653e-19 1.780014e+00 2.560827e+00 -3.898333e-19 8.044632e-01 1.102705e-01 -1.724007e-19 2.831223e+00 2.846395e+00 -7.114998e-19 1.505600e-01 3.490300e-02 -1.492653e-19 1.780014e+00 2.701222e+00 -3.898333e-19 9.006492e-01 1.102705e-01 -1.724011e-19 2.977729e+00 3.017399e+00 -4.905137e-19 1.505600e-01 3.490300e-02 -1.492653e-19 1.831006e+00 2.905469e+00 -4.967618e-20 9.961629e-01 7.702694e-02 -2.915722e-19 3.054041e+00 3.125935e+00 -2.406972e-19 1.505600e-01 3.490300e-02 -1.492653e-19 1.865042e+00 3.028519e+00 2.528146e-19 1.038439e+00 6.251216e-02 -3.442465e-19 3.112927e+00 3.206231e+00 -7.134518e-20 1.505600e-01 3.490300e-02 -1.492653e-19 1.890413e+00 3.117453e+00 4.911444e-19 1.071954e+00 5.387531e-02 -4.132243e-19 3.152699e+00 3.258399e+00 4.432700e-20 1.505600e-01 3.490300e-02 -1.492653e-19 1.903505e+00 3.173285e+00 6.330810e-19 1.098634e+00 5.021134e-02 -4.394887e-19 3.165943e+00 3.287022e+00 7.933298e-20 1.505600e-01 3.490300e-02 -1.492653e-19 1.907740e+00 3.184166e+00 6.678108e-19 1.107643e+00 6.795302e-02 -4.392125e-19
143            5.133710e-01 2.034628e-01 -2.589440e-19 1.502666e-01 3.492759e-02 -1.493114e-19 2.889522e-01 1.327551e-01 -7.811668e-19 7.415228e-02 3.578015e-02 6.715342e-19 5.462605e-01 4.213595e-01 -1.100877e-19 1.502666e-01 3.492759e-02 -1.493114e-19 3.043837e-01 3.491305e-01 -5.720310e-19 9.161026e-02 3.730142e-02 6.112547e-19 3.364444e-01 4.000428e-01 -2.278427e-19 1.502666e-01 3.492759e-02 -1.493114e-19 7.870753e-02 3.386839e-01 -8.245681e-19 1.074703e-01 2.643132e-02 7.460367e-19 3.405515e-01 5.612446e-01 6.671999e-20 1.502666e-01 3.492759e-02 -1.493114e-19 6.399801e-02 4.998742e-01 -6.119019e-19 1.262869e-01 2.644288e-02 8.279332e-19 9.430133e-01 7.970716e-01 5.672891e-19 1.502666e-01 3.492759e-02 -1.493114e-19 6.356699e-01 7.545230e-01 -3.316015e-19 1.570768e-01 7.620997e-03 1.048202e-18 1.494526e+00 1.042351e+00 -3.657035e-19 1.502666e-01 3.492759e-02 -1.493114e-19 1.158393e+00 1.022951e+00 -1.245093e-19 1.858668e-01 -1.552714e-02 -9.188282e-20 1.760699e+00 1.199205e+00 -3.765120e-19 1.502666e-01 3.492759e-02 -1.493114e-19 1.396797e+00 1.176958e+00 -5.604029e-20 2.136356e-01 -1.268072e-02 -1.711603e-19 1.937271e+00 1.395505e+00 -6.643350e-19 1.502666e-01 3.492759e-02 -1.493114e-19 1.528098e+00 1.353118e+00 -3.468480e-19 2.589063e-01 7.459157e-03 -1.681756e-19 2.128256e+00 1.693575e+00 -8.702129e-19 1.502666e-01 3.492759e-02 -1.493114e-19 1.648759e+00 1.619145e+00 -6.196466e-19 3.292299e-01 3.950288e-02 -1.012548e-19 2.321852e+00 1.896586e+00 -7.115756e-19 1.502666e-01 3.492759e-02 -1.493114e-19 1.754980e+00 1.770855e+00 -3.901684e-19 4.166061e-01 9.080386e-02 -1.720958e-19 2.469924e+00 2.140326e+00 -7.141233e-19 1.502666e-01 3.492759e-02 -1.493114e-19 1.780541e+00 1.995246e+00 -3.901684e-19 5.391165e-01 1.101531e-01 -1.746435e-19 2.559892e+00 2.353359e+00 -7.115432e-19 1.502666e-01 3.492759e-02 -1.493114e-19 1.780541e+00 2.208278e+00 -3.901684e-19 6.290850e-01 1.101531e-01 -1.720635e-19 2.646756e+00 2.541058e+00 -7.115404e-19 1.502666e-01 3.492759e-02 -1.493114e-19 1.780541e+00 2.395977e+00 -3.901684e-19 7.159489e-01 1.101531e-01 -1.720606e-19 2.735185e+00 2.706015e+00 -7.115404e-19 1.502666e-01 3.492759e-02 -1.493114e-19 1.780541e+00 2.560934e+00 -3.901684e-19 8.043775e-01 1.101531e-01 -1.720606e-19 2.831361e+00 2.846382e+00 -7.115407e-19 1.502666e-01 3.492759e-02 -1.493114e-19 1.780541e+00 2.701302e+00 -3.901684e-19 9.005539e-01 1.101531e-01 -1.720610e-19 2.977881e+00 3.017393e+00 -4.907314e-19 1.502666e-01 3.492759e-02 -1.493114e-19 1.831505e+00 2.905582e+00 -5.022499e-20 9.961098e-01 7.688381e-02 -2.911950e-19 3.054216e+00 3.125918e+00 -2.411135e-19 1.502666e-01 3.492759e-02 -1.493114e-19 1.865514e+00 3.028658e+00 2.520370e-19 1.038435e+00 6.233250e-02 -3.438391e-19 3.113131e+00 3.206196e+00 -7.193413e-20 1.502666e-01 3.492759e-02 -1.493114e-19 1.890861e+00 3.117614e+00 4.901363e-19 1.072003e+00 5.365404e-02 -4.127590e-19 3.152928e+00 3.258362e+00 4.359961e-20 1.502666e-01 3.492759e-02 -1.493114e-19 1.903935e+00 3.173475e+00 6.318933e-19 1.098725e+00 4.996008e-02 -4.389824e-19 3.166087e+00 3.287003e+00 7.871312e-20 1.502666e-01 3.492759e-02 -1.493114e-19 1.908063e+00 3.184377e+00 6.666786e-19 1.107758e+00 6.769884e-02 -4.386541e-19
144            5.133446e-01 2.037475e-01 -2.590468e-19 1.499733e-01 3.495194e-02 -1.493562e-19 2.890389e-01 1.329494e-01 -7.817737e-19 7.433241e-02 3.584617e-02 6.720831e-19 5.463447e-01 4.217216e-01 -1.101693e-19 1.499733e-01 3.495194e-02 -1.493562e-19 3.044731e-01 3.494012e-01 -5.726023e-19 9.189836e-02 3.736842e-02 6.117891e-19 3.365807e-01 4.003990e-01 -2.279053e-19 1.499733e-01 3.495194e-02 -1.493562e-19 7.877418e-02 3.389688e-01 -8.251315e-19 1.078332e-01 2.647831e-02 7.465824e-19 3.406901e-01 5.615846e-01 6.678405e-20 1.499733e-01 3.495194e-02 -1.493562e-19 6.406782e-02 5.001457e-01 -6.123788e-19 1.266490e-01 2.648696e-02 8.285191e-19 9.432323e-01 7.973535e-01 5.675393e-19 1.499733e-01 3.495194e-02 -1.493562e-19 6.358354e-01 7.547641e-01 -3.319306e-19 1.574236e-01 7.637400e-03 1.048826e-18 1.494802e+00 1.042593e+00 -3.655718e-19 1.499733e-01 3.495194e-02 -1.493562e-19 1.158636e+00 1.023158e+00 -1.247061e-19 1.861932e-01 -1.551676e-02 -9.150950e-20 1.761016e+00 1.199397e+00 -3.763733e-19 1.499733e-01 3.495194e-02 -1.493562e-19 1.397115e+00 1.177129e+00 -5.618761e-20 2.139284e-01 -1.268431e-02 -1.708295e-19 1.937609e+00 1.395656e+00 -6.643520e-19 1.499733e-01 3.495194e-02 -1.493562e-19 1.528488e+00 1.353279e+00 -3.471481e-19 2.591481e-01 7.425086e-03 -1.678477e-19 2.128613e+00 1.693730e+00 -8.703524e-19 1.499733e-01 3.495194e-02 -1.493562e-19 1.649219e+00 1.619341e+00 -6.201031e-19 3.294206e-01 3.943683e-02 -1.008930e-19 2.322217e+00 1.896735e+00 -7.116148e-19 1.499733e-01 3.495194e-02 -1.493562e-19 1.755495e+00 1.771083e+00 -3.905048e-19 4.167484e-01 9.069944e-02 -1.717538e-19 2.470205e+00 2.140443e+00 -7.141901e-19 1.499733e-01 3.495194e-02 -1.493562e-19 1.781058e+00 1.995458e+00 -3.905048e-19 5.391739e-01 1.100333e-01 -1.743291e-19 2.560113e+00 2.353428e+00 -7.115823e-19 1.499733e-01 3.495194e-02 -1.493562e-19 1.781058e+00 2.208442e+00 -3.905048e-19 6.290819e-01 1.100333e-01 -1.717213e-19 2.646927e+00 2.541069e+00 -7.115795e-19 1.499733e-01 3.495194e-02 -1.493562e-19 1.781058e+00 2.396084e+00 -3.905048e-19 7.158961e-01 1.100333e-01 -1.717185e-19 2.735322e+00 2.705973e+00 -7.115795e-19 1.499733e-01 3.495194e-02 -1.493562e-19 1.781058e+00 2.560988e+00 -3.905048e-19 8.042904e-01 1.100333e-01 -1.717185e-19 2.831488e+00 2.846301e+00 -7.115798e-19 1.499733e-01 3.495194e-02 -1.493562e-19 1.781058e+00 2.701316e+00 -3.905048e-19 9.004569e-01 1.100333e-01 -1.717188e-19 2.978015e+00 3.017309e+00 -4.909865e-19 1.499733e-01 3.495194e-02 -1.493562e-19 1.831987e+00 2.905618e+00 -5.082911e-20 9.960546e-01 7.673868e-02 -2.908012e-19 3.054365e+00 3.125816e+00 -2.416184e-19 1.499733e-01 3.495194e-02 -1.493562e-19 1.865964e+00 3.028713e+00 2.511440e-19 1.038428e+00 6.215089e-02 -3.434062e-19 3.113303e+00 3.206068e+00 -7.265283e-20 1.499733e-01 3.495194e-02 -1.493562e-19 1.891279e+00 3.117685e+00 4.889572e-19 1.072051e+00 5.343060e-02 -4.122538e-19 3.153122e+00 3.258230e+00 4.270815e-20 1.499733e-01 3.495194e-02 -1.493562e-19 1.904333e+00 3.173572e+00 6.304926e-19 1.098816e+00 4.970627e-02 -4.384282e-19 3.166183e+00 3.286887e+00 7.793453e-20 1.499733e-01 3.495194e-02 -1.493562e-19 1.908337e+00 3.184494e+00 6.653344e-19 1.107872e+00 6.744102e-02 -4.380436e-19
145            5.133165e-01 2.040299e-01 -2.591498e-19 1.496800e-01 3.497602e-02 -1.494001e-19 2.891255e-01 1.331422e-01 -7.823760e-19 7.451096e-02 3.591162e-02 6.726263e-19 5.464278e-01 4.220784e-01 -1.102478e-19 1.496800e-01 3.497602e-02 -1.494001e-19 3.045624e-01 3.496675e-01 -5.731669e-19 9.218542e-02 3.743487e-02 6.123192e-19 3.367184e-01 4.007471e-01 -2.279616e-19 1.496800e-01 3.497602e-02 -1.494001e-19 7.884240e-02 3.392463e-01 -8.256835e-19 1.081961e-01 2.652486e-02 7.471219e-19 3.408309e-01 5.619129e-01 6.685788e-20 1.496800e-01 3.497602e-02 -1.494001e-19 6.413954e-02 5.004063e-01 -6.128418e-19 1.270114e-01 2.653064e-02 8.290998e-19 9.434514e-01 7.976194e-01 5.678006e-19 1.496800e-01 3.497602e-02 -1.494001e-19 6.360002e-01 7.549898e-01 -3.322423e-19 1.577712e-01 7.653574e-03 1.049443e-18 1.495076e+00 1.042816e+00 -3.654241e-19 1.496800e-01 3.497602e-02 -1.494001e-19 1.158876e+00 1.023346e+00 -1.248829e-19 1.865204e-01 -1.550650e-02 -9.114117e-20 1.761332e+00 1.199565e+00 -3.762179e-19 1.496800e-01 3.497602e-02 -1.494001e-19 1.397430e+00 1.177277e+00 -5.631405e-20 2.142218e-01 -1.268811e-02 -1.705038e-19 1.937947e+00 1.395779e+00 -6.643558e-19 1.496800e-01 3.497602e-02 -1.494001e-19 1.528878e+00 1.353412e+00 -3.474309e-19 2.593900e-01 7.390377e-03 -1.675248e-19 2.128971e+00 1.693851e+00 -8.704825e-19 1.496800e-01 3.497602e-02 -1.494001e-19 1.649681e+00 1.619506e+00 -6.205474e-19 3.296102e-01 3.936938e-02 -1.005350e-19 2.322585e+00 1.896843e+00 -7.116390e-19 1.496800e-01 3.497602e-02 -1.494001e-19 1.756016e+00 1.771274e+00 -3.908218e-19 4.168883e-01 9.059278e-02 -1.714172e-19 2.470490e+00 2.140512e+00 -7.142433e-19 1.496800e-01 3.497602e-02 -1.494001e-19 1.781581e+00 1.995625e+00 -3.908218e-19 5.392284e-01 1.099111e-01 -1.740215e-19 2.560337e+00 2.353442e+00 -7.116065e-19 1.496800e-01 3.497602e-02 -1.494001e-19 1.781581e+00 2.208554e+00 -3.908218e-19 6.290759e-01 1.099111e-01 -1.713847e-19 2.647102e+00 2.541019e+00 -7.116036e-19 1.496800e-01 3.497602e-02 -1.494001e-19 1.781581e+00 2.396131e+00 -3.908218e-19 7.158406e-01 1.099111e-01 -1.713817e-19 2.735462e+00 2.705861e+00 -7.116036e-19 1.496800e-01 3.497602e-02 -1.494001e-19 1.781581e+00 2.560974e+00 -3.908218e-19 8.042005e-01 1.099111e-01 -1.713817e-19 2.831618e+00 2.846141e+00 -7.116040e-19 1.496800e-01 3.497602e-02 -1.494001e-19 1.781581e+00 2.701254e+00 -3.908218e-19 9.003569e-01 1.099111e-01 -1.713821e-19 2.978143e+00 3.017139e+00 -4.912705e-19 1.496800e-01 3.497602e-02 -1.494001e-19 1.832468e+00 2.905571e+00 -5.147486e-20 9.959959e-01 7.659136e-02 -2.903956e-19 3.054501e+00 3.125621e+00 -2.422154e-19 1.496800e-01 3.497602e-02 -1.494001e-19 1.866403e+00 3.028678e+00 2.501340e-19 1.038418e+00 6.196706e-02 -3.429493e-19 3.113453e+00 3.205841e+00 -7.352431e-20 1.496800e-01 3.497602e-02 -1.494001e-19 1.891678e+00 3.117661e+00 4.875777e-19 1.072096e+00 5.320465e-02 -4.117020e-19 3.153288e+00 3.257995e+00 4.159998e-20 1.496800e-01 3.497602e-02 -1.494001e-19 1.904705e+00 3.173570e+00 6.288127e-19 1.098903e+00 4.944957e-02 -4.378126e-19 3.166212e+00 3.286666e+00 7.696060e-20 1.496800e-01 3.497602e-02 -1.494001e-19 1.908548e+00 3.184511e+00 6.637216e-19 1.107984e+00 6.717898e-02 -4.373609e-19
146            5.132839e-01 2.043075e-01 -2.592491e-19 1.493867e-01 3.499970e-02 -1.494421e-19 2.892095e-01 1.333314e-01 -7.829644e-19 7.468777e-02 3.597642e-02 6.731574e-19 5.465070e-01 4.224246e-01 -1.103190e-19 1.493867e-01 3.499970e-02 -1.494421e-19 3.046493e-01 3.499242e-01 -5.737162e-19 9.247109e-02 3.750065e-02 6.128393e-19 3.368558e-01 4.010803e-01 -2.280062e-19 1.493867e-01 3.499970e-02 -1.494421e-19 7.891099e-02 3.395098e-01 -8.262130e-19 1.085582e-01 2.657087e-02 7.476489e-19 3.409723e-01 5.622219e-01 6.694573e-20 1.493867e-01 3.499970e-02 -1.494421e-19 6.421208e-02 5.006483e-01 -6.132806e-19 1.273736e-01 2.657384e-02 8.296684e-19 9.436660e-01 7.978603e-01 5.680744e-19 1.493867e-01 3.499970e-02 -1.494421e-19 6.361604e-01 7.551911e-01 -3.325278e-19 1.581190e-01 7.669468e-03 1.050044e-18 1.495340e+00 1.043008e+00 -3.652541e-19 1.493867e-01 3.499970e-02 -1.494421e-19 1.159106e+00 1.023505e+00 -1.250323e-19 1.868477e-01 -1.549641e-02 -9.077970e-20 1.761638e+00 1.199699e+00 -3.760393e-19 1.493867e-01 3.499970e-02 -1.494421e-19 1.397736e+00 1.177392e+00 -5.641280e-20 2.145154e-01 -1.269214e-02 -1.701844e-19 1.938275e+00 1.395862e+00 -6.643378e-19 1.493867e-01 3.499970e-02 -1.494421e-19 1.529257e+00 1.353507e+00 -3.476875e-19 2.596315e-01 7.355047e-03 -1.672082e-19 2.129319e+00 1.693925e+00 -8.705921e-19 1.493867e-01 3.499970e-02 -1.494421e-19 1.650134e+00 1.619625e+00 -6.209673e-19 3.297984e-01 3.930060e-02 -1.001828e-19 2.322942e+00 1.896900e+00 -7.116420e-19 1.493867e-01 3.499970e-02 -1.494421e-19 1.756529e+00 1.771416e+00 -3.911133e-19 4.170257e-01 9.048400e-02 -1.710866e-19 2.470763e+00 2.140527e+00 -7.142752e-19 1.493867e-01 3.499970e-02 -1.494421e-19 1.782097e+00 1.995741e+00 -3.911133e-19 5.392797e-01 1.097867e-01 -1.737199e-19 2.560550e+00 2.353399e+00 -7.116095e-19 1.493867e-01 3.499970e-02 -1.494421e-19 1.782097e+00 2.208613e+00 -3.911133e-19 6.290666e-01 1.097867e-01 -1.710541e-19 2.647265e+00 2.540911e+00 -7.116065e-19 1.493867e-01 3.499970e-02 -1.494421e-19 1.782097e+00 2.396125e+00 -3.911133e-19 7.157818e-01 1.097867e-01 -1.710511e-19 2.735591e+00 2.705692e+00 -7.116065e-19 1.493867e-01 3.499970e-02 -1.494421e-19 1.782097e+00 2.560905e+00 -3.911133e-19 8.041071e-01 1.097867e-01 -1.710511e-19 2.831736e+00 2.845923e+00 -7.116068e-19 1.493867e-01 3.499970e-02 -1.494421e-19 1.782097e+00 2.701136e+00 -3.911133e-19 9.002527e-01 1.097867e-01 -1.710515e-19 2.978256e+00 3.016910e+00 -4.915521e-19 1.493867e-01 3.499970e-02 -1.494421e-19 1.832937e+00 2.905468e+00 -5.212270e-20 9.959322e-01 7.644204e-02 -2.899873e-19 3.054615e+00 3.125367e+00 -2.428431e-19 1.493867e-01 3.499970e-02 -1.494421e-19 1.866826e+00 3.028586e+00 2.490814e-19 1.038402e+00 6.178123e-02 -3.424824e-19 3.113576e+00 3.205552e+00 -7.446679e-20 1.493867e-01 3.499970e-02 -1.494421e-19 1.892055e+00 3.117576e+00 4.860995e-19 1.072135e+00 5.297646e-02 -4.111242e-19 3.153420e+00 3.257697e+00 4.036838e-20 1.493867e-01 3.499970e-02 -1.494421e-19 1.905047e+00 3.173507e+00 6.269687e-19 1.098986e+00 4.919033e-02 -4.371583e-19 3.166170e+00 3.286379e+00 7.588699e-20 1.493867e-01 3.499970e-02 -1.494421e-19 1.908692e+00 3.184466e+00 6.619580e-19 1.108092e+00 6.691301e-02 -4.366289e-19
147            5.132420e-01 2.045788e-01 -2.593404e-19 1.490934e-01 3.502282e-02 -1.494807e-19 2.892860e-01 1.335155e-01 -7.835284e-19 7.486268e-02 3.604045e-02 6.736688e-19 5.465769e-01 4.227572e-01 -1.103838e-19 1.490934e-01 3.502282e-02 -1.494807e-19 3.047284e-01 3.501688e-01 -5.742442e-19 9.275508e-02 3.756565e-02 6.133411e-19 3.369892e-01 4.013977e-01 -2.280413e-19 1.490934e-01 3.502282e-02 -1.494807e-19 7.897664e-02 3.397586e-01 -8.267153e-19 1.089192e-01 2.661622e-02 7.481547e-19 3.411104e-01 5.625116e-01 6.703740e-20 1.490934e-01 3.502282e-02 -1.494807e-19 6.428196e-02 5.008723e-01 -6.136962e-19 1.277351e-01 2.661644e-02 8.302143e-19 9.438662e-01 7.980776e-01 5.683416e-19 1.490934e-01 3.502282e-02 -1.494807e-19 6.363065e-01 7.553697e-01 -3.327963e-19 1.584663e-01 7.685005e-03 1.050619e-18 1.495580e+00 1.043173e+00 -3.650713e-19 1.490934e-01 3.502282e-02 -1.494807e-19 1.159311e+00 1.023636e+00 -1.251697e-19 1.871747e-01 -1.548654e-02 -9.042089e-20 1.761913e+00 1.199801e+00 -3.758477e-19 1.490934e-01 3.502282e-02 -1.494807e-19 1.398011e+00 1.177475e+00 -5.650122e-20 2.148087e-01 -1.269644e-02 -1.698657e-19 1.938570e+00 1.395909e+00 -6.643000e-19 1.490934e-01 3.502282e-02 -1.494807e-19 1.529604e+00 1.353568e+00 -3.479270e-19 2.598724e-01 7.319132e-03 -1.668923e-19 2.129629e+00 1.693957e+00 -8.706763e-19 1.490934e-01 3.502282e-02 -1.494807e-19 1.650551e+00 1.619704e+00 -6.213629e-19 3.299850e-01 3.923061e-02 -9.983276e-20 2.323255e+00 1.896911e+00 -7.116269e-19 1.490934e-01 3.502282e-02 -1.494807e-19 1.757001e+00 1.771515e+00 -3.913904e-19 4.171604e-01 9.037338e-02 -1.707558e-19 2.470991e+00 2.140497e+00 -7.142872e-19 1.490934e-01 3.502282e-02 -1.494807e-19 1.782570e+00 1.995814e+00 -3.913904e-19 5.393279e-01 1.096603e-01 -1.734162e-19 2.560717e+00 2.353317e+00 -7.115943e-19 1.490934e-01 3.502282e-02 -1.494807e-19 1.782570e+00 2.208634e+00 -3.913904e-19 6.290544e-01 1.096603e-01 -1.707233e-19 2.647383e+00 2.540770e+00 -7.115913e-19 1.490934e-01 3.502282e-02 -1.494807e-19 1.782570e+00 2.396087e+00 -3.913904e-19 7.157199e-01 1.096603e-01 -1.707202e-19 2.735673e+00 2.705496e+00 -7.115913e-19 1.490934e-01 3.502282e-02 -1.494807e-19 1.782570e+00 2.560813e+00 -3.913904e-19 8.040102e-01 1.096603e-01 -1.707202e-19 2.831807e+00 2.845686e+00 -7.115917e-19 1.490934e-01 3.502282e-02 -1.494807e-19 1.782570e+00 2.701003e+00 -3.913904e-19 9.001443e-01 1.096603e-01 -1.707206e-19 2.978324e+00 3.016667e+00 -4.917952e-19 1.490934e-01 3.502282e-02 -1.494807e-19 1.833367e+00 2.905353e+00 -5.272990e-20 9.958631e-01 7.629117e-02 -2.895846e-19 3.054687e+00 3.125101e+00 -2.434115e-19 1.490934e-01 3.502282e-02 -1.494807e-19 1.867213e+00 3.028484e+00 2.480931e-19 1.038381e+00 6.159400e-02 -3.420240e-19 3.113658e+00 3.205254e+00 -7.534073e-20 1.490934e-01 3.502282e-02 -1.494807e-19 1.892396e+00 3.117485e+00 4.846969e-19 1.072168e+00 5.274681e-02 -4.105569e-19 3.153510e+00 3.257390e+00 3.920129e-20 1.490934e-01 3.502282e-02 -1.494807e-19 1.905354e+00 3.173438e+00 6.251942e-19 1.099062e+00 4.892944e-02 -4.365122e-19 3.166077e+00 3.286083e+00 7.488596e-20 1.490934e-01 3.502282e-02 -1.494807e-19 1.908791e+00 3.184416e+00 6.602691e-19 1.108193e+00 6.664417e-02 -4.359025e-19
148            5.131882e-01 2.048443e-01 -2.594223e-19 1.488002e-01 3.504530e-02 -1.495153e-19 2.893524e-01 1.336954e-01 -7.840648e-19 7.503563e-02 3.610362e-02 6.741578e-19 5.466343e-01 4.230778e-01 -1.104463e-19 1.488002e-01 3.504530e-02 -1.495153e-19 3.047969e-01 3.504027e-01 -5.747526e-19 9.303727e-02 3.762980e-02 6.138215e-19 3.371162e-01 4.017041e-01 -2.280734e-19 1.488002e-01 3.504530e-02 -1.495153e-19 7.903713e-02 3.399979e-01 -8.271946e-19 1.092788e-01 2.666086e-02 7.486365e-19 3.412426e-01 5.627891e-01 6.711840e-20 1.488002e-01 3.504530e-02 -1.495153e-19 6.434668e-02 5.010854e-01 -6.140985e-19 1.280957e-01 2.665838e-02 8.307322e-19 9.440460e-01 7.982809e-01 5.685804e-19 1.488002e-01 3.504530e-02 -1.495153e-19 6.364325e-01 7.555354e-01 -3.330653e-19 1.588133e-01 7.700131e-03 1.051161e-18 1.495784e+00 1.043319e+00 -3.648918e-19 1.488002e-01 3.504530e-02 -1.495153e-19 1.159482e+00 1.023751e+00 -1.253182e-19 1.875015e-01 -1.547694e-02 -9.005824e-20 1.762145e+00 1.199885e+00 -3.756597e-19 1.488002e-01 3.504530e-02 -1.495153e-19 1.398243e+00 1.177541e+00 -5.660421e-20 2.151018e-01 -1.270103e-02 -1.695402e-19 1.938813e+00 1.395935e+00 -6.642520e-19 1.488002e-01 3.504530e-02 -1.495153e-19 1.529901e+00 1.353607e+00 -3.481673e-19 2.601127e-01 7.282678e-03 -1.665694e-19 2.129881e+00 1.693962e+00 -8.707395e-19 1.488002e-01 3.504530e-02 -1.495153e-19 1.650911e+00 1.619757e+00 -6.217452e-19 3.301702e-01 3.915957e-02 -9.947899e-20 2.323502e+00 1.896895e+00 -7.116030e-19 1.488002e-01 3.504530e-02 -1.495153e-19 1.757409e+00 1.771589e+00 -3.916705e-19 4.172927e-01 9.026121e-02 -1.704173e-19 2.471151e+00 2.140443e+00 -7.142878e-19 1.488002e-01 3.504530e-02 -1.495153e-19 1.782977e+00 1.995865e+00 -3.916705e-19 5.393734e-01 1.095322e-01 -1.731020e-19 2.560817e+00 2.353216e+00 -7.115704e-19 1.488002e-01 3.504530e-02 -1.495153e-19 1.782977e+00 2.208638e+00 -3.916705e-19 6.290396e-01 1.095322e-01 -1.703846e-19 2.647433e+00 2.540618e+00 -7.115673e-19 1.488002e-01 3.504530e-02 -1.495153e-19 1.782977e+00 2.396040e+00 -3.916705e-19 7.156555e-01 1.095322e-01 -1.703816e-19 2.735688e+00 2.705298e+00 -7.115673e-19 1.488002e-01 3.504530e-02 -1.495153e-19 1.782977e+00 2.560720e+00 -3.916705e-19 8.039105e-01 1.095322e-01 -1.703816e-19 2.831809e+00 2.845455e+00 -7.115677e-19 1.488002e-01 3.504530e-02 -1.495153e-19 1.782977e+00 2.700877e+00 -3.916705e-19 9.000320e-01 1.095322e-01 -1.703819e-19 2.978328e+00 3.016435e+00 -4.919856e-19 1.488002e-01 3.504530e-02 -1.495153e-19 1.833739e+00 2.905250e+00 -5.328075e-20 9.957888e-01 7.613922e-02 -2.891896e-19 3.054703e+00 3.124851e+00 -2.438694e-19 1.488002e-01 3.504530e-02 -1.495153e-19 1.867549e+00 3.028400e+00 2.472294e-19 1.038354e+00 6.140600e-02 -3.415835e-19 3.113690e+00 3.204976e+00 -7.605484e-20 1.488002e-01 3.504530e-02 -1.495153e-19 1.892694e+00 3.117415e+00 4.834852e-19 1.072195e+00 5.251651e-02 -4.100248e-19 3.153555e+00 3.257105e+00 3.823719e-20 1.488002e-01 3.504530e-02 -1.495153e-19 1.905623e+00 3.173392e+00 6.236627e-19 1.099132e+00 4.866780e-02 -4.359102e-19 3.165963e+00 3.285809e+00 7.407469e-20 1.488002e-01 3.504530e-02 -1.495153e-19 1.908875e+00 3.184390e+00 6.588160e-19 1.108288e+00 6.637360e-02 -4.352261e-19
149            5.131243e-01 2.051058e-01 -2.594977e-19 1.485070e-01 3.506713e-02 -1.495464e-19 2.894107e-01 1.338727e-01 -7.845810e-19 7.520664e-02 3.616594e-02 6.746297e-19 5.466813e-01 4.233909e-01 -1.105109e-19 1.485070e-01 3.506713e-02 -1.495464e-19 3.048566e-01 3.506307e-01 -5.752493e-19 9.331775e-02 3.769310e-02 6.142849e-19 3.372378e-01 4.020064e-01 -2.281086e-19 1.485070e-01 3.506713e-02 -1.495464e-19 7.909339e-02 3.402345e-01 -8.276619e-19 1.096374e-01 2.670479e-02 7.490997e-19 3.413698e-01 5.630631e-01 6.718141e-20 1.485070e-01 3.506713e-02 -1.495464e-19 6.440702e-02 5.012963e-01 -6.144995e-19 1.284558e-01 2.669969e-02 8.312273e-19 9.442077e-01 7.984807e-01 5.687838e-19 1.485070e-01 3.506713e-02 -1.495464e-19 6.365406e-01 7.556987e-01 -3.333476e-19 1.591602e-01 7.714837e-03 1.051678e-18 1.495957e+00 1.043460e+00 -3.647250e-19 1.485070e-01 3.506713e-02 -1.495464e-19 1.159622e+00 1.023860e+00 -1.254910e-19 1.878282e-01 -1.546762e-02 -8.968754e-20 1.762337e+00 1.199963e+00 -3.754850e-19 1.485070e-01 3.506713e-02 -1.495464e-19 1.398436e+00 1.177601e+00 -5.673481e-20 2.153949e-01 -1.270590e-02 -1.692037e-19 1.939011e+00 1.395954e+00 -6.642037e-19 1.485070e-01 3.506713e-02 -1.495464e-19 1.530152e+00 1.353641e+00 -3.484216e-19 2.603527e-01 7.245734e-03 -1.662356e-19 2.130080e+00 1.693955e+00 -8.707919e-19 1.485070e-01 3.506713e-02 -1.495464e-19 1.651219e+00 1.619801e+00 -6.221281e-19 3.303542e-01 3.908759e-02 -9.911738e-20 2.323689e+00 1.896867e+00 -7.115785e-19 1.485070e-01 3.506713e-02 -1.495464e-19 1.757759e+00 1.771652e+00 -3.919647e-19 4.174230e-01 9.014762e-02 -1.700674e-19 2.471249e+00 2.140378e+00 -7.142858e-19 1.485070e-01 3.506713e-02 -1.495464e-19 1.783325e+00 1.995908e+00 -3.919647e-19 5.394166e-01 1.094027e-01 -1.727747e-19 2.560855e+00 2.353106e+00 -7.115458e-19 1.485070e-01 3.506713e-02 -1.495464e-19 1.783325e+00 2.208636e+00 -3.919647e-19 6.290226e-01 1.094027e-01 -1.700347e-19 2.647421e+00 2.540460e+00 -7.115427e-19 1.485070e-01 3.506713e-02 -1.495464e-19 1.783325e+00 2.395990e+00 -3.919647e-19 7.155891e-01 1.094027e-01 -1.700316e-19 2.735640e+00 2.705098e+00 -7.115427e-19 1.485070e-01 3.506713e-02 -1.495464e-19 1.783325e+00 2.560628e+00 -3.919647e-19 8.038084e-01 1.094027e-01 -1.700316e-19 2.831749e+00 2.845227e+00 -7.115430e-19 1.485070e-01 3.506713e-02 -1.495464e-19 1.783325e+00 2.700758e+00 -3.919647e-19 8.999167e-01 1.094027e-01 -1.700319e-19 2.978276e+00 3.016209e+00 -4.921377e-19 1.485070e-01 3.506713e-02 -1.495464e-19 1.834058e+00 2.905155e+00 -5.379389e-20 9.957102e-01 7.598637e-02 -2.887974e-19 3.054669e+00 3.124610e+00 -2.442345e-19 1.485070e-01 3.506713e-02 -1.495464e-19 1.867840e+00 3.028325e+00 2.464683e-19 1.038322e+00 6.121751e-02 -3.411564e-19 3.113679e+00 3.204710e+00 -7.662325e-20 1.485070e-01 3.506713e-02 -1.495464e-19 1.892954e+00 3.117357e+00 4.824487e-19 1.072217e+00 5.228591e-02 -4.095255e-19 3.153564e+00 3.256832e+00 3.747574e-20 1.485070e-01 3.506713e-02 -1.495464e-19 1.905860e+00 3.173359e+00 6.223757e-19 1.099197e+00 4.840577e-02 -4.353536e-19 3.165851e+00 3.285548e+00 7.344194e-20 1.485070e-01 3.506713e-02 -1.495464e-19 1.908966e+00 3.184379e+00 6.575935e-19 1.108378e+00 6.610185e-02 -4.346051e-19
150            5.130549e-01 2.053653e-01 -2.595715e-19 1.482138e-01 3.508838e-02 -1.495756e-19 2.894653e-01 1.340494e-01 -7.850888e-19 7.537575e-02 3.622749e-02 6.750929e-19 5.467228e-01 4.237011e-01 -1.105790e-19 1.482138e-01 3.508838e-02 -1.495756e-19 3.049123e-01 3.508571e-01 -5.757434e-19 9.359670e-02 3.775562e-02 6.147400e-19 3.373575e-01 4.023092e-01 -2.281483e-19 1.482138e-01 3.508838e-02 -1.495756e-19 7.914843e-02 3.404727e-01 -8.281265e-19 1.099952e-01 2.674810e-02 7.495538e-19 3.414955e-01 5.633382e-01 6.722974e-20 1.482138e-01 3.508838e-02 -1.495756e-19 6.446601e-02 5.015094e-01 -6.149052e-19 1.288156e-01 2.674043e-02 8.317105e-19 9.443595e-01 7.986819e-01 5.689613e-19 1.482138e-01 3.508838e-02 -1.495756e-19 6.366386e-01 7.558643e-01 -3.336445e-19 1.595071e-01 7.729167e-03 1.052181e-18 1.496112e+00 1.043600e+00 -3.645695e-19 1.482138e-01 3.508838e-02 -1.495756e-19 1.159743e+00 1.023970e+00 -1.256855e-19 1.881550e-01 -1.545853e-02 -8.930847e-20 1.762506e+00 1.200040e+00 -3.753216e-19 1.482138e-01 3.508838e-02 -1.495756e-19 1.398604e+00 1.177663e+00 -5.688903e-20 2.156881e-01 -1.271103e-02 -1.688570e-19 1.939182e+00 1.395971e+00 -6.641586e-19 1.482138e-01 3.508838e-02 -1.495756e-19 1.530376e+00 1.353675e+00 -3.486913e-19 2.605924e-01 7.208343e-03 -1.658916e-19 2.130248e+00 1.693944e+00 -8.708418e-19 1.482138e-01 3.508838e-02 -1.495756e-19 1.651497e+00 1.619841e+00 -6.225189e-19 3.305371e-01 3.901468e-02 -9.874728e-20 2.323841e+00 1.896832e+00 -7.115552e-19 1.482138e-01 3.508838e-02 -1.495756e-19 1.758075e+00 1.771711e+00 -3.922721e-19 4.175514e-01 9.003258e-02 -1.697075e-19 2.471311e+00 2.140304e+00 -7.142848e-19 1.482138e-01 3.508838e-02 -1.495756e-19 1.783639e+00 1.995944e+00 -3.922721e-19 5.394575e-01 1.092716e-01 -1.724371e-19 2.560857e+00 2.352985e+00 -7.115225e-19 1.482138e-01 3.508838e-02 -1.495756e-19 1.783639e+00 2.208625e+00 -3.922721e-19 6.290035e-01 1.092716e-01 -1.696748e-19 2.647374e+00 2.540289e+00 -7.115194e-19 1.482138e-01 3.508838e-02 -1.495756e-19 1.783639e+00 2.395929e+00 -3.922721e-19 7.155206e-01 1.092716e-01 -1.696717e-19 2.735558e+00 2.704881e+00 -7.115194e-19 1.482138e-01 3.508838e-02 -1.495756e-19 1.783639e+00 2.560521e+00 -3.922721e-19 8.037043e-01 1.092716e-01 -1.696717e-19 2.831652e+00 2.844982e+00 -7.115197e-19 1.482138e-01 3.508838e-02 -1.495756e-19 1.783639e+00 2.700622e+00 -3.922721e-19 8.997989e-01 1.092716e-01 -1.696720e-19 2.978188e+00 3.015962e+00 -4.922779e-19 1.482138e-01 3.508838e-02 -1.495756e-19 1.834346e+00 2.905041e+00 -5.430134e-20 9.956279e-01 7.583251e-02 -2.884010e-19 3.054602e+00 3.124347e+00 -2.445634e-19 1.482138e-01 3.508838e-02 -1.495756e-19 1.868103e+00 3.028231e+00 2.457427e-19 1.038285e+00 6.102837e-02 -3.407305e-19 3.113640e+00 3.204423e+00 -7.712458e-20 1.482138e-01 3.508838e-02 -1.495756e-19 1.893192e+00 3.117280e+00 4.814908e-19 1.072234e+00 5.205482e-02 -4.090398e-19 3.153550e+00 3.256537e+00 3.682328e-20 1.482138e-01 3.508838e-02 -1.495756e-19 1.906080e+00 3.173306e+00 6.212190e-19 1.099257e+00 4.814309e-02 -4.348201e-19 3.165749e+00 3.285263e+00 7.289551e-20 1.482138e-01 3.508838e-02 -1.495756e-19 1.909072e+00 3.184346e+00 6.564870e-19 1.108463e+00 6.582869e-02 -4.340159e-19
151            5.129846e-01 2.056236e-01 -2.596473e-19 1.479207e-01 3.510910e-02 -1.496040e-19 2.895208e-01 1.342261e-01 -7.855973e-19 7.554305e-02 3.628834e-02 6.755540e-19 5.467637e-01 4.240101e-01 -1.106490e-19 1.479207e-01 3.510910e-02 -1.496040e-19 3.049687e-01 3.510835e-01 -5.762392e-19 9.387427e-02 3.781746e-02 6.151942e-19 3.374787e-01 4.026119e-01 -2.281896e-19 1.479207e-01 3.510910e-02 -1.496040e-19 7.920555e-02 3.407120e-01 -8.285918e-19 1.103524e-01 2.679086e-02 7.500062e-19 3.416232e-01 5.636127e-01 6.727381e-20 1.479207e-01 3.510910e-02 -1.496040e-19 6.452711e-02 5.017229e-01 -6.153135e-19 1.291753e-01 2.678067e-02 8.321913e-19 9.445103e-01 7.988816e-01 5.691312e-19 1.479207e-01 3.510910e-02 -1.496040e-19 6.367352e-01 7.560293e-01 -3.339463e-19 1.598544e-01 7.743182e-03 1.052682e-18 1.496262e+00 1.043738e+00 -3.644156e-19 1.479207e-01 3.510910e-02 -1.496040e-19 1.159859e+00 1.024078e+00 -1.258865e-19 1.884821e-01 -1.544961e-02 -8.892502e-20 1.762669e+00 1.200114e+00 -3.751595e-19 1.479207e-01 3.510910e-02 -1.496040e-19 1.398767e+00 1.177721e+00 -5.705019e-20 2.159816e-01 -1.271634e-02 -1.685053e-19 1.939346e+00 1.395983e+00 -6.641133e-19 1.479207e-01 3.510910e-02 -1.496040e-19 1.530593e+00 1.353703e+00 -3.489666e-19 2.608321e-01 7.170548e-03 -1.655426e-19 2.130408e+00 1.693924e+00 -8.708916e-19 1.479207e-01 3.510910e-02 -1.496040e-19 1.651768e+00 1.619874e+00 -6.229153e-19 3.307191e-01 3.894087e-02 -9.837227e-20 2.323985e+00 1.896785e+00 -7.115295e-19 1.479207e-01 3.510910e-02 -1.496040e-19 1.758387e+00 1.771760e+00 -3.925822e-19 4.176776e-01 8.991598e-02 -1.693433e-19 2.471366e+00 2.140212e+00 -7.142823e-19 1.479207e-01 3.510910e-02 -1.496040e-19 1.783949e+00 1.995964e+00 -3.925822e-19 5.394958e-01 1.091389e-01 -1.720960e-19 2.560852e+00 2.352840e+00 -7.114967e-19 1.479207e-01 3.510910e-02 -1.496040e-19 1.783949e+00 2.208592e+00 -3.925822e-19 6.289819e-01 1.091389e-01 -1.693105e-19 2.647320e+00 2.540086e+00 -7.114936e-19 1.479207e-01 3.510910e-02 -1.496040e-19 1.783949e+00 2.395838e+00 -3.925822e-19 7.154498e-01 1.091389e-01 -1.693073e-19 2.735468e+00 2.704627e+00 -7.114936e-19 1.479207e-01 3.510910e-02 -1.496040e-19 1.783949e+00 2.560379e+00 -3.925822e-19 8.035979e-01 1.091389e-01 -1.693073e-19 2.831549e+00 2.844691e+00 -7.114939e-19 1.479207e-01 3.510910e-02 -1.496040e-19 1.783949e+00 2.700443e+00 -3.925822e-19 8.996787e-01 1.091389e-01 -1.693076e-19 2.978091e+00 3.015664e+00 -4.924269e-19 1.479207e-01 3.510910e-02 -1.496040e-19 1.834628e+00 2.904878e+00 -5.482597e-20 9.955424e-01 7.567735e-02 -2.879969e-19 3.054524e+00 3.124030e+00 -2.449093e-19 1.479207e-01 3.510910e-02 -1.496040e-19 1.868358e+00 3.028083e+00 2.449911e-19 1.038245e+00 6.083818e-02 -3.402964e-19 3.113591e+00 3.204078e+00 -7.763976e-20 1.479207e-01 3.510910e-02 -1.496040e-19 1.893423e+00 3.117146e+00 4.805124e-19 1.072248e+00 5.182269e-02 -4.085481e-19 3.153528e+00 3.256183e+00 3.617312e-20 1.479207e-01 3.510910e-02 -1.496040e-19 1.906294e+00 3.173195e+00 6.200618e-19 1.099314e+00 4.787914e-02 -4.342846e-19 3.165657e+00 3.284918e+00 7.233713e-20 1.479207e-01 3.510910e-02 -1.496040e-19 1.909191e+00 3.184256e+00 6.553703e-19 1.108546e+00 6.555338e-02 -4.334292e-19
152            5.129168e-01 2.058800e-01 -2.597271e-19 1.476277e-01 3.512933e-02 -1.496326e-19 2.895806e-01 1.344022e-01 -7.861114e-19 7.570854e-02 3.634853e-02 6.760170e-19 5.468078e-01 4.243167e-01 -1.107174e-19 1.476277e-01 3.512933e-02 -1.496326e-19 3.050297e-01 3.513087e-01 -5.767364e-19 9.415044e-02 3.787864e-02 6.156517e-19 3.376041e-01 4.029104e-01 -2.282267e-19 1.476277e-01 3.512933e-02 -1.496326e-19 7.926741e-02 3.409480e-01 -8.290552e-19 1.107090e-01 2.683310e-02 7.504611e-19 3.417557e-01 5.638806e-01 6.732708e-20 1.476277e-01 3.512933e-02 -1.496326e-19 6.459323e-02 5.019309e-01 -6.157161e-19 1.295348e-01 2.682045e-02 8.326758e-19 9.446670e-01 7.990721e-01 5.693143e-19 1.476277e-01 3.512933e-02 -1.496326e-19 6.368376e-01 7.561858e-01 -3.342377e-19 1.602018e-01 7.756929e-03 1.053185e-18 1.496420e+00 1.043864e+00 -3.642494e-19 1.476277e-01 3.512933e-02 -1.496326e-19 1.159983e+00 1.024176e+00 -1.260734e-19 1.888095e-01 -1.544081e-02 -8.854336e-20 1.762841e+00 1.200174e+00 -3.749844e-19 1.476277e-01 3.512933e-02 -1.496326e-19 1.398939e+00 1.177766e+00 -5.719598e-20 2.162752e-01 -1.272179e-02 -1.681558e-19 1.939521e+00 1.395978e+00 -6.640601e-19 1.476277e-01 3.512933e-02 -1.496326e-19 1.530821e+00 1.353716e+00 -3.492315e-19 2.610716e-01 7.132395e-03 -1.651959e-19 2.130581e+00 1.693884e+00 -8.709382e-19 1.476277e-01 3.512933e-02 -1.496326e-19 1.652054e+00 1.619888e+00 -6.233075e-19 3.308999e-01 3.886616e-02 -9.799809e-20 2.324146e+00 1.896712e+00 -7.114945e-19 1.476277e-01 3.512933e-02 -1.496326e-19 1.758717e+00 1.771785e+00 -3.928801e-19 4.178017e-01 8.979778e-02 -1.689818e-19 2.471437e+00 2.140088e+00 -7.142719e-19 1.476277e-01 3.512933e-02 -1.496326e-19 1.784278e+00 1.995954e+00 -3.928801e-19 5.395313e-01 1.090043e-01 -1.717591e-19 2.560863e+00 2.352656e+00 -7.114616e-19 1.476277e-01 3.512933e-02 -1.496326e-19 1.784278e+00 2.208522e+00 -3.928801e-19 6.289576e-01 1.090043e-01 -1.689489e-19 2.647282e+00 2.539837e+00 -7.114585e-19 1.476277e-01 3.512933e-02 -1.496326e-19 1.784278e+00 2.395703e+00 -3.928801e-19 7.153764e-01 1.090043e-01 -1.689457e-19 2.735395e+00 2.704318e+00 -7.114585e-19 1.476277e-01 3.512933e-02 -1.496326e-19 1.784278e+00 2.560184e+00 -3.928801e-19 8.034890e-01 1.090043e-01 -1.689457e-19 2.831462e+00 2.844338e+00 -7.114588e-19 1.476277e-01 3.512933e-02 -1.496326e-19 1.784278e+00 2.700205e+00 -3.928801e-19 8.995557e-01 1.090043e-01 -1.689461e-19 2.978005e+00 3.015297e+00 -4.925914e-19 1.476277e-01 3.512933e-02 -1.496326e-19 1.834923e+00 2.904647e+00 -5.537231e-20 9.954537e-01 7.552070e-02 -2.875864e-19 3.054454e+00 3.123638e+00 -2.452998e-19 1.476277e-01 3.512933e-02 -1.496326e-19 1.868625e+00 3.027862e+00 2.441839e-19 1.038202e+00 6.064660e-02 -3.398510e-19 3.113547e+00 3.203655e+00 -7.821758e-20 1.476277e-01 3.512933e-02 -1.496326e-19 1.893662e+00 3.116937e+00 4.794543e-19 1.072258e+00 5.158904e-02 -4.080392e-19 3.153510e+00 3.255749e+00 3.545148e-20 1.476277e-01 3.512933e-02 -1.496326e-19 1.906515e+00 3.173006e+00 6.188142e-19 1.099367e+00 4.761339e-02 -4.337301e-19 3.165570e+00 3.284491e+00 7.170452e-20 1.476277e-01 3.512933e-02 -1.496326e-19 1.909316e+00 3.184086e+00 6.541603e-19 1.108626e+00 6.527523e-02 -4.328232e-19
153            5.128535e-01 2.061335e-01 -2.598112e-19 1.473347e-01 3.514902e-02 -1.496620e-19 2.896467e-01 1.345764e-01 -7.866322e-19 7.587216e-02 3.640804e-02 6.764830e-19 5.468574e-01 4.246184e-01 -1.107800e-19 1.473347e-01 3.514902e-02 -1.496620e-19 3.050976e-01 3.515303e-01 -5.772326e-19 9.442503e-02 3.793914e-02 6.161145e-19 3.377351e-01 4.031997e-01 -2.282535e-19 1.473347e-01 3.514902e-02 -1.496620e-19 7.933586e-02 3.411758e-01 -8.295117e-19 1.110646e-01 2.687481e-02 7.509202e-19 3.418949e-01 5.641355e-01 6.740146e-20 1.473347e-01 3.514902e-02 -1.496620e-19 6.466642e-02 5.021267e-01 -6.161041e-19 1.298938e-01 2.685975e-02 8.331676e-19 9.448342e-01 7.992451e-01 5.695276e-19 1.473347e-01 3.514902e-02 -1.496620e-19 6.369506e-01 7.563257e-01 -3.345042e-19 1.605489e-01 7.770421e-03 1.053694e-18 1.496591e+00 1.043971e+00 -3.640584e-19 1.473347e-01 3.514902e-02 -1.496620e-19 1.160120e+00 1.024254e+00 -1.262280e-19 1.891366e-01 -1.543212e-02 -8.816848e-20 1.763032e+00 1.200210e+00 -3.747833e-19 1.473347e-01 3.514902e-02 -1.496620e-19 1.399129e+00 1.177788e+00 -5.730698e-20 2.165687e-01 -1.272734e-02 -1.678143e-19 1.939719e+00 1.395945e+00 -6.639908e-19 1.473347e-01 3.514902e-02 -1.496620e-19 1.531073e+00 1.353702e+00 -3.494716e-19 2.613107e-01 7.093923e-03 -1.648572e-19 2.130782e+00 1.693811e+00 -8.709767e-19 1.473347e-01 3.514902e-02 -1.496620e-19 1.652368e+00 1.619872e+00 -6.236853e-19 3.310795e-01 3.879060e-02 -9.762940e-20 2.324338e+00 1.896602e+00 -7.114433e-19 1.473347e-01 3.514902e-02 -1.496620e-19 1.759080e+00 1.771775e+00 -3.931529e-19 4.179234e-01 8.967804e-02 -1.686285e-19 2.471540e+00 2.139920e+00 -7.142466e-19 1.473347e-01 3.514902e-02 -1.496620e-19 1.784641e+00 1.995903e+00 -3.931529e-19 5.395638e-01 1.088681e-01 -1.714317e-19 2.560907e+00 2.352423e+00 -7.114104e-19 1.473347e-01 3.514902e-02 -1.496620e-19 1.784641e+00 2.208405e+00 -3.931529e-19 6.289304e-01 1.088681e-01 -1.685955e-19 2.647277e+00 2.539533e+00 -7.114072e-19 1.473347e-01 3.514902e-02 -1.496620e-19 1.784641e+00 2.395516e+00 -3.931529e-19 7.153004e-01 1.088681e-01 -1.685923e-19 2.735354e+00 2.703950e+00 -7.114072e-19 1.473347e-01 3.514902e-02 -1.496620e-19 1.784641e+00 2.559933e+00 -3.931529e-19 8.033774e-01 1.088681e-01 -1.685923e-19 2.831406e+00 2.843921e+00 -7.114075e-19 1.473347e-01 3.514902e-02 -1.496620e-19 1.784641e+00 2.699903e+00 -3.931529e-19 8.994299e-01 1.088681e-01 -1.685926e-19 2.977946e+00 3.014861e+00 -4.927650e-19 1.473347e-01 3.514902e-02 -1.496620e-19 1.835249e+00 2.904349e+00 -5.592892e-20 9.953617e-01 7.536254e-02 -2.871741e-19 3.054406e+00 3.123174e+00 -2.457327e-19 1.473347e-01 3.514902e-02 -1.496620e-19 1.868916e+00 3.027571e+00 2.433266e-19 1.038155e+00 6.045353e-02 -3.393974e-19 3.113522e+00 3.203156e+00 -7.886544e-20 1.473347e-01 3.514902e-02 -1.496620e-19 1.893922e+00 3.116654e+00 4.783083e-19 1.072265e+00 5.135371e-02 -4.075118e-19 3.153508e+00 3.255237e+00 3.463366e-20 1.473347e-01 3.514902e-02 -1.496620e-19 1.906755e+00 3.172743e+00 6.174463e-19 1.099418e+00 4.734568e-02 -4.331507e-19 3.165483e+00 3.283985e+00 7.098381e-20 1.473347e-01 3.514902e-02 -1.496620e-19 1.909445e+00 3.183842e+00 6.528338e-19 1.108703e+00 6.499399e-02 -4.321880e-19
154            5.127955e-01 2.063827e-01 -2.598995e-19 1.470417e-01 3.516810e-02 -1.496922e-19 2.897200e-01 1.347478e-01 -7.871593e-19 7.603380e-02 3.646682e-02 6.769520e-19 5.469130e-01 4.249135e-01 -1.108345e-19 1.470417e-01 3.516810e-02 -1.496922e-19 3.051735e-01 3.517465e-01 -5.777255e-19 9.469777e-02 3.799892e-02 6.165832e-19 3.378723e-01 4.034765e-01 -2.282664e-19 1.470417e-01 3.516810e-02 -1.496922e-19 7.941176e-02 3.413925e-01 -8.299579e-19 1.114188e-01 2.691593e-02 7.513838e-19 3.420410e-01 5.643734e-01 6.750270e-20 1.470417e-01 3.516810e-02 -1.496922e-19 6.474763e-02 5.023068e-01 -6.164724e-19 1.302517e-01 2.689850e-02 8.336673e-19 9.450130e-01 7.993962e-01 5.697787e-19 1.470417e-01 3.516810e-02 -1.496922e-19 6.370760e-01 7.564445e-01 -3.347389e-19 1.608953e-01 7.783625e-03 1.054210e-18 1.496779e+00 1.044053e+00 -3.638361e-19 1.470417e-01 3.516810e-02 -1.496922e-19 1.160274e+00 1.024309e+00 -1.263418e-19 1.894631e-01 -1.542358e-02 -8.780211e-20 1.763245e+00 1.200217e+00 -3.745494e-19 1.470417e-01 3.516810e-02 -1.496922e-19 1.399342e+00 1.177782e+00 -5.737442e-20 2.168618e-01 -1.273302e-02 -1.674828e-19 1.939944e+00 1.395879e+00 -6.639005e-19 1.470417e-01 3.516810e-02 -1.496922e-19 1.531353e+00 1.353655e+00 -3.496799e-19 2.615491e-01 7.055149e-03 -1.645285e-19 2.131015e+00 1.693700e+00 -8.710029e-19 1.470417e-01 3.516810e-02 -1.496922e-19 1.652715e+00 1.619817e+00 -6.240429e-19 3.312577e-01 3.871427e-02 -9.726778e-20 2.324566e+00 1.896448e+00 -7.113724e-19 1.470417e-01 3.516810e-02 -1.496922e-19 1.759481e+00 1.771723e+00 -3.933953e-19 4.180429e-01 8.955694e-02 -1.682849e-19 2.471679e+00 2.139705e+00 -7.142024e-19 1.470417e-01 3.516810e-02 -1.496922e-19 1.785043e+00 1.995806e+00 -3.933953e-19 5.395936e-01 1.087304e-01 -1.711149e-19 2.560985e+00 2.352140e+00 -7.113394e-19 1.470417e-01 3.516810e-02 -1.496922e-19 1.785043e+00 2.208241e+00 -3.933953e-19 6.289006e-01 1.087304e-01 -1.682519e-19 2.647307e+00 2.539180e+00 -7.113361e-19 1.470417e-01 3.516810e-02 -1.496922e-19 1.785043e+00 2.395281e+00 -3.933953e-19 7.152219e-01 1.087304e-01 -1.682486e-19 2.735348e+00 2.703531e+00 -7.113361e-19 1.470417e-01 3.516810e-02 -1.496922e-19 1.785043e+00 2.559632e+00 -3.933953e-19 8.032634e-01 1.087304e-01 -1.682486e-19 2.831386e+00 2.843451e+00 -7.113365e-19 1.470417e-01 3.516810e-02 -1.496922e-19 1.785043e+00 2.699552e+00 -3.933953e-19 8.993013e-01 1.087304e-01 -1.682490e-19 2.977919e+00 3.014372e+00 -4.929345e-19 1.470417e-01 3.516810e-02 -1.496922e-19 1.835611e+00 2.904001e+00 -5.647771e-20 9.952665e-01 7.520309e-02 -2.867646e-19 3.054387e+00 3.122656e+00 -2.461854e-19 1.470417e-01 3.516810e-02 -1.496922e-19 1.869240e+00 3.027229e+00 2.424481e-19 1.038105e+00 6.025918e-02 -3.389413e-19 3.113521e+00 3.202603e+00 -7.955832e-20 1.470417e-01 3.516810e-02 -1.496922e-19 1.894211e+00 3.116318e+00 4.771056e-19 1.072269e+00 5.111695e-02 -4.069717e-19 3.153528e+00 3.254671e+00 3.373952e-20 1.470417e-01 3.516810e-02 -1.496922e-19 1.907020e+00 3.172426e+00 6.159825e-19 1.099466e+00 4.707632e-02 -4.325508e-19 3.165396e+00 3.283422e+00 7.020066e-20 1.470417e-01 3.516810e-02 -1.496922e-19 1.909577e+00 3.183544e+00 6.514187e-19 1.108778e+00 6.470998e-02 -4.315259e-19
155            5.127421e-01 2.066273e-01 -2.599912e-19 1.467489e-01 3.518648e-02 -1.497231e-19 2.897999e-01 1.349160e-01 -7.876911e-19 7.619336e-02 3.652483e-02 6.774229e-19 5.469739e-01 4.252013e-01 -1.108808e-19 1.467489e-01 3.518648e-02 -1.497231e-19 3.052566e-01 3.519570e-01 -5.782143e-19 9.496845e-02 3.805790e-02 6.170566e-19 3.380150e-01 4.037409e-01 -2.282657e-19 1.467489e-01 3.518648e-02 -1.497231e-19 7.949479e-02 3.415980e-01 -8.303934e-19 1.117714e-01 2.695642e-02 7.518508e-19 3.421936e-01 5.645951e-01 6.762836e-20 1.467489e-01 3.518648e-02 -1.497231e-19 6.483647e-02 5.024720e-01 -6.168221e-19 1.306083e-01 2.693667e-02 8.341735e-19 9.452015e-01 7.995264e-01 5.700629e-19 1.467489e-01 3.518648e-02 -1.497231e-19 6.372120e-01 7.565434e-01 -3.349448e-19 1.612407e-01 7.796490e-03 1.054731e-18 1.496980e+00 1.044112e+00 -3.635848e-19 1.467489e-01 3.518648e-02 -1.497231e-19 1.160442e+00 1.024341e+00 -1.264196e-19 1.897887e-01 -1.541524e-02 -8.744217e-20 1.763475e+00 1.200195e+00 -3.742854e-19 1.467489e-01 3.518648e-02 -1.497231e-19 1.399573e+00 1.177748e+00 -5.740349e-20 2.171541e-01 -1.273888e-02 -1.671589e-19 1.940191e+00 1.395780e+00 -6.637897e-19 1.467489e-01 3.518648e-02 -1.497231e-19 1.531655e+00 1.353577e+00 -3.498595e-19 2.617867e-01 7.016079e-03 -1.642072e-19 2.131273e+00 1.693552e+00 -8.710156e-19 1.467489e-01 3.518648e-02 -1.497231e-19 1.653089e+00 1.619728e+00 -6.243812e-19 3.314346e-01 3.863727e-02 -9.691135e-20 2.324821e+00 1.896254e+00 -7.112827e-19 1.467489e-01 3.518648e-02 -1.497231e-19 1.759912e+00 1.771633e+00 -3.936111e-19 4.181603e-01 8.943468e-02 -1.679485e-19 2.471845e+00 2.139449e+00 -7.141396e-19 1.467489e-01 3.518648e-02 -1.497231e-19 1.785476e+00 1.995671e+00 -3.936111e-19 5.396210e-01 1.085914e-01 -1.708054e-19 2.561093e+00 2.351817e+00 -7.112496e-19 1.467489e-01 3.518648e-02 -1.497231e-19 1.785476e+00 2.208039e+00 -3.936111e-19 6.288685e-01 1.085914e-01 -1.679154e-19 2.647366e+00 2.538787e+00 -7.112463e-19 1.467489e-01 3.518648e-02 -1.497231e-19 1.785476e+00 2.395009e+00 -3.936111e-19 7.151413e-01 1.085914e-01 -1.679121e-19 2.735372e+00 2.703076e+00 -7.112463e-19 1.467489e-01 3.518648e-02 -1.497231e-19 1.785476e+00 2.559298e+00 -3.936111e-19 8.031474e-01 1.085914e-01 -1.679121e-19 2.831395e+00 2.842948e+00 -7.112466e-19 1.467489e-01 3.518648e-02 -1.497231e-19 1.785476e+00 2.699170e+00 -3.936111e-19 8.991704e-01 1.085914e-01 -1.679124e-19 2.977919e+00 3.013855e+00 -4.930878e-19 1.467489e-01 3.518648e-02 -1.497231e-19 1.836002e+00 2.903626e+00 -5.700476e-20 9.951681e-01 7.504266e-02 -2.863600e-19 3.054393e+00 3.122111e+00 -2.466302e-19 1.467489e-01 3.518648e-02 -1.497231e-19 1.869593e+00 3.026861e+00 2.415806e-19 1.038051e+00 6.006395e-02 -3.384877e-19 3.113544e+00 3.202023e+00 -8.025834e-20 1.467489e-01 3.518648e-02 -1.497231e-19 1.894526e+00 3.115957e+00 4.758920e-19 1.072269e+00 5.087925e-02 -4.064273e-19 3.153567e+00 3.254077e+00 3.281417e-20 1.467489e-01 3.518648e-02 -1.497231e-19 1.907308e+00 3.172085e+00 6.144775e-19 1.099510e+00 4.680586e-02 -4.319402e-19 3.165313e+00 3.282832e+00 6.939867e-20 1.467489e-01 3.518648e-02 -1.497231e-19 1.909715e+00 3.183222e+00 6.499692e-19 1.108849e+00 6.442388e-02 -4.308474e-19
156            5.126914e-01 2.068675e-01 -2.600852e-19 1.464560e-01 3.520411e-02 -1.497540e-19 2.898846e-01 1.350813e-01 -7.882249e-19 7.635080e-02 3.658203e-02 6.778938e-19 5.470379e-01 4.254825e-01 -1.109213e-19 1.464560e-01 3.520411e-02 -1.497540e-19 3.053448e-01 3.521623e-01 -5.786994e-19 9.523702e-02 3.811607e-02 6.175322e-19 3.381617e-01 4.039956e-01 -2.282554e-19 1.464560e-01 3.520411e-02 -1.497540e-19 7.958348e-02 3.417953e-01 -8.308203e-19 1.121222e-01 2.699624e-02 7.523189e-19 3.423508e-01 5.648043e-01 6.776949e-20 1.464560e-01 3.520411e-02 -1.497540e-19 6.493131e-02 5.026260e-01 -6.171587e-19 1.309635e-01 2.697422e-02 8.346823e-19 9.453955e-01 7.996410e-01 5.703664e-19 1.464560e-01 3.520411e-02 -1.497540e-19 6.373544e-01 7.566279e-01 -3.351327e-19 1.615851e-01 7.808980e-03 1.055253e-18 1.497186e+00 1.044153e+00 -3.633143e-19 1.464560e-01 3.520411e-02 -1.497540e-19 1.160617e+00 1.024356e+00 -1.264760e-19 1.901134e-01 -1.540714e-02 -8.708431e-20 1.763714e+00 1.200153e+00 -3.740013e-19 1.464560e-01 3.520411e-02 -1.497540e-19 1.399812e+00 1.177694e+00 -5.740992e-20 2.174457e-01 -1.274495e-02 -1.668374e-19 1.940448e+00 1.395657e+00 -6.636637e-19 1.464560e-01 3.520411e-02 -1.497540e-19 1.531969e+00 1.353476e+00 -3.500213e-19 2.620235e-01 6.976732e-03 -1.638883e-19 2.131542e+00 1.693378e+00 -8.710164e-19 1.464560e-01 3.520411e-02 -1.497540e-19 1.653476e+00 1.619614e+00 -6.247062e-19 3.316103e-01 3.855967e-02 -9.655618e-20 2.325089e+00 1.896032e+00 -7.111789e-19 1.464560e-01 3.520411e-02 -1.497540e-19 1.760357e+00 1.771516e+00 -3.938107e-19 4.182759e-01 8.931144e-02 -1.676142e-19 2.472025e+00 2.139164e+00 -7.140627e-19 1.464560e-01 3.520411e-02 -1.497540e-19 1.785922e+00 1.995508e+00 -3.938107e-19 5.396464e-01 1.084513e-01 -1.704980e-19 2.561213e+00 2.351466e+00 -7.111458e-19 1.464560e-01 3.520411e-02 -1.497540e-19 1.785922e+00 2.207811e+00 -3.938107e-19 6.288347e-01 1.084513e-01 -1.675811e-19 2.647437e+00 2.538371e+00 -7.111424e-19 1.464560e-01 3.520411e-02 -1.497540e-19 1.785922e+00 2.394715e+00 -3.938107e-19 7.150593e-01 1.084513e-01 -1.675777e-19 2.735408e+00 2.702600e+00 -7.111424e-19 1.464560e-01 3.520411e-02 -1.497540e-19 1.785922e+00 2.558945e+00 -3.938107e-19 8.030299e-01 1.084513e-01 -1.675777e-19 2.831416e+00 2.842429e+00 -7.111427e-19 1.464560e-01 3.520411e-02 -1.497540e-19 1.785922e+00 2.698774e+00 -3.938107e-19 8.990376e-01 1.084513e-01 -1.675780e-19 2.977933e+00 3.013325e+00 -4.932204e-19 1.464560e-01 3.520411e-02 -1.497540e-19 1.836409e+00 2.903240e+00 -5.750723e-20 9.950671e-01 7.488150e-02 -2.859591e-19 3.054413e+00 3.121557e+00 -2.470494e-19 1.464560e-01 3.520411e-02 -1.497540e-19 1.869962e+00 3.026485e+00 2.407426e-19 1.037995e+00 5.986822e-02 -3.380379e-19 3.113579e+00 3.201435e+00 -8.093550e-20 1.464560e-01 3.520411e-02 -1.497540e-19 1.894856e+00 3.115590e+00 4.747033e-19 1.072266e+00 5.064110e-02 -4.058848e-19 3.153618e+00 3.253477e+00 3.190214e-20 1.464560e-01 3.520411e-02 -1.497540e-19 1.907611e+00 3.171738e+00 6.129847e-19 1.099551e+00 4.653486e-02 -4.313286e-19 3.165234e+00 3.282235e+00 6.861524e-20 1.464560e-01 3.520411e-02 -1.497540e-19 1.909861e+00 3.182894e+00 6.485346e-19 1.108918e+00 6.413637e-02 -4.301653e-19
157            5.126409e-01 2.071038e-01 -2.601802e-19 1.461633e-01 3.522099e-02 -1.497844e-19 2.899714e-01 1.352444e-01 -7.887577e-19 7.650615e-02 3.663842e-02 6.783619e-19 5.471023e-01 4.257581e-01 -1.109593e-19 1.461633e-01 3.522099e-02 -1.497844e-19 3.054354e-01 3.523637e-01 -5.791816e-19 9.550357e-02 3.817343e-02 6.180068e-19 3.383105e-01 4.042440e-01 -2.282405e-19 1.461633e-01 3.522099e-02 -1.497844e-19 7.967572e-02 3.419876e-01 -8.312410e-19 1.124715e-01 2.703540e-02 7.527850e-19 3.425107e-01 5.650057e-01 6.791527e-20 1.461633e-01 3.522099e-02 -1.497844e-19 6.502988e-02 5.027736e-01 -6.174892e-19 1.313176e-01 2.701117e-02 8.351889e-19 9.455898e-01 7.997463e-01 5.706726e-19 1.461633e-01 3.522099e-02 -1.497844e-19 6.374978e-01 7.567042e-01 -3.353149e-19 1.619287e-01 7.821100e-03 1.055772e-18 1.497391e+00 1.044183e+00 -3.630362e-19 1.461633e-01 3.522099e-02 -1.497844e-19 1.160790e+00 1.024361e+00 -1.265272e-19 1.904375e-01 -1.539928e-02 -8.672451e-20 1.763949e+00 1.200099e+00 -3.737092e-19 1.461633e-01 3.522099e-02 -1.497844e-19 1.400049e+00 1.177629e+00 -5.741140e-20 2.177368e-01 -1.275121e-02 -1.665134e-19 1.940703e+00 1.395521e+00 -6.635293e-19 1.461633e-01 3.522099e-02 -1.497844e-19 1.532279e+00 1.353363e+00 -3.501778e-19 2.622599e-01 6.937153e-03 -1.635670e-19 2.131808e+00 1.693188e+00 -8.710085e-19 1.461633e-01 3.522099e-02 -1.497844e-19 1.653860e+00 1.619485e+00 -6.250254e-19 3.317850e-01 3.848157e-02 -9.619864e-20 2.325353e+00 1.895792e+00 -7.110667e-19 1.461633e-01 3.522099e-02 -1.497844e-19 1.760800e+00 1.771383e+00 -3.940050e-19 4.183899e-01 8.918732e-02 -1.672773e-19 2.472199e+00 2.138861e+00 -7.139771e-19 1.461633e-01 3.522099e-02 -1.497844e-19 1.786366e+00 1.995329e+00 -3.940050e-19 5.396700e-01 1.083103e-01 -1.701877e-19 2.561328e+00 2.351099e+00 -7.110335e-19 1.461633e-01 3.522099e-02 -1.497844e-19 1.786366e+00 2.207568e+00 -3.940050e-19 6.287993e-01 1.083103e-01 -1.672442e-19 2.647505e+00 2.537938e+00 -7.110302e-19 1.461633e-01 3.522099e-02 -1.497844e-19 1.786366e+00 2.394407e+00 -3.940050e-19 7.149759e-01 1.083103e-01 -1.672408e-19 2.735440e+00 2.702111e+00 -7.110302e-19 1.461633e-01 3.522099e-02 -1.497844e-19 1.786366e+00 2.558580e+00 -3.940050e-19 8.029112e-01 1.083103e-01 -1.672408e-19 2.831432e+00 2.841900e+00 -7.110305e-19 1.461633e-01 3.522099e-02 -1.497844e-19 1.786366e+00 2.698369e+00 -3.940050e-19 8.989033e-01 1.083103e-01 -1.672411e-19 2.977942e+00 3.012788e+00 -4.933359e-19 1.461633e-01 3.522099e-02 -1.497844e-19 1.836815e+00 2.902848e+00 -5.799302e-20 9.949638e-01 7.471979e-02 -2.855585e-19 3.054429e+00 3.120997e+00 -2.474418e-19 1.461633e-01 3.522099e-02 -1.497844e-19 1.870330e+00 3.026104e+00 2.399326e-19 1.037935e+00 5.967221e-02 -3.375900e-19 3.113611e+00 3.200842e+00 -8.158011e-20 1.461633e-01 3.522099e-02 -1.497844e-19 1.895187e+00 3.115218e+00 4.735501e-19 1.072260e+00 5.040282e-02 -4.053458e-19 3.153666e+00 3.252871e+00 3.102727e-20 1.461633e-01 3.522099e-02 -1.497844e-19 1.907914e+00 3.171386e+00 6.115329e-19 1.099589e+00 4.626362e-02 -4.307212e-19 3.165159e+00 3.281631e+00 6.786601e-20 1.461633e-01 3.522099e-02 -1.497844e-19 1.910012e+00 3.182562e+00 6.471385e-19 1.108983e+00 6.384783e-02 -4.294881e-19
158            5.125881e-01 2.073371e-01 -2.602750e-19 1.458706e-01 3.523715e-02 -1.498136e-19 2.900580e-01 1.354059e-01 -7.892859e-19 7.665949e-02 3.669405e-02 6.788245e-19 5.471645e-01 4.260290e-01 -1.109971e-19 1.458706e-01 3.523715e-02 -1.498136e-19 3.055256e-01 3.525619e-01 -5.796605e-19 9.576827e-02 3.823004e-02 6.184769e-19 3.384596e-01 4.044883e-01 -2.282245e-19 1.458706e-01 3.523715e-02 -1.498136e-19 7.976952e-02 3.421772e-01 -8.316565e-19 1.128195e-01 2.707396e-02 7.532456e-19 3.426714e-01 5.652023e-01 6.805799e-20 1.458706e-01 3.523715e-02 -1.498136e-19 6.513007e-02 5.029176e-01 -6.178173e-19 1.316707e-01 2.704757e-02 8.356889e-19 9.457800e-01 7.998458e-01 5.709701e-19 1.458706e-01 3.523715e-02 -1.498136e-19 6.376376e-01 7.567757e-01 -3.354989e-19 1.622718e-01 7.832892e-03 1.056283e-18 1.497586e+00 1.044206e+00 -3.627581e-19 1.458706e-01 3.523715e-02 -1.498136e-19 1.160955e+00 1.024360e+00 -1.265835e-19 1.907611e-01 -1.539159e-02 -8.636104e-20 1.764173e+00 1.200037e+00 -3.734171e-19 1.458706e-01 3.523715e-02 -1.498136e-19 1.400275e+00 1.177557e+00 -5.741889e-20 2.180277e-01 -1.275760e-02 -1.661847e-19 1.940944e+00 1.395375e+00 -6.633911e-19 1.458706e-01 3.523715e-02 -1.498136e-19 1.532577e+00 1.353241e+00 -3.503365e-19 2.624960e-01 6.897412e-03 -1.632410e-19 2.132059e+00 1.692986e+00 -8.709941e-19 1.458706e-01 3.523715e-02 -1.498136e-19 1.654230e+00 1.619346e+00 -6.253433e-19 3.319589e-01 3.840304e-02 -9.583719e-20 2.325599e+00 1.895539e+00 -7.109498e-19 1.458706e-01 3.523715e-02 -1.498136e-19 1.761226e+00 1.771239e+00 -3.942003e-19 4.185025e-01 8.906236e-02 -1.669359e-19 2.472356e+00 2.138543e+00 -7.138865e-19 1.458706e-01 3.523715e-02 -1.498136e-19 1.786793e+00 1.995137e+00 -3.942003e-19 5.396918e-01 1.081684e-01 -1.698726e-19 2.561426e+00 2.350715e+00 -7.109165e-19 1.458706e-01 3.523715e-02 -1.498136e-19 1.786793e+00 2.207310e+00 -3.942003e-19 6.287624e-01 1.081684e-01 -1.669026e-19 2.647555e+00 2.537489e+00 -7.109131e-19 1.458706e-01 3.523715e-02 -1.498136e-19 1.786793e+00 2.394084e+00 -3.942003e-19 7.148913e-01 1.081684e-01 -1.668992e-19 2.735455e+00 2.701605e+00 -7.109131e-19 1.458706e-01 3.523715e-02 -1.498136e-19 1.786793e+00 2.558199e+00 -3.942003e-19 8.027913e-01 1.081684e-01 -1.668992e-19 2.831432e+00 2.841353e+00 -7.109134e-19 1.458706e-01 3.523715e-02 -1.498136e-19 1.786793e+00 2.697948e+00 -3.942003e-19 8.987677e-01 1.081684e-01 -1.668995e-19 2.977934e+00 3.012232e+00 -4.934424e-19 1.458706e-01 3.523715e-02 -1.498136e-19 1.837205e+00 2.902438e+00 -5.847405e-20 9.948584e-01 7.455752e-02 -2.851548e-19 3.054428e+00 3.120418e+00 -2.478184e-19 1.458706e-01 3.523715e-02 -1.498136e-19 1.870684e+00 3.025705e+00 2.391357e-19 1.037873e+00 5.947596e-02 -3.371405e-19 3.113627e+00 3.200229e+00 -8.220090e-20 1.458706e-01 3.523715e-02 -1.498136e-19 1.895505e+00 3.114828e+00 4.724212e-19 1.072252e+00 5.016442e-02 -4.048085e-19 3.153701e+00 3.252244e+00 3.018869e-20 1.458706e-01 3.523715e-02 -1.498136e-19 1.908205e+00 3.171015e+00 6.101206e-19 1.099625e+00 4.599213e-02 -4.301183e-19 3.165081e+00 3.281006e+00 6.714479e-20 1.458706e-01 3.523715e-02 -1.498136e-19 1.910164e+00 3.182211e+00 6.457767e-19 1.109047e+00 6.355828e-02 -4.288183e-19
159            5.125312e-01 2.075674e-01 -2.603683e-19 1.455780e-01 3.525260e-02 -1.498409e-19 2.901422e-01 1.355658e-01 -7.898060e-19 7.681089e-02 3.674895e-02 6.792787e-19 5.472226e-01 4.262950e-01 -1.110356e-19 1.455780e-01 3.525260e-02 -1.498409e-19 3.056133e-01 3.527565e-01 -5.801341e-19 9.603123e-02 3.828592e-02 6.189394e-19 3.386077e-01 4.047287e-01 -2.282086e-19 1.455780e-01 3.525260e-02 -1.498409e-19 7.986342e-02 3.423641e-01 -8.320647e-19 1.131662e-01 2.711196e-02 7.536971e-19 3.428315e-01 5.653939e-01 6.819541e-20 1.455780e-01 3.525260e-02 -1.498409e-19 6.523041e-02 5.030579e-01 -6.181419e-19 1.320231e-01 2.708345e-02 8.361782e-19 9.459630e-01 7.999388e-01 5.712550e-19 1.455780e-01 3.525260e-02 -1.498409e-19 6.377706e-01 7.568418e-01 -3.356847e-19 1.626144e-01 7.844410e-03 1.056781e-18 1.497768e+00 1.044220e+00 -3.624813e-19 1.455780e-01 3.525260e-02 -1.498409e-19 1.161106e+00 1.024351e+00 -1.266455e-19 1.910843e-01 -1.538403e-02 -8.599493e-20 1.764381e+00 1.199965e+00 -3.731263e-19 1.455780e-01 3.525260e-02 -1.498409e-19 1.400485e+00 1.177477e+00 -5.743337e-20 2.183183e-01 -1.276405e-02 -1.658520e-19 1.941166e+00 1.395218e+00 -6.632493e-19 1.455780e-01 3.525260e-02 -1.498409e-19 1.532856e+00 1.353108e+00 -3.504974e-19 2.627317e-01 6.857579e-03 -1.629110e-19 2.132289e+00 1.692769e+00 -8.709731e-19 1.455780e-01 3.525260e-02 -1.498409e-19 1.654579e+00 1.619192e+00 -6.256594e-19 3.321321e-01 3.832412e-02 -9.547272e-20 2.325823e+00 1.895267e+00 -7.108280e-19 1.455780e-01 3.525260e-02 -1.498409e-19 1.761632e+00 1.771078e+00 -3.943964e-19 4.186135e-01 8.893656e-02 -1.665907e-19 2.472489e+00 2.138204e+00 -7.137911e-19 1.455780e-01 3.525260e-02 -1.498409e-19 1.787200e+00 1.994926e+00 -3.943964e-19 5.397117e-01 1.080255e-01 -1.695538e-19 2.561501e+00 2.350308e+00 -7.107947e-19 1.455780e-01 3.525260e-02 -1.498409e-19 1.787200e+00 2.207029e+00 -3.943964e-19 6.287236e-01 1.080255e-01 -1.665574e-19 2.647583e+00 2.537013e+00 -7.107912e-19 1.455780e-01 3.525260e-02 -1.498409e-19 1.787200e+00 2.393734e+00 -3.943964e-19 7.148050e-01 1.080255e-01 -1.665539e-19 2.735448e+00 2.701067e+00 -7.107912e-19 1.455780e-01 3.525260e-02 -1.498409e-19 1.787200e+00 2.557789e+00 -3.943964e-19 8.026699e-01 1.080255e-01 -1.665539e-19 2.831408e+00 2.840772e+00 -7.107915e-19 1.455780e-01 3.525260e-02 -1.498409e-19 1.787200e+00 2.697494e+00 -3.943964e-19 8.986303e-01 1.080255e-01 -1.665542e-19 2.977902e+00 3.011638e+00 -4.935459e-19 1.455780e-01 3.525260e-02 -1.498409e-19 1.837573e+00 2.901991e+00 -5.895808e-20 9.947506e-01 7.439465e-02 -2.847469e-19 3.054403e+00 3.119798e+00 -2.481915e-19 1.455780e-01 3.525260e-02 -1.498409e-19 1.871017e+00 3.025266e+00 2.383367e-19 1.037809e+00 5.927935e-02 -3.366872e-19 3.113620e+00 3.199574e+00 -8.281213e-20 1.455780e-01 3.525260e-02 -1.498409e-19 1.895802e+00 3.114396e+00 4.712992e-19 1.072240e+00 4.992573e-02 -4.042704e-19 3.153714e+00 3.251575e+00 2.937288e-20 1.455780e-01 3.525260e-02 -1.498409e-19 1.908478e+00 3.170602e+00 6.087316e-19 1.099658e+00 4.572020e-02 -4.295178e-19 3.164994e+00 3.280337e+00 6.643695e-20 1.455780e-01 3.525260e-02 -1.498409e-19 1.910308e+00 3.181817e+00 6.444320e-19 1.109107e+00 6.326747e-02 -4.281541e-19
160            5.124687e-01 2.077943e-01 -2.604589e-19 1.452855e-01 3.526735e-02 -1.498661e-19 2.902228e-01 1.357238e-01 -7.903143e-19 7.696035e-02 3.680315e-02 6.797215e-19 5.472750e-01 4.265546e-01 -1.110737e-19 1.452855e-01 3.526735e-02 -1.498661e-19 3.056971e-01 3.529461e-01 -5.805990e-19 9.629242e-02 3.834109e-02 6.193913e-19 3.387537e-01 4.049631e-01 -2.281911e-19 1.452855e-01 3.526735e-02 -1.498661e-19 7.995645e-02 3.425463e-01 -8.324612e-19 1.135118e-01 2.714943e-02 7.541363e-19 3.429901e-01 5.655776e-01 6.832945e-20 1.452855e-01 3.526735e-02 -1.498661e-19 6.533004e-02 5.031914e-01 -6.184583e-19 1.323745e-01 2.711884e-02 8.366539e-19 9.461370e-01 8.000213e-01 5.715292e-19 1.452855e-01 3.526735e-02 -1.498661e-19 6.378951e-01 7.568983e-01 -3.358670e-19 1.629563e-01 7.855692e-03 1.057262e-18 1.497934e+00 1.044220e+00 -3.622023e-19 1.452855e-01 3.526735e-02 -1.498661e-19 1.161242e+00 1.024330e+00 -1.267075e-19 1.914070e-01 -1.537653e-02 -8.562872e-20 1.764569e+00 1.199878e+00 -3.728329e-19 1.452855e-01 3.526735e-02 -1.498661e-19 1.400675e+00 1.177381e+00 -5.744894e-20 2.186085e-01 -1.277051e-02 -1.655178e-19 1.941367e+00 1.395042e+00 -6.631008e-19 1.452855e-01 3.526735e-02 -1.498661e-19 1.533114e+00 1.352957e+00 -3.506552e-19 2.629670e-01 6.817698e-03 -1.625795e-19 2.132495e+00 1.692528e+00 -8.709427e-19 1.452855e-01 3.526735e-02 -1.498661e-19 1.654906e+00 1.619016e+00 -6.259690e-19 3.323041e-01 3.824484e-02 -9.510758e-20 2.326022e+00 1.894969e+00 -7.106982e-19 1.452855e-01 3.526735e-02 -1.498661e-19 1.762014e+00 1.770891e+00 -3.945879e-19 4.187226e-01 8.880991e-02 -1.662442e-19 2.472597e+00 2.137833e+00 -7.136877e-19 1.452855e-01 3.526735e-02 -1.498661e-19 1.787583e+00 1.994684e+00 -3.945879e-19 5.397292e-01 1.078816e-01 -1.692337e-19 2.561551e+00 2.349863e+00 -7.106648e-19 1.452855e-01 3.526735e-02 -1.498661e-19 1.787583e+00 2.206714e+00 -3.945879e-19 6.286825e-01 1.078816e-01 -1.662108e-19 2.647585e+00 2.536495e+00 -7.106613e-19 1.452855e-01 3.526735e-02 -1.498661e-19 1.787583e+00 2.393346e+00 -3.945879e-19 7.147165e-01 1.078816e-01 -1.662073e-19 2.735414e+00 2.700484e+00 -7.106613e-19 1.452855e-01 3.526735e-02 -1.498661e-19 1.787583e+00 2.557335e+00 -3.945879e-19 8.025463e-01 1.078816e-01 -1.662073e-19 2.831359e+00 2.840140e+00 -7.106616e-19 1.452855e-01 3.526735e-02 -1.498661e-19 1.787583e+00 2.696991e+00 -3.945879e-19 8.984906e-01 1.078816e-01 -1.662076e-19 2.977843e+00 3.010989e+00 -4.936463e-19 1.452855e-01 3.526735e-02 -1.498661e-19 1.837917e+00 2.901490e+00 -5.944429e-20 9.946399e-01 7.423109e-02 -2.843359e-19 3.054351e+00 3.119120e+00 -2.485648e-19 1.452855e-01 3.526735e-02 -1.498661e-19 1.871324e+00 3.024770e+00 2.375320e-19 1.037741e+00 5.908223e-02 -3.362307e-19 3.113586e+00 3.198859e+00 -8.342010e-20 1.452855e-01 3.526735e-02 -1.498661e-19 1.896075e+00 3.113906e+00 4.701769e-19 1.072225e+00 4.968653e-02 -4.037309e-19 3.153700e+00 3.250843e+00 2.857002e-20 1.452855e-01 3.526735e-02 -1.498661e-19 1.908728e+00 3.170128e+00 6.073542e-19 1.099687e+00 4.544760e-02 -4.289181e-19 3.164890e+00 3.279605e+00 6.573449e-20 1.452855e-01 3.526735e-02 -1.498661e-19 1.910439e+00 3.181363e+00 6.430937e-19 1.109165e+00 6.297511e-02 -4.274931e-19
161            5.123997e-01 2.080170e-01 -2.605455e-19 1.449931e-01 3.528138e-02 -1.498888e-19 2.902987e-01 1.358790e-01 -7.908071e-19 7.710782e-02 3.685664e-02 6.801505e-19 5.473208e-01 4.268061e-01 -1.111100e-19 1.449931e-01 3.528138e-02 -1.498888e-19 3.057760e-01 3.531291e-01 -5.810515e-19 9.655168e-02 3.839556e-02 6.198303e-19 3.388969e-01 4.051888e-01 -2.281698e-19 1.449931e-01 3.528138e-02 -1.498888e-19 8.004807e-02 3.427211e-01 -8.328413e-19 1.138558e-01 2.718634e-02 7.545603e-19 3.431463e-01 5.657501e-01 6.846318e-20 1.449931e-01 3.528138e-02 -1.498888e-19 6.542849e-02 5.033150e-01 -6.187612e-19 1.327247e-01 2.715372e-02 8.371132e-19 9.463003e-01 8.000889e-01 5.717959e-19 1.449931e-01 3.528138e-02 -1.498888e-19 6.380100e-01 7.569408e-01 -3.360397e-19 1.632972e-01 7.866740e-03 1.057724e-18 1.498081e+00 1.044202e+00 -3.619165e-19 1.449931e-01 3.528138e-02 -1.498888e-19 1.161360e+00 1.024290e+00 -1.267630e-19 1.917287e-01 -1.536907e-02 -8.526473e-20 1.764735e+00 1.199768e+00 -3.725322e-19 1.449931e-01 3.528138e-02 -1.498888e-19 1.400844e+00 1.177264e+00 -5.745889e-20 2.188979e-01 -1.277695e-02 -1.651845e-19 1.941545e+00 1.394841e+00 -6.629415e-19 1.449931e-01 3.528138e-02 -1.498888e-19 1.533350e+00 1.352782e+00 -3.508039e-19 2.632013e-01 6.777786e-03 -1.622488e-19 2.132677e+00 1.692256e+00 -8.708993e-19 1.449931e-01 3.528138e-02 -1.498888e-19 1.655209e+00 1.618809e+00 -6.262666e-19 3.324747e-01 3.816522e-02 -9.474388e-20 2.326193e+00 1.894633e+00 -7.105569e-19 1.449931e-01 3.528138e-02 -1.498888e-19 1.762371e+00 1.770670e+00 -3.947695e-19 4.188293e-01 8.868242e-02 -1.658986e-19 2.472677e+00 2.137421e+00 -7.135727e-19 1.449931e-01 3.528138e-02 -1.498888e-19 1.787941e+00 1.994403e+00 -3.947695e-19 5.397438e-01 1.077368e-01 -1.689144e-19 2.561572e+00 2.349374e+00 -7.105234e-19 1.449931e-01 3.528138e-02 -1.498888e-19 1.787941e+00 2.206356e+00 -3.947695e-19 6.286384e-01 1.077368e-01 -1.658651e-19 2.647559e+00 2.535928e+00 -7.105199e-19 1.449931e-01 3.528138e-02 -1.498888e-19 1.787941e+00 2.392910e+00 -3.947695e-19 7.146252e-01 1.077368e-01 -1.658616e-19 2.735353e+00 2.699848e+00 -7.105199e-19 1.449931e-01 3.528138e-02 -1.498888e-19 1.787941e+00 2.556830e+00 -3.947695e-19 8.024199e-01 1.077368e-01 -1.658616e-19 2.831282e+00 2.839452e+00 -7.105202e-19 1.449931e-01 3.528138e-02 -1.498888e-19 1.787941e+00 2.696434e+00 -3.947695e-19 8.983479e-01 1.077368e-01 -1.658618e-19 2.977754e+00 3.010278e+00 -4.937381e-19 1.449931e-01 3.528138e-02 -1.498888e-19 1.838236e+00 2.900930e+00 -5.992495e-20 9.945256e-01 7.406681e-02 -2.839243e-19 3.054269e+00 3.118378e+00 -2.489315e-19 1.449931e-01 3.528138e-02 -1.498888e-19 1.871606e+00 3.024212e+00 2.367308e-19 1.037669e+00 5.888452e-02 -3.357735e-19 3.113523e+00 3.198079e+00 -8.401863e-20 1.449931e-01 3.528138e-02 -1.498888e-19 1.896323e+00 3.113351e+00 4.690620e-19 1.072207e+00 4.944672e-02 -4.031918e-19 3.153659e+00 3.250046e+00 2.778207e-20 1.449931e-01 3.528138e-02 -1.498888e-19 1.908953e+00 3.169590e+00 6.059906e-19 1.099713e+00 4.517422e-02 -4.283197e-19 3.164762e+00 3.278806e+00 6.504225e-20 1.449931e-01 3.528138e-02 -1.498888e-19 1.910549e+00 3.180843e+00 6.417657e-19 1.109220e+00 6.268108e-02 -4.268346e-19
162            5.123235e-01 2.082350e-01 -2.606273e-19 1.447008e-01 3.529464e-02 -1.499089e-19 2.903695e-01 1.360309e-01 -7.912825e-19 7.725319e-02 3.690940e-02 6.805640e-19 5.473591e-01 4.270481e-01 -1.111433e-19 1.447008e-01 3.529464e-02 -1.499089e-19 3.058495e-01 3.533042e-01 -5.814895e-19 9.680878e-02 3.844928e-02 6.202550e-19 3.390367e-01 4.054042e-01 -2.281432e-19 1.447008e-01 3.529464e-02 -1.499089e-19 8.013805e-02 3.428869e-01 -8.332021e-19 1.141979e-01 2.722267e-02 7.549678e-19 3.432996e-01 5.659093e-01 6.859807e-20 1.447008e-01 3.529464e-02 -1.499089e-19 6.552555e-02 5.034266e-01 -6.190478e-19 1.330732e-01 2.718807e-02 8.375547e-19 9.464520e-01 8.001393e-01 5.720562e-19 1.447008e-01 3.529464e-02 -1.499089e-19 6.381144e-01 7.569672e-01 -3.362002e-19 1.636368e-01 7.877527e-03 1.058165e-18 1.498209e+00 1.044163e+00 -3.616218e-19 1.447008e-01 3.529464e-02 -1.499089e-19 1.161459e+00 1.024230e+00 -1.268093e-19 1.920490e-01 -1.536167e-02 -8.490361e-20 1.764878e+00 1.199635e+00 -3.722221e-19 1.447008e-01 3.529464e-02 -1.499089e-19 1.400991e+00 1.177123e+00 -5.746073e-20 2.191860e-01 -1.278338e-02 -1.648526e-19 1.941697e+00 1.394611e+00 -6.627691e-19 1.447008e-01 3.529464e-02 -1.499089e-19 1.533562e+00 1.352579e+00 -3.509407e-19 2.634344e-01 6.737842e-03 -1.619196e-19 2.132831e+00 1.691949e+00 -8.708400e-19 1.447008e-01 3.529464e-02 -1.499089e-19 1.655487e+00 1.618569e+00 -6.265488e-19 3.326434e-01 3.808528e-02 -9.438232e-20 2.326336e+00 1.894259e+00 -7.104021e-19 1.447008e-01 3.529464e-02 -1.499089e-19 1.762701e+00 1.770410e+00 -3.949391e-19 4.189335e-01 8.855415e-02 -1.655542e-19 2.472727e+00 2.136966e+00 -7.134439e-19 1.447008e-01 3.529464e-02 -1.499089e-19 1.788271e+00 1.994080e+00 -3.949391e-19 5.397551e-01 1.075911e-01 -1.685960e-19 2.561563e+00 2.348839e+00 -7.103686e-19 1.447008e-01 3.529464e-02 -1.499089e-19 1.788271e+00 2.205953e+00 -3.949391e-19 6.285911e-01 1.075911e-01 -1.655207e-19 2.647503e+00 2.535314e+00 -7.103650e-19 1.447008e-01 3.529464e-02 -1.499089e-19 1.788271e+00 2.392428e+00 -3.949391e-19 7.145306e-01 1.075911e-01 -1.655171e-19 2.735262e+00 2.699163e+00 -7.103650e-19 1.447008e-01 3.529464e-02 -1.499089e-19 1.788271e+00 2.556278e+00 -3.949391e-19 8.022902e-01 1.075911e-01 -1.655171e-19 2.831174e+00 2.838712e+00 -7.103653e-19 1.447008e-01 3.529464e-02 -1.499089e-19 1.788271e+00 2.695827e+00 -3.949391e-19 8.982016e-01 1.075911e-01 -1.655174e-19 2.977635e+00 3.009514e+00 -4.938143e-19 1.447008e-01 3.529464e-02 -1.499089e-19 1.838527e+00 2.900317e+00 -6.039115e-20 9.944071e-01 7.390187e-02 -2.835143e-19 3.054156e+00 3.117581e+00 -2.492794e-19 1.447008e-01 3.529464e-02 -1.499089e-19 1.871862e+00 3.023600e+00 2.359477e-19 1.037593e+00 5.868630e-02 -3.353182e-19 3.113429e+00 3.197243e+00 -8.459445e-20 1.447008e-01 3.529464e-02 -1.499089e-19 1.896545e+00 3.112742e+00 4.679701e-19 1.072183e+00 4.920638e-02 -4.026556e-19 3.153587e+00 3.249191e+00 2.701953e-20 1.447008e-01 3.529464e-02 -1.499089e-19 1.909152e+00 3.168996e+00 6.046526e-19 1.099734e+00 4.490019e-02 -4.277242e-19 3.164606e+00 3.277948e+00 6.437304e-20 1.447008e-01 3.529464e-02 -1.499089e-19 1.910636e+00 3.180268e+00 6.404613e-19 1.109270e+00 6.238547e-02 -4.261794e-19
163            5.122402e-01 2.084479e-01 -2.607043e-19 1.444085e-01 3.530709e-02 -1.499262e-19 2.904352e-01 1.361794e-01 -7.917403e-19 7.739638e-02 3.696138e-02 6.809623e-19 5.473899e-01 4.272806e-01 -1.111736e-19 1.444085e-01 3.530709e-02 -1.499262e-19 3.059178e-01 3.534713e-01 -5.819129e-19 9.706355e-02 3.850223e-02 6.206655e-19 3.391729e-01 4.056092e-01 -2.281114e-19 1.444085e-01 3.530709e-02 -1.499262e-19 8.022646e-02 3.430438e-01 -8.335439e-19 1.145379e-01 2.725838e-02 7.553587e-19 3.434497e-01 5.660558e-01 6.873321e-20 1.444085e-01 3.530709e-02 -1.499262e-19 6.562126e-02 5.035268e-01 -6.193189e-19 1.334199e-01 2.722183e-02 8.379784e-19 9.465915e-01 8.001735e-01 5.723084e-19 1.444085e-01 3.530709e-02 -1.499262e-19 6.382084e-01 7.569784e-01 -3.363503e-19 1.639746e-01 7.888025e-03 1.058585e-18 1.498315e+00 1.044103e+00 -3.613196e-19 1.444085e-01 3.530709e-02 -1.499262e-19 1.161539e+00 1.024150e+00 -1.268491e-19 1.923677e-01 -1.535435e-02 -8.454423e-20 1.764996e+00 1.199478e+00 -3.719043e-19 1.444085e-01 3.530709e-02 -1.499262e-19 1.401115e+00 1.176960e+00 -5.745725e-20 2.194727e-01 -1.278983e-02 -1.645208e-19 1.941823e+00 1.394355e+00 -6.625839e-19 1.444085e-01 3.530709e-02 -1.499262e-19 1.533748e+00 1.352350e+00 -3.510672e-19 2.636658e-01 6.697866e-03 -1.615904e-19 2.132956e+00 1.691609e+00 -8.707643e-19 1.444085e-01 3.530709e-02 -1.499262e-19 1.655737e+00 1.618297e+00 -6.268162e-19 3.328100e-01 3.800505e-02 -9.402193e-20 2.326446e+00 1.893849e+00 -7.102346e-19 1.444085e-01 3.530709e-02 -1.499262e-19 1.763002e+00 1.770117e+00 -3.950986e-19 4.190348e-01 8.842516e-02 -1.652098e-19 2.472743e+00 2.136473e+00 -7.133017e-19 1.444085e-01 3.530709e-02 -1.499262e-19 1.788572e+00 1.993722e+00 -3.950986e-19 5.397631e-01 1.074445e-01 -1.682769e-19 2.561520e+00 2.348265e+00 -7.102010e-19 1.444085e-01 3.530709e-02 -1.499262e-19 1.788572e+00 2.205514e+00 -3.950986e-19 6.285403e-01 1.074445e-01 -1.651762e-19 2.647413e+00 2.534661e+00 -7.101974e-19 1.444085e-01 3.530709e-02 -1.499262e-19 1.788572e+00 2.391909e+00 -3.950986e-19 7.144326e-01 1.074445e-01 -1.651726e-19 2.735137e+00 2.698439e+00 -7.101974e-19 1.444085e-01 3.530709e-02 -1.499262e-19 1.788572e+00 2.555688e+00 -3.950986e-19 8.021568e-01 1.074445e-01 -1.651726e-19 2.831031e+00 2.837935e+00 -7.101977e-19 1.444085e-01 3.530709e-02 -1.499262e-19 1.788572e+00 2.695183e+00 -3.950986e-19 8.980513e-01 1.074445e-01 -1.651729e-19 2.977482e+00 3.008711e+00 -4.938708e-19 1.444085e-01 3.530709e-02 -1.499262e-19 1.838790e+00 2.899667e+00 -6.083836e-20 9.942838e-01 7.373641e-02 -2.831061e-19 3.054010e+00 3.116744e+00 -2.495994e-19 1.444085e-01 3.530709e-02 -1.499262e-19 1.872089e+00 3.022950e+00 2.351927e-19 1.037512e+00 5.848772e-02 -3.348658e-19 3.113303e+00 3.196367e+00 -8.513715e-20 1.444085e-01 3.530709e-02 -1.499262e-19 1.896740e+00 3.112094e+00 4.669128e-19 1.072154e+00 4.896573e-02 -4.021237e-19 3.153482e+00 3.248296e+00 2.629176e-20 1.444085e-01 3.530709e-02 -1.499262e-19 1.909324e+00 3.168364e+00 6.033506e-19 1.099750e+00 4.462577e-02 -4.271326e-19 3.164418e+00 3.277049e+00 6.373744e-20 1.444085e-01 3.530709e-02 -1.499262e-19 1.910695e+00 3.179654e+00 6.391916e-19 1.109314e+00 6.208858e-02 -4.255279e-19
164            5.121502e-01 2.086559e-01 -2.607768e-19 1.441164e-01 3.531872e-02 -1.499411e-19 2.904965e-01 1.363246e-01 -7.921822e-19 7.753733e-02 3.701259e-02 6.813465e-19 5.474136e-01 4.275042e-01 -1.112016e-19 1.441164e-01 3.531872e-02 -1.499411e-19 3.059813e-01 3.536311e-01 -5.823236e-19 9.731592e-02 3.855439e-02 6.210630e-19 3.393057e-01 4.058055e-01 -2.280758e-19 1.441164e-01 3.531872e-02 -1.499411e-19 8.031363e-02 3.431933e-01 -8.338694e-19 1.148757e-01 2.729347e-02 7.557348e-19 3.435969e-01 5.661915e-01 6.886636e-20 1.441164e-01 3.531872e-02 -1.499411e-19 6.571589e-02 5.036177e-01 -6.195780e-19 1.337646e-01 2.725502e-02 8.383854e-19 9.467193e-01 8.001943e-01 5.725496e-19 1.441164e-01 3.531872e-02 -1.499411e-19 6.382922e-01 7.569774e-01 -3.364942e-19 1.643107e-01 7.898220e-03 1.058985e-18 1.498401e+00 1.044026e+00 -3.610132e-19 1.441164e-01 3.531872e-02 -1.499411e-19 1.161600e+00 1.024054e+00 -1.268874e-19 1.926848e-01 -1.534711e-02 -8.418461e-20 1.765090e+00 1.199302e+00 -3.715821e-19 1.441164e-01 3.531872e-02 -1.499411e-19 1.401216e+00 1.176780e+00 -5.745388e-20 2.197577e-01 -1.279629e-02 -1.641871e-19 1.941921e+00 1.394077e+00 -6.623884e-19 1.441164e-01 3.531872e-02 -1.499411e-19 1.533909e+00 1.352101e+00 -3.511880e-19 2.638957e-01 6.657883e-03 -1.612593e-19 2.133050e+00 1.691244e+00 -8.706739e-19 1.441164e-01 3.531872e-02 -1.499411e-19 1.655959e+00 1.618001e+00 -6.270719e-19 3.329745e-01 3.792460e-02 -9.366094e-20 2.326521e+00 1.893412e+00 -7.100567e-19 1.441164e-01 3.531872e-02 -1.499411e-19 1.763272e+00 1.769798e+00 -3.952523e-19 4.191333e-01 8.829555e-02 -1.648633e-19 2.472724e+00 2.135952e+00 -7.131483e-19 1.441164e-01 3.531872e-02 -1.499411e-19 1.788840e+00 1.993336e+00 -3.952523e-19 5.397676e-01 1.072972e-01 -1.679549e-19 2.561443e+00 2.347663e+00 -7.100230e-19 1.441164e-01 3.531872e-02 -1.499411e-19 1.788840e+00 2.205047e+00 -3.952523e-19 6.284859e-01 1.072972e-01 -1.648296e-19 2.647288e+00 2.533979e+00 -7.100193e-19 1.441164e-01 3.531872e-02 -1.499411e-19 1.788840e+00 2.391363e+00 -3.952523e-19 7.143309e-01 1.072972e-01 -1.648259e-19 2.734977e+00 2.697688e+00 -7.100193e-19 1.441164e-01 3.531872e-02 -1.499411e-19 1.788840e+00 2.555072e+00 -3.952523e-19 8.020198e-01 1.072972e-01 -1.648259e-19 2.830854e+00 2.837131e+00 -7.100196e-19 1.441164e-01 3.531872e-02 -1.499411e-19 1.788840e+00 2.694515e+00 -3.952523e-19 8.978968e-01 1.072972e-01 -1.648262e-19 2.977294e+00 3.007883e+00 -4.939079e-19 1.441164e-01 3.531872e-02 -1.499411e-19 1.839022e+00 2.898993e+00 -6.126831e-20 9.941555e-01 7.357054e-02 -2.826985e-19 3.053829e+00 3.115884e+00 -2.498906e-19 1.441164e-01 3.531872e-02 -1.499411e-19 1.872288e+00 3.022276e+00 2.344659e-19 1.037425e+00 5.828898e-02 -3.344154e-19 3.113142e+00 3.195467e+00 -8.564582e-20 1.441164e-01 3.531872e-02 -1.499411e-19 1.896906e+00 3.111423e+00 4.658901e-19 1.072120e+00 4.872504e-02 -4.015948e-19 3.153344e+00 3.247377e+00 2.559949e-20 1.441164e-01 3.531872e-02 -1.499411e-19 1.909468e+00 3.167707e+00 6.020846e-19 1.099760e+00 4.435126e-02 -4.265440e-19 3.164197e+00 3.276125e+00 6.313649e-20 1.441164e-01 3.531872e-02 -1.499411e-19 1.910728e+00 3.179015e+00 6.379569e-19 1.109353e+00 6.179075e-02 -4.248793e-19
165            5.120544e-01 2.088595e-01 -2.608457e-19 1.438244e-01 3.532951e-02 -1.499537e-19 2.905539e-01 1.364670e-01 -7.926105e-19 7.767606e-02 3.706302e-02 6.817184e-19 5.474311e-01 4.277200e-01 -1.112283e-19 1.438244e-01 3.532951e-02 -1.499537e-19 3.060408e-01 3.537848e-01 -5.827239e-19 9.756594e-02 3.860576e-02 6.214493e-19 3.394358e-01 4.059945e-01 -2.280376e-19 1.438244e-01 3.532951e-02 -1.499537e-19 8.040004e-02 3.433370e-01 -8.341818e-19 1.152114e-01 2.732795e-02 7.560979e-19 3.437417e-01 5.663186e-01 6.899571e-20 1.438244e-01 3.532951e-02 -1.499537e-19 6.580986e-02 5.037014e-01 -6.198283e-19 1.341075e-01 2.728763e-02 8.387777e-19 9.468363e-01 8.002046e-01 5.727780e-19 1.438244e-01 3.532951e-02 -1.499537e-19 6.383668e-01 7.569670e-01 -3.366358e-19 1.646452e-01 7.908123e-03 1.059367e-18 1.498469e+00 1.043936e+00 -3.607054e-19 1.438244e-01 3.532951e-02 -1.499537e-19 1.161644e+00 1.023947e+00 -1.269285e-19 1.930002e-01 -1.533996e-02 -8.382328e-20 1.765161e+00 1.199113e+00 -3.712585e-19 1.438244e-01 3.532951e-02 -1.499537e-19 1.401295e+00 1.176586e+00 -5.745482e-20 2.200413e-01 -1.280273e-02 -1.638500e-19 1.941993e+00 1.393784e+00 -6.621853e-19 1.438244e-01 3.532951e-02 -1.499537e-19 1.534045e+00 1.351836e+00 -3.513068e-19 2.641240e-01 6.617935e-03 -1.609248e-19 2.133115e+00 1.690860e+00 -8.705711e-19 1.438244e-01 3.532951e-02 -1.499537e-19 1.656154e+00 1.617686e+00 -6.273194e-19 3.331370e-01 3.784398e-02 -9.329799e-20 2.326565e+00 1.892954e+00 -7.098706e-19 1.438244e-01 3.532951e-02 -1.499537e-19 1.763511e+00 1.769459e+00 -3.954036e-19 4.192290e-01 8.816540e-02 -1.645133e-19 2.472672e+00 2.135408e+00 -7.129862e-19 1.438244e-01 3.532951e-02 -1.499537e-19 1.789079e+00 1.992930e+00 -3.954036e-19 5.397688e-01 1.071493e-01 -1.676288e-19 2.561331e+00 2.347038e+00 -7.098368e-19 1.438244e-01 3.532951e-02 -1.499537e-19 1.789079e+00 2.204559e+00 -3.954036e-19 6.284280e-01 1.071493e-01 -1.644795e-19 2.647129e+00 2.533276e+00 -7.098332e-19 1.438244e-01 3.532951e-02 -1.499537e-19 1.789079e+00 2.390797e+00 -3.954036e-19 7.142257e-01 1.071493e-01 -1.644758e-19 2.734782e+00 2.696916e+00 -7.098332e-19 1.438244e-01 3.532951e-02 -1.499537e-19 1.789079e+00 2.554438e+00 -3.954036e-19 8.018790e-01 1.071493e-01 -1.644758e-19 2.830641e+00 2.836309e+00 -7.098334e-19 1.438244e-01 3.532951e-02 -1.499537e-19 1.789079e+00 2.693830e+00 -3.954036e-19 8.977382e-01 1.071493e-01 -1.644761e-19 2.977071e+00 3.007036e+00 -4.939299e-19 1.438244e-01 3.532951e-02 -1.499537e-19 1.839225e+00 2.898302e+00 -6.168675e-20 9.940222e-01 7.340440e-02 -2.822895e-19 3.053614e+00 3.115005e+00 -2.501593e-19 1.438244e-01 3.532951e-02 -1.499537e-19 1.872458e+00 3.021585e+00 2.337589e-19 1.037332e+00 5.809027e-02 -3.339645e-19 3.112948e+00 3.194548e+00 -8.612865e-20 1.438244e-01 3.532951e-02 -1.499537e-19 1.897044e+00 3.110734e+00 4.648916e-19 1.072079e+00 4.848455e-02 -4.010666e-19 3.153171e+00 3.246439e+00 2.493438e-20 1.438244e-01 3.532951e-02 -1.499537e-19 1.909583e+00 3.167032e+00 6.008440e-19 1.099763e+00 4.407691e-02 -4.259559e-19 3.163944e+00 3.275181e+00 6.256173e-20 1.438244e-01 3.532951e-02 -1.499537e-19 1.910734e+00 3.178359e+00 6.367467e-19 1.109386e+00 6.149230e-02 -4.242313e-19
166            5.119535e-01 2.090591e-01 -2.609119e-19 1.435325e-01 3.533948e-02 -1.499642e-19 2.906085e-01 1.366069e-01 -7.930274e-19 7.781263e-02 3.711270e-02 6.820797e-19 5.474434e-01 4.279290e-01 -1.112541e-19 1.435325e-01 3.533948e-02 -1.499642e-19 3.060972e-01 3.539332e-01 -5.831158e-19 9.781370e-02 3.865638e-02 6.218259e-19 3.395637e-01 4.061773e-01 -2.279976e-19 1.435325e-01 3.533948e-02 -1.499642e-19 8.048618e-02 3.434760e-01 -8.344831e-19 1.155451e-01 2.736185e-02 7.564497e-19 3.438848e-01 5.664381e-01 6.912126e-20 1.435325e-01 3.533948e-02 -1.499642e-19 6.590367e-02 5.037789e-01 -6.200715e-19 1.344486e-01 2.731970e-02 8.391570e-19 9.469441e-01 8.002056e-01 5.729943e-19 1.435325e-01 3.533948e-02 -1.499642e-19 6.384335e-01 7.569483e-01 -3.367761e-19 1.649781e-01 7.917765e-03 1.059735e-18 1.498519e+00 1.043835e+00 -3.603969e-19 1.435325e-01 3.533948e-02 -1.499642e-19 1.161673e+00 1.023828e+00 -1.269726e-19 1.933141e-01 -1.533284e-02 -8.346011e-20 1.765211e+00 1.198910e+00 -3.709342e-19 1.435325e-01 3.533948e-02 -1.499642e-19 1.401356e+00 1.176380e+00 -5.746036e-20 2.203235e-01 -1.280913e-02 -1.635096e-19 1.942043e+00 1.393475e+00 -6.619758e-19 1.435325e-01 3.533948e-02 -1.499642e-19 1.534160e+00 1.351558e+00 -3.514246e-19 2.643509e-01 6.578075e-03 -1.605870e-19 2.133155e+00 1.690458e+00 -8.704578e-19 1.435325e-01 3.533948e-02 -1.499642e-19 1.656324e+00 1.617355e+00 -6.275606e-19 3.332976e-01 3.776326e-02 -9.293295e-20 2.326579e+00 1.892476e+00 -7.096775e-19 1.435325e-01 3.533948e-02 -1.499642e-19 1.763725e+00 1.769102e+00 -3.955533e-19 4.193219e-01 8.803476e-02 -1.641600e-19 2.472589e+00 2.134844e+00 -7.128165e-19 1.435325e-01 3.533948e-02 -1.499642e-19 1.789290e+00 1.992504e+00 -3.955533e-19 5.397666e-01 1.070008e-01 -1.672989e-19 2.561189e+00 2.346392e+00 -7.096436e-19 1.435325e-01 3.533948e-02 -1.499642e-19 1.789290e+00 2.204051e+00 -3.955533e-19 6.283666e-01 1.070008e-01 -1.641261e-19 2.646940e+00 2.532551e+00 -7.096399e-19 1.435325e-01 3.533948e-02 -1.499642e-19 1.789290e+00 2.390211e+00 -3.955533e-19 7.141168e-01 1.070008e-01 -1.641224e-19 2.734557e+00 2.696123e+00 -7.096399e-19 1.435325e-01 3.533948e-02 -1.499642e-19 1.789290e+00 2.553783e+00 -3.955533e-19 8.017345e-01 1.070008e-01 -1.641224e-19 2.830398e+00 2.835465e+00 -7.096402e-19 1.435325e-01 3.533948e-02 -1.499642e-19 1.789290e+00 2.693125e+00 -3.955533e-19 8.975754e-01 1.070008e-01 -1.641227e-19 2.976818e+00 3.006167e+00 -4.939416e-19 1.435325e-01 3.533948e-02 -1.499642e-19 1.839401e+00 2.897590e+00 -6.209938e-20 9.938836e-01 7.323806e-02 -2.818780e-19 3.053368e+00 3.114104e+00 -2.504149e-19 1.435325e-01 3.533948e-02 -1.499642e-19 1.872602e+00 3.020873e+00 2.330611e-19 1.037234e+00 5.789168e-02 -3.335117e-19 3.112722e+00 3.193608e+00 -8.659706e-20 1.435325e-01 3.533948e-02 -1.499642e-19 1.897157e+00 3.110024e+00 4.639040e-19 1.072032e+00 4.824437e-02 -4.005369e-19 3.152967e+00 3.245478e+00 2.428484e-20 1.435325e-01 3.533948e-02 -1.499642e-19 1.909674e+00 3.166336e+00 5.996156e-19 1.099760e+00 4.380284e-02 -4.253665e-19 3.163660e+00 3.274214e+00 6.200140e-20 1.435325e-01 3.533948e-02 -1.499642e-19 1.910716e+00 3.177681e+00 6.355479e-19 1.109412e+00 6.119337e-02 -4.235822e-19
167            5.118484e-01 2.092548e-01 -2.609760e-19 1.432407e-01 3.534864e-02 -1.499729e-19 2.906607e-01 1.367445e-01 -7.934344e-19 7.794707e-02 3.716164e-02 6.824313e-19 5.474511e-01 4.281315e-01 -1.112790e-19 1.432407e-01 3.534864e-02 -1.499729e-19 3.061511e-01 3.540766e-01 -5.834999e-19 9.805929e-02 3.870626e-02 6.221939e-19 3.396900e-01 4.063538e-01 -2.279553e-19 1.432407e-01 3.534864e-02 -1.499729e-19 8.057251e-02 3.436100e-01 -8.347736e-19 1.158769e-01 2.739519e-02 7.567912e-19 3.440265e-01 5.665497e-01 6.924499e-20 1.432407e-01 3.534864e-02 -1.499729e-19 6.599780e-02 5.038498e-01 -6.203070e-19 1.347881e-01 2.735125e-02 8.395249e-19 9.470440e-01 8.001966e-01 5.732023e-19 1.432407e-01 3.534864e-02 -1.499729e-19 6.384938e-01 7.569207e-01 -3.369128e-19 1.653096e-01 7.927178e-03 1.060088e-18 1.498556e+00 1.043721e+00 -3.600857e-19 1.432407e-01 3.534864e-02 -1.499729e-19 1.161689e+00 1.023698e+00 -1.270165e-19 1.936266e-01 -1.532572e-02 -8.309635e-20 1.765245e+00 1.198694e+00 -3.706070e-19 1.432407e-01 3.534864e-02 -1.499729e-19 1.401400e+00 1.176161e+00 -5.746671e-20 2.206043e-01 -1.281542e-02 -1.631674e-19 1.942074e+00 1.393152e+00 -6.617594e-19 1.432407e-01 3.534864e-02 -1.499729e-19 1.534257e+00 1.351265e+00 -3.515391e-19 2.645764e-01 6.538354e-03 -1.602474e-19 2.133173e+00 1.690036e+00 -8.703347e-19 1.432407e-01 3.534864e-02 -1.499729e-19 1.656476e+00 1.617005e+00 -6.277948e-19 3.334562e-01 3.768250e-02 -9.256692e-20 2.326571e+00 1.891976e+00 -7.094767e-19 1.432407e-01 3.534864e-02 -1.499729e-19 1.763918e+00 1.768724e+00 -3.956990e-19 4.194122e-01 8.790371e-02 -1.638048e-19 2.472483e+00 2.134256e+00 -7.126389e-19 1.432407e-01 3.534864e-02 -1.499729e-19 1.789481e+00 1.992056e+00 -3.956990e-19 5.397611e-01 1.068517e-01 -1.669670e-19 2.561023e+00 2.345720e+00 -7.094428e-19 1.432407e-01 3.534864e-02 -1.499729e-19 1.789481e+00 2.203520e+00 -3.956990e-19 6.283016e-01 1.068517e-01 -1.637709e-19 2.646726e+00 2.531800e+00 -7.094391e-19 1.432407e-01 3.534864e-02 -1.499729e-19 1.789481e+00 2.389600e+00 -3.956990e-19 7.140043e-01 1.068517e-01 -1.637672e-19 2.734308e+00 2.695303e+00 -7.094391e-19 1.432407e-01 3.534864e-02 -1.499729e-19 1.789481e+00 2.553102e+00 -3.956990e-19 8.015860e-01 1.068517e-01 -1.637672e-19 2.830130e+00 2.834593e+00 -7.094393e-19 1.432407e-01 3.534864e-02 -1.499729e-19 1.789481e+00 2.692393e+00 -3.956990e-19 8.974083e-01 1.068517e-01 -1.637674e-19 2.976538e+00 3.005270e+00 -4.939459e-19 1.432407e-01 3.534864e-02 -1.499729e-19 1.839557e+00 2.896849e+00 -6.250851e-20 9.937399e-01 7.307156e-02 -2.814645e-19 3.053096e+00 3.113173e+00 -2.506637e-19 1.432407e-01 3.534864e-02 -1.499729e-19 1.872726e+00 3.020132e+00 2.323660e-19 1.037130e+00 5.769325e-02 -3.330568e-19 3.112468e+00 3.192637e+00 -8.705889e-20 1.432407e-01 3.534864e-02 -1.499729e-19 1.897249e+00 3.109283e+00 4.629192e-19 1.071979e+00 4.800453e-02 -4.000052e-19 3.152735e+00 3.244486e+00 2.364325e-20 1.432407e-01 3.534864e-02 -1.499729e-19 1.909744e+00 3.165608e+00 5.983917e-19 1.099751e+00 4.352906e-02 -4.247755e-19 3.163352e+00 3.273215e+00 6.144759e-20 1.432407e-01 3.534864e-02 -1.499729e-19 1.910679e+00 3.176972e+00 6.343524e-19 1.109433e+00 6.089402e-02 -4.229319e-19
168            5.117396e-01 2.094465e-01 -2.610384e-19 1.429490e-01 3.535699e-02 -1.499799e-19 2.907112e-01 1.368796e-01 -7.938323e-19 7.807942e-02 3.720986e-02 6.827739e-19 5.474549e-01 4.283271e-01 -1.113020e-19 1.429490e-01 3.535699e-02 -1.499799e-19 3.062033e-01 3.542147e-01 -5.838758e-19 9.830268e-02 3.875541e-02 6.225538e-19 3.398152e-01 4.065230e-01 -2.279094e-19 1.429490e-01 3.535699e-02 -1.499799e-19 8.065946e-02 3.437381e-01 -8.350526e-19 1.162067e-01 2.742798e-02 7.571232e-19 3.441675e-01 5.666520e-01 6.937006e-20 1.429490e-01 3.535699e-02 -1.499799e-19 6.609275e-02 5.039127e-01 -6.205325e-19 1.351258e-01 2.738229e-02 8.398825e-19 9.471376e-01 8.001756e-01 5.734069e-19 1.429490e-01 3.535699e-02 -1.499799e-19 6.385491e-01 7.568822e-01 -3.370419e-19 1.656395e-01 7.936384e-03 1.060429e-18 1.498582e+00 1.043593e+00 -3.597683e-19 1.429490e-01 3.535699e-02 -1.499799e-19 1.161695e+00 1.023554e+00 -1.270545e-19 1.939376e-01 -1.531858e-02 -8.273385e-20 1.765265e+00 1.198461e+00 -3.702733e-19 1.429490e-01 3.535699e-02 -1.499799e-19 1.401432e+00 1.175926e+00 -5.746789e-20 2.208838e-01 -1.282160e-02 -1.628254e-19 1.942090e+00 1.392809e+00 -6.615342e-19 1.429490e-01 3.535699e-02 -1.499799e-19 1.534340e+00 1.350953e+00 -3.516463e-19 2.648005e-01 6.498801e-03 -1.599080e-19 2.133175e+00 1.689592e+00 -8.702014e-19 1.429490e-01 3.535699e-02 -1.499799e-19 1.656613e+00 1.616633e+00 -6.280198e-19 3.336129e-01 3.760174e-02 -9.220159e-20 2.326545e+00 1.891451e+00 -7.092667e-19 1.429490e-01 3.535699e-02 -1.499799e-19 1.764096e+00 1.768322e+00 -3.958367e-19 4.194998e-01 8.777227e-02 -1.634500e-19 2.472358e+00 2.133639e+00 -7.124520e-19 1.429490e-01 3.535699e-02 -1.499799e-19 1.789657e+00 1.991580e+00 -3.958367e-19 5.397522e-01 1.067022e-01 -1.666353e-19 2.560839e+00 2.345018e+00 -7.092327e-19 1.429490e-01 3.535699e-02 -1.499799e-19 1.789657e+00 2.202959e+00 -3.958367e-19 6.282330e-01 1.067022e-01 -1.634160e-19 2.646494e+00 2.531016e+00 -7.092289e-19 1.429490e-01 3.535699e-02 -1.499799e-19 1.789657e+00 2.388957e+00 -3.958367e-19 7.138880e-01 1.067022e-01 -1.634123e-19 2.734040e+00 2.694447e+00 -7.092289e-19 1.429490e-01 3.535699e-02 -1.499799e-19 1.789657e+00 2.552388e+00 -3.958367e-19 8.014336e-01 1.067022e-01 -1.634123e-19 2.829843e+00 2.833685e+00 -7.092292e-19 1.429490e-01 3.535699e-02 -1.499799e-19 1.789657e+00 2.691625e+00 -3.958367e-19 8.972368e-01 1.067022e-01 -1.634125e-19 2.976238e+00 3.004333e+00 -4.939427e-19 1.429490e-01 3.535699e-02 -1.499799e-19 1.839698e+00 2.896072e+00 -6.291229e-20 9.935910e-01 7.290492e-02 -2.810504e-19 3.052802e+00 3.112203e+00 -2.509070e-19 1.429490e-01 3.535699e-02 -1.499799e-19 1.872833e+00 3.019351e+00 2.316742e-19 1.037020e+00 5.749497e-02 -3.326012e-19 3.112194e+00 3.191625e+00 -8.751495e-20 1.429490e-01 3.535699e-02 -1.499799e-19 1.897325e+00 3.108503e+00 4.619382e-19 1.071920e+00 4.776499e-02 -3.994732e-19 3.152483e+00 3.243453e+00 2.300951e-20 1.429490e-01 3.535699e-02 -1.499799e-19 1.909798e+00 3.164841e+00 5.971740e-19 1.099736e+00 4.325555e-02 -4.241845e-19 3.163025e+00 3.272174e+00 6.089979e-20 1.429490e-01 3.535699e-02 -1.499799e-19 1.910629e+00 3.176223e+00 6.331619e-19 1.109447e+00 6.059424e-02 -4.222822e-19
169            5.116277e-01 2.096340e-01 -2.610993e-19 1.426574e-01 3.536452e-02 -1.499855e-19 2.907607e-01 1.370121e-01 -7.942215e-19 7.820964e-02 3.725737e-02 6.831077e-19 5.474555e-01 4.285156e-01 -1.113223e-19 1.426574e-01 3.536452e-02 -1.499855e-19 3.062543e-01 3.543473e-01 -5.842431e-19 9.854380e-02 3.880385e-02 6.229064e-19 3.399394e-01 4.066840e-01 -2.278585e-19 1.426574e-01 3.536452e-02 -1.499855e-19 8.074751e-02 3.438592e-01 -8.353190e-19 1.165345e-01 2.746023e-02 7.574460e-19 3.443081e-01 5.667435e-01 6.949970e-20 1.426574e-01 3.536452e-02 -1.499855e-19 6.618905e-02 5.039662e-01 -6.207457e-19 1.354616e-01 2.741284e-02 8.402309e-19 9.472260e-01 8.001408e-01 5.736131e-19 1.426574e-01 3.536452e-02 -1.499855e-19 6.386009e-01 7.568309e-01 -3.371593e-19 1.659677e-01 7.945389e-03 1.060758e-18 1.498597e+00 1.043448e+00 -3.594412e-19 1.426574e-01 3.536452e-02 -1.499855e-19 1.161693e+00 1.023395e+00 -1.270816e-19 1.942468e-01 -1.531141e-02 -8.237411e-20 1.765274e+00 1.198209e+00 -3.699292e-19 1.426574e-01 3.536452e-02 -1.499855e-19 1.401455e+00 1.175672e+00 -5.745821e-20 2.211617e-01 -1.282764e-02 -1.624855e-19 1.942095e+00 1.392443e+00 -6.612983e-19 1.426574e-01 3.536452e-02 -1.499855e-19 1.534415e+00 1.350619e+00 -3.517421e-19 2.650229e-01 6.459431e-03 -1.595707e-19 2.133166e+00 1.689121e+00 -8.700570e-19 1.426574e-01 3.536452e-02 -1.499855e-19 1.656741e+00 1.616235e+00 -6.282332e-19 3.337675e-01 3.752100e-02 -9.183830e-20 2.326507e+00 1.890895e+00 -7.090457e-19 1.426574e-01 3.536452e-02 -1.499855e-19 1.764265e+00 1.767890e+00 -3.959629e-19 4.195846e-01 8.764051e-02 -1.630973e-19 2.472221e+00 2.132989e+00 -7.122540e-19 1.426574e-01 3.536452e-02 -1.499855e-19 1.789824e+00 1.991072e+00 -3.959629e-19 5.397398e-01 1.065522e-01 -1.663057e-19 2.560642e+00 2.344279e+00 -7.090116e-19 1.426574e-01 3.536452e-02 -1.499855e-19 1.789824e+00 2.202363e+00 -3.959629e-19 6.281607e-01 1.065522e-01 -1.630632e-19 2.646249e+00 2.530194e+00 -7.090078e-19 1.426574e-01 3.536452e-02 -1.499855e-19 1.789824e+00 2.388277e+00 -3.959629e-19 7.137679e-01 1.065522e-01 -1.630594e-19 2.733758e+00 2.693552e+00 -7.090078e-19 1.426574e-01 3.536452e-02 -1.499855e-19 1.789824e+00 2.551635e+00 -3.959629e-19 8.012773e-01 1.065522e-01 -1.630594e-19 2.829542e+00 2.832734e+00 -7.090080e-19 1.426574e-01 3.536452e-02 -1.499855e-19 1.789824e+00 2.690818e+00 -3.959629e-19 8.970610e-01 1.065522e-01 -1.630596e-19 2.975923e+00 3.003353e+00 -4.939298e-19 1.426574e-01 3.536452e-02 -1.499855e-19 1.839829e+00 2.895251e+00 -6.330651e-20 9.934369e-01 7.273818e-02 -2.806377e-19 3.052493e+00 3.111188e+00 -2.511414e-19 1.426574e-01 3.536452e-02 -1.499855e-19 1.872932e+00 3.018526e+00 2.309910e-19 1.036904e+00 5.729684e-02 -3.321469e-19 3.111904e+00 3.190567e+00 -8.796070e-20 1.426574e-01 3.536452e-02 -1.499855e-19 1.897392e+00 3.107677e+00 4.609680e-19 1.071855e+00 4.752573e-02 -3.989432e-19 3.152215e+00 3.242374e+00 2.238902e-20 1.426574e-01 3.536452e-02 -1.499855e-19 1.909844e+00 3.164027e+00 5.959706e-19 1.099714e+00 4.298229e-02 -4.235961e-19 3.162685e+00 3.271086e+00 6.036285e-20 1.426574e-01 3.536452e-02 -1.499855e-19 1.910573e+00 3.175428e+00 6.319838e-19 1.109455e+00 6.029401e-02 -4.216354e-19
170            5.115134e-01 2.098171e-01 -2.611591e-19 1.423660e-01 3.537120e-02 -1.499898e-19 2.908097e-01 1.371417e-01 -7.946029e-19 7.833769e-02 3.730415e-02 6.834336e-19 5.474536e-01 4.286968e-01 -1.113391e-19 1.423660e-01 3.537120e-02 -1.499898e-19 3.063051e-01 3.544740e-01 -5.846018e-19 9.878254e-02 3.885156e-02 6.232525e-19 3.400632e-01 4.068360e-01 -2.278013e-19 1.423660e-01 3.537120e-02 -1.499898e-19 8.083724e-02 3.439729e-01 -8.355723e-19 1.168599e-01 2.749193e-02 7.577608e-19 3.444486e-01 5.668235e-01 6.963627e-20 1.423660e-01 3.537120e-02 -1.499898e-19 6.628732e-02 5.040094e-01 -6.209452e-19 1.357953e-01 2.744287e-02 8.405713e-19 9.473105e-01 8.000909e-01 5.738243e-19 1.423660e-01 3.537120e-02 -1.499898e-19 6.386505e-01 7.567656e-01 -3.372626e-19 1.662940e-01 7.954182e-03 1.061077e-18 1.498605e+00 1.043285e+00 -3.591017e-19 1.423660e-01 3.537120e-02 -1.499898e-19 1.161685e+00 1.023218e+00 -1.270942e-19 1.945542e-01 -1.530423e-02 -8.201767e-20 1.765275e+00 1.197936e+00 -3.695722e-19 1.423660e-01 3.537120e-02 -1.499898e-19 1.401471e+00 1.175398e+00 -5.743408e-20 2.214378e-01 -1.283357e-02 -1.621484e-19 1.942092e+00 1.392054e+00 -6.610499e-19 1.423660e-01 3.537120e-02 -1.499898e-19 1.534482e+00 1.350262e+00 -3.518241e-19 2.652437e-01 6.420240e-03 -1.592360e-19 2.133149e+00 1.688620e+00 -8.699008e-19 1.423660e-01 3.537120e-02 -1.499898e-19 1.656863e+00 1.615809e+00 -6.284335e-19 3.339200e-01 3.744030e-02 -9.147753e-20 2.326461e+00 1.890307e+00 -7.088121e-19 1.423660e-01 3.537120e-02 -1.499898e-19 1.764428e+00 1.767427e+00 -3.960751e-19 4.196666e-01 8.750848e-02 -1.627473e-19 2.472075e+00 2.132303e+00 -7.120437e-19 1.423660e-01 3.537120e-02 -1.499898e-19 1.789985e+00 1.990530e+00 -3.960751e-19 5.397241e-01 1.064018e-01 -1.659788e-19 2.560435e+00 2.343502e+00 -7.087779e-19 1.423660e-01 3.537120e-02 -1.499898e-19 1.789985e+00 2.201729e+00 -3.960751e-19 6.280848e-01 1.064018e-01 -1.627131e-19 2.645995e+00 2.529331e+00 -7.087741e-19 1.423660e-01 3.537120e-02 -1.499898e-19 1.789985e+00 2.387558e+00 -3.960751e-19 7.136441e-01 1.064018e-01 -1.627093e-19 2.733468e+00 2.692614e+00 -7.087741e-19 1.423660e-01 3.537120e-02 -1.499898e-19 1.789985e+00 2.550841e+00 -3.960751e-19 8.011171e-01 1.064018e-01 -1.627093e-19 2.829231e+00 2.831740e+00 -7.087744e-19 1.423660e-01 3.537120e-02 -1.499898e-19 1.789985e+00 2.689967e+00 -3.960751e-19 8.968809e-01 1.064018e-01 -1.627095e-19 2.975598e+00 3.002328e+00 -4.939046e-19 1.423660e-01 3.537120e-02 -1.499898e-19 1.839954e+00 2.894385e+00 -6.368736e-20 9.932777e-01 7.257136e-02 -2.802275e-19 3.052173e+00 3.110126e+00 -2.513629e-19 1.423660e-01 3.537120e-02 -1.499898e-19 1.873024e+00 3.017655e+00 2.303221e-19 1.036783e+00 5.709888e-02 -3.316952e-19 3.111603e+00 3.189463e+00 -8.839113e-20 1.423660e-01 3.537120e-02 -1.499898e-19 1.897453e+00 3.106805e+00 4.600153e-19 1.071784e+00 4.728677e-02 -3.984166e-19 3.151936e+00 3.241247e+00 2.178692e-20 1.423660e-01 3.537120e-02 -1.499898e-19 1.909884e+00 3.163166e+00 5.947881e-19 1.099686e+00 4.270930e-02 -4.230114e-19 3.162338e+00 3.269950e+00 5.984159e-20 1.423660e-01 3.537120e-02 -1.499898e-19 1.910515e+00 3.174585e+00 6.308245e-19 1.109457e+00 5.999335e-02 -4.209932e-19
171            5.113974e-01 2.099957e-01 -2.612182e-19 1.420747e-01 3.537703e-02 -1.499929e-19 2.908592e-01 1.372685e-01 -7.949780e-19 7.846355e-02 3.735021e-02 6.837527e-19 5.474498e-01 4.288707e-01 -1.113520e-19 1.420747e-01 3.537703e-02 -1.499929e-19 3.063563e-01 3.545952e-01 -5.849525e-19 9.901883e-02 3.889853e-02 6.235934e-19 3.401871e-01 4.069790e-01 -2.277373e-19 1.420747e-01 3.537703e-02 -1.499929e-19 8.092930e-02 3.440789e-01 -8.358131e-19 1.171831e-01 2.752308e-02 7.580688e-19 3.445898e-01 5.668917e-01 6.978104e-20 1.420747e-01 3.537703e-02 -1.499929e-19 6.638823e-02 5.040423e-01 -6.211313e-19 1.361269e-01 2.747237e-02 8.409052e-19 9.473920e-01 8.000259e-01 5.740426e-19 1.420747e-01 3.537703e-02 -1.499929e-19 6.386991e-01 7.566861e-01 -3.373512e-19 1.666182e-01 7.962750e-03 1.061387e-18 1.498607e+00 1.043103e+00 -3.587486e-19 1.420747e-01 3.537703e-02 -1.499929e-19 1.161672e+00 1.023023e+00 -1.270915e-19 1.948596e-01 -1.529705e-02 -8.166412e-20 1.765269e+00 1.197642e+00 -3.692010e-19 1.420747e-01 3.537703e-02 -1.499929e-19 1.401483e+00 1.175104e+00 -5.739437e-20 2.217120e-01 -1.283940e-02 -1.618137e-19 1.942083e+00 1.391639e+00 -6.607884e-19 1.420747e-01 3.537703e-02 -1.499929e-19 1.534546e+00 1.349881e+00 -3.518916e-19 2.654626e-01 6.381222e-03 -1.589039e-19 2.133126e+00 1.688091e+00 -8.697324e-19 1.420747e-01 3.537703e-02 -1.499929e-19 1.656981e+00 1.615355e+00 -6.286206e-19 3.340704e-01 3.735967e-02 -9.111886e-20 2.326409e+00 1.889686e+00 -7.085655e-19 1.420747e-01 3.537703e-02 -1.499929e-19 1.764588e+00 1.766933e+00 -3.961729e-19 4.197459e-01 8.737621e-02 -1.623997e-19 2.471922e+00 2.131581e+00 -7.118203e-19 1.420747e-01 3.537703e-02 -1.499929e-19 1.790142e+00 1.989953e+00 -3.961729e-19 5.397051e-01 1.062511e-01 -1.656545e-19 2.560222e+00 2.342687e+00 -7.085313e-19 1.420747e-01 3.537703e-02 -1.499929e-19 1.790142e+00 2.201059e+00 -3.961729e-19 6.280054e-01 1.062511e-01 -1.623654e-19 2.645734e+00 2.528428e+00 -7.085274e-19 1.420747e-01 3.537703e-02 -1.499929e-19 1.790142e+00 2.386800e+00 -3.961729e-19 7.135167e-01 1.062511e-01 -1.623616e-19 2.733170e+00 2.691635e+00 -7.085274e-19 1.420747e-01 3.537703e-02 -1.499929e-19 1.790142e+00 2.550007e+00 -3.961729e-19 8.009531e-01 1.062511e-01 -1.623616e-19 2.828914e+00 2.830704e+00 -7.085277e-19 1.420747e-01 3.537703e-02 -1.499929e-19 1.790142e+00 2.689075e+00 -3.961729e-19 8.966968e-01 1.062511e-01 -1.623618e-19 2.975265e+00 3.001258e+00 -4.938660e-19 1.420747e-01 3.537703e-02 -1.499929e-19 1.840076e+00 2.893476e+00 -6.405361e-20 9.931138e-01 7.240452e-02 -2.798195e-19 3.051845e+00 3.109019e+00 -2.515698e-19 1.420747e-01 3.537703e-02 -1.499929e-19 1.873114e+00 3.016741e+00 2.296690e-19 1.036657e+00 5.690112e-02 -3.312459e-19 3.111294e+00 3.188313e+00 -8.880529e-20 1.420747e-01 3.537703e-02 -1.499929e-19 1.897512e+00 3.105888e+00 4.590805e-19 1.071707e+00 4.704815e-02 -3.978929e-19 3.151649e+00 3.240074e+00 2.120302e-20 1.420747e-01 3.537703e-02 -1.499929e-19 1.909922e+00 3.162260e+00 5.936256e-19 1.099653e+00 4.243663e-02 -4.224297e-19 3.161985e+00 3.268767e+00 5.933592e-20 1.420747e-01 3.537703e-02 -1.499929e-19 1.910457e+00 3.173697e+00 6.296832e-19 1.109453e+00 5.969231e-02 -4.203544e-19
172            5.112804e-01 2.101700e-01 -2.612772e-19 1.417835e-01 3.538200e-02 -1.499951e-19 2.909097e-01 1.373925e-01 -7.953483e-19 7.858720e-02 3.739553e-02 6.840662e-19 5.474450e-01 4.290377e-01 -1.113611e-19 1.417835e-01 3.538200e-02 -1.499951e-19 3.064088e-01 3.547109e-01 -5.852964e-19 9.925268e-02 3.894476e-02 6.239304e-19 3.403117e-01 4.071132e-01 -2.276665e-19 1.417835e-01 3.538200e-02 -1.499951e-19 8.102426e-02 3.441775e-01 -8.360427e-19 1.175039e-01 2.755367e-02 7.583714e-19 3.447321e-01 5.669485e-01 6.993438e-20 1.417835e-01 3.538200e-02 -1.499951e-19 6.649233e-02 5.040651e-01 -6.213047e-19 1.364562e-01 2.750136e-02 8.412343e-19 9.474715e-01 7.999461e-01 5.742688e-19 1.417835e-01 3.538200e-02 -1.499951e-19 6.387476e-01 7.565930e-01 -3.374259e-19 1.669404e-01 7.971084e-03 1.061690e-18 1.498603e+00 1.042904e+00 -3.583818e-19 1.417835e-01 3.538200e-02 -1.499951e-19 1.161657e+00 1.022812e+00 -1.270740e-19 1.951630e-01 -1.528990e-02 -8.131266e-20 1.765259e+00 1.197327e+00 -3.688154e-19 1.417835e-01 3.538200e-02 -1.499951e-19 1.401491e+00 1.174790e+00 -5.733960e-20 2.219845e-01 -1.284516e-02 -1.614807e-19 1.942070e+00 1.391202e+00 -6.605140e-19 1.417835e-01 3.538200e-02 -1.499951e-19 1.534607e+00 1.349477e+00 -3.519455e-19 2.656797e-01 6.342376e-03 -1.585734e-19 2.133099e+00 1.687535e+00 -8.695521e-19 1.417835e-01 3.538200e-02 -1.499951e-19 1.657097e+00 1.614874e+00 -6.287955e-19 3.342187e-01 3.727911e-02 -9.076151e-20 2.326353e+00 1.889034e+00 -7.083059e-19 1.417835e-01 3.538200e-02 -1.499951e-19 1.764747e+00 1.766409e+00 -3.962570e-19 4.198225e-01 8.724375e-02 -1.620538e-19 2.471765e+00 2.130825e+00 -7.115841e-19 1.417835e-01 3.538200e-02 -1.499951e-19 1.790299e+00 1.989343e+00 -3.962570e-19 5.396828e-01 1.061002e-01 -1.653320e-19 2.560005e+00 2.341836e+00 -7.082716e-19 1.417835e-01 3.538200e-02 -1.499951e-19 1.790299e+00 2.200354e+00 -3.962570e-19 6.279227e-01 1.061002e-01 -1.620194e-19 2.645468e+00 2.527488e+00 -7.082677e-19 1.417835e-01 3.538200e-02 -1.499951e-19 1.790299e+00 2.386005e+00 -3.962570e-19 7.133858e-01 1.061002e-01 -1.620156e-19 2.732868e+00 2.690617e+00 -7.082677e-19 1.417835e-01 3.538200e-02 -1.499951e-19 1.790299e+00 2.549135e+00 -3.962570e-19 8.007856e-01 1.061002e-01 -1.620156e-19 2.828591e+00 2.829627e+00 -7.082680e-19 1.417835e-01 3.538200e-02 -1.499951e-19 1.790299e+00 2.688145e+00 -3.962570e-19 8.965089e-01 1.061002e-01 -1.620158e-19 2.974926e+00 3.000148e+00 -4.938147e-19 1.417835e-01 3.538200e-02 -1.499951e-19 1.840197e+00 2.892528e+00 -6.440677e-20 9.929452e-01 7.223770e-02 -2.794128e-19 3.051510e+00 3.107871e+00 -2.517644e-19 1.417835e-01 3.538200e-02 -1.499951e-19 1.873202e+00 3.015785e+00 2.290285e-19 1.036525e+00 5.670361e-02 -3.307978e-19 3.110978e+00 3.187122e+00 -8.920745e-20 1.417835e-01 3.538200e-02 -1.499951e-19 1.897570e+00 3.104930e+00 4.581575e-19 1.071625e+00 4.680991e-02 -3.973698e-19 3.151356e+00 3.238858e+00 2.063078e-20 1.417835e-01 3.538200e-02 -1.499951e-19 1.909958e+00 3.161312e+00 5.924743e-19 1.099614e+00 4.216433e-02 -4.218484e-19 3.161626e+00 3.267540e+00 5.883999e-20 1.417835e-01 3.538200e-02 -1.499951e-19 1.910399e+00 3.172767e+00 6.285512e-19 1.109444e+00 5.939094e-02 -4.197160e-19
173            5.111630e-01 2.103400e-01 -2.613364e-19 1.414925e-01 3.538610e-02 -1.499966e-19 2.909619e-01 1.375138e-01 -7.957151e-19 7.870867e-02 3.744013e-02 6.843753e-19 5.474397e-01 4.291979e-01 -1.113665e-19 1.414925e-01 3.538610e-02 -1.499966e-19 3.064631e-01 3.548216e-01 -5.856346e-19 9.948413e-02 3.899027e-02 6.242647e-19 3.404374e-01 4.072390e-01 -2.275891e-19 1.414925e-01 3.538610e-02 -1.499966e-19 8.112250e-02 3.442692e-01 -8.362623e-19 1.178224e-01 2.758370e-02 7.586698e-19 3.448760e-01 5.669944e-01 7.009616e-20 1.414925e-01 3.538610e-02 -1.499966e-19 6.660002e-02 5.040785e-01 -6.214668e-19 1.367835e-01 2.752982e-02 8.415595e-19 9.475499e-01 7.998523e-01 5.745029e-19 1.414925e-01 3.538610e-02 -1.499966e-19 6.387967e-01 7.564870e-01 -3.374877e-19 1.672606e-01 7.979184e-03 1.061987e-18 1.498596e+00 1.042689e+00 -3.580019e-19 1.414925e-01 3.538610e-02 -1.499966e-19 1.161639e+00 1.022586e+00 -1.270427e-19 1.954645e-01 -1.528277e-02 -8.096267e-20 1.765244e+00 1.196992e+00 -3.684162e-19 1.414925e-01 3.538610e-02 -1.499966e-19 1.401497e+00 1.174457e+00 -5.727073e-20 2.222551e-01 -1.285083e-02 -1.611488e-19 1.942054e+00 1.390742e+00 -6.602274e-19 1.414925e-01 3.538610e-02 -1.499966e-19 1.534666e+00 1.349052e+00 -3.519867e-19 2.658953e-01 6.303712e-03 -1.582441e-19 2.133070e+00 1.686952e+00 -8.693607e-19 1.414925e-01 3.538610e-02 -1.499966e-19 1.657213e+00 1.614367e+00 -6.289592e-19 3.343650e-01 3.719867e-02 -9.040491e-20 2.326295e+00 1.888354e+00 -7.080339e-19 1.414925e-01 3.538610e-02 -1.499966e-19 1.764905e+00 1.765857e+00 -3.963283e-19 4.198966e-01 8.711116e-02 -1.617091e-19 2.471606e+00 2.130037e+00 -7.113357e-19 1.414925e-01 3.538610e-02 -1.499966e-19 1.790456e+00 1.988702e+00 -3.963283e-19 5.396576e-01 1.059490e-01 -1.650108e-19 2.559785e+00 2.340951e+00 -7.079995e-19 1.414925e-01 3.538610e-02 -1.499966e-19 1.790456e+00 2.199616e+00 -3.963283e-19 6.278368e-01 1.059490e-01 -1.616747e-19 2.645200e+00 2.526511e+00 -7.079956e-19 1.414925e-01 3.538610e-02 -1.499966e-19 1.790456e+00 2.385176e+00 -3.963283e-19 7.132518e-01 1.059490e-01 -1.616707e-19 2.732563e+00 2.689562e+00 -7.079956e-19 1.414925e-01 3.538610e-02 -1.499966e-19 1.790456e+00 2.548227e+00 -3.963283e-19 8.006149e-01 1.059490e-01 -1.616707e-19 2.828266e+00 2.828513e+00 -7.079958e-19 1.414925e-01 3.538610e-02 -1.499966e-19 1.790456e+00 2.687177e+00 -3.963283e-19 8.963174e-01 1.059490e-01 -1.616710e-19 2.974583e+00 2.998999e+00 -4.937528e-19 1.414925e-01 3.538610e-02 -1.499966e-19 1.840318e+00 2.891542e+00 -6.474982e-20 9.927724e-01 7.207092e-02 -2.790064e-19 3.051171e+00 3.106684e+00 -2.519512e-19 1.414925e-01 3.538610e-02 -1.499966e-19 1.873289e+00 3.014791e+00 2.283946e-19 1.036389e+00 5.650639e-02 -3.303492e-19 3.110656e+00 3.185890e+00 -8.960490e-20 1.414925e-01 3.538610e-02 -1.499966e-19 1.897626e+00 3.103932e+00 4.572367e-19 1.071538e+00 4.657212e-02 -3.968450e-19 3.151055e+00 3.237602e+00 2.006030e-20 1.414925e-01 3.538610e-02 -1.499966e-19 1.909993e+00 3.160324e+00 5.913213e-19 1.099570e+00 4.189247e-02 -4.212644e-19 3.161262e+00 3.266272e+00 5.834503e-20 1.414925e-01 3.538610e-02 -1.499966e-19 1.910339e+00 3.171796e+00 6.274163e-19 1.109430e+00 5.908930e-02 -4.190747e-19
174            5.110455e-01 2.105058e-01 -2.613961e-19 1.412016e-01 3.538934e-02 -1.499973e-19 2.910159e-01 1.376325e-01 -7.960791e-19 7.882801e-02 3.748401e-02 6.846802e-19 5.474342e-01 4.293518e-01 -1.113684e-19 1.412016e-01 3.538934e-02 -1.499973e-19 3.065193e-01 3.549274e-01 -5.859677e-19 9.971326e-02 3.903504e-02 6.245966e-19 3.405645e-01 4.073568e-01 -2.275054e-19 1.412016e-01 3.538934e-02 -1.499973e-19 8.122414e-02 3.443542e-01 -8.364726e-19 1.181387e-01 2.761319e-02 7.589645e-19 3.450218e-01 5.670298e-01 7.026612e-20 1.412016e-01 3.538934e-02 -1.499973e-19 6.671137e-02 5.040826e-01 -6.216182e-19 1.371088e-01 2.755777e-02 8.418816e-19 9.476275e-01 7.997450e-01 5.747448e-19 1.412016e-01 3.538934e-02 -1.499973e-19 6.388469e-01 7.563686e-01 -3.375372e-19 1.675790e-01 7.987062e-03 1.062279e-18 1.498586e+00 1.042457e+00 -3.576096e-19 1.412016e-01 3.538934e-02 -1.499973e-19 1.161620e+00 1.022344e+00 -1.269981e-19 1.957641e-01 -1.527567e-02 -8.061414e-20 1.765227e+00 1.196640e+00 -3.680038e-19 1.412016e-01 3.538934e-02 -1.499973e-19 1.401501e+00 1.174107e+00 -5.718834e-20 2.225242e-01 -1.285642e-02 -1.608182e-19 1.942036e+00 1.390261e+00 -6.599291e-19 1.412016e-01 3.538934e-02 -1.499973e-19 1.534725e+00 1.348606e+00 -3.520160e-19 2.661092e-01 6.265250e-03 -1.579159e-19 2.133039e+00 1.686345e+00 -8.691588e-19 1.412016e-01 3.538934e-02 -1.499973e-19 1.657328e+00 1.613838e+00 -6.291125e-19 3.345095e-01 3.711838e-02 -9.004906e-20 2.326235e+00 1.887646e+00 -7.077501e-19 1.412016e-01 3.538934e-02 -1.499973e-19 1.765065e+00 1.765278e+00 -3.963873e-19 4.199684e-01 8.697846e-02 -1.613656e-19 2.471445e+00 2.129220e+00 -7.110757e-19 1.412016e-01 3.538934e-02 -1.499973e-19 1.790614e+00 1.988033e+00 -3.963873e-19 5.396295e-01 1.057976e-01 -1.646911e-19 2.559563e+00 2.340034e+00 -7.077156e-19 1.412016e-01 3.538934e-02 -1.499973e-19 1.790614e+00 2.198847e+00 -3.963873e-19 6.277478e-01 1.057976e-01 -1.613311e-19 2.644930e+00 2.525502e+00 -7.077117e-19 1.412016e-01 3.538934e-02 -1.499973e-19 1.790614e+00 2.384315e+00 -3.963873e-19 7.131146e-01 1.057976e-01 -1.613271e-19 2.732256e+00 2.688472e+00 -7.077117e-19 1.412016e-01 3.538934e-02 -1.499973e-19 1.790614e+00 2.547285e+00 -3.963873e-19 8.004409e-01 1.057976e-01 -1.613271e-19 2.827938e+00 2.827363e+00 -7.077119e-19 1.412016e-01 3.538934e-02 -1.499973e-19 1.790614e+00 2.686176e+00 -3.963873e-19 8.961224e-01 1.057976e-01 -1.613274e-19 2.974236e+00 2.997813e+00 -4.936824e-19 1.412016e-01 3.538934e-02 -1.499973e-19 1.840439e+00 2.890520e+00 -6.508540e-20 9.925955e-01 7.190423e-02 -2.785997e-19 3.050826e+00 3.105460e+00 -2.521346e-19 1.412016e-01 3.538934e-02 -1.499973e-19 1.873377e+00 3.013761e+00 2.277619e-19 1.036248e+00 5.630951e-02 -3.298992e-19 3.110329e+00 3.184621e+00 -9.000431e-20 1.412016e-01 3.538934e-02 -1.499973e-19 1.897681e+00 3.102897e+00 4.563096e-19 1.071446e+00 4.633482e-02 -3.963166e-19 3.150748e+00 3.236308e+00 1.948286e-20 1.412016e-01 3.538934e-02 -1.499973e-19 1.910026e+00 3.159297e+00 5.901558e-19 1.099520e+00 4.162108e-02 -4.206757e-19 3.160889e+00 3.264965e+00 5.784344e-20 1.412016e-01 3.538934e-02 -1.499973e-19 1.910277e+00 3.170788e+00 6.262687e-19 1.109411e+00 5.878746e-02 -4.184280e-19
175            5.109277e-01 2.106676e-01 -2.614563e-19 1.409109e-01 3.539171e-02 -1.499973e-19 2.910715e-01 1.377487e-01 -7.964401e-19 7.894523e-02 3.752718e-02 6.849810e-19 5.474285e-01 4.294994e-01 -1.113670e-19 1.409109e-01 3.539171e-02 -1.499973e-19 3.065775e-01 3.550286e-01 -5.862956e-19 9.994010e-02 3.907911e-02 6.249259e-19 3.406928e-01 4.074667e-01 -2.274158e-19 1.409109e-01 3.539171e-02 -1.499973e-19 8.132898e-02 3.444329e-01 -8.366738e-19 1.184529e-01 2.764215e-02 7.592552e-19 3.451691e-01 5.670549e-01 7.044393e-20 1.409109e-01 3.539171e-02 -1.499973e-19 6.682620e-02 5.040780e-01 -6.217590e-19 1.374320e-01 2.758523e-02 8.422002e-19 9.477045e-01 7.996246e-01 5.749943e-19 1.409109e-01 3.539171e-02 -1.499973e-19 6.388980e-01 7.562382e-01 -3.375746e-19 1.678956e-01 7.994732e-03 1.062566e-18 1.498573e+00 1.042211e+00 -3.572053e-19 1.409109e-01 3.539171e-02 -1.499973e-19 1.161600e+00 1.022087e+00 -1.269404e-19 1.960620e-01 -1.526856e-02 -8.026756e-20 1.765207e+00 1.196269e+00 -3.675790e-19 1.409109e-01 3.539171e-02 -1.499973e-19 1.401504e+00 1.173740e+00 -5.709253e-20 2.227917e-01 -1.286190e-02 -1.604892e-19 1.942016e+00 1.389760e+00 -6.596199e-19 1.409109e-01 3.539171e-02 -1.499973e-19 1.534783e+00 1.348141e+00 -3.520333e-19 2.663217e-01 6.227016e-03 -1.575893e-19 2.133007e+00 1.685715e+00 -8.689472e-19 1.409109e-01 3.539171e-02 -1.499973e-19 1.657444e+00 1.613285e+00 -6.292555e-19 3.346523e-01 3.703827e-02 -8.969445e-20 2.326175e+00 1.886912e+00 -7.074552e-19 1.409109e-01 3.539171e-02 -1.499973e-19 1.765226e+00 1.764675e+00 -3.964342e-19 4.200380e-01 8.684573e-02 -1.610238e-19 2.471282e+00 2.128374e+00 -7.108047e-19 1.409109e-01 3.539171e-02 -1.499973e-19 1.790773e+00 1.987336e+00 -3.964342e-19 5.395986e-01 1.056462e-01 -1.643733e-19 2.559339e+00 2.339086e+00 -7.074207e-19 1.409109e-01 3.539171e-02 -1.499973e-19 1.790773e+00 2.198048e+00 -3.964342e-19 6.276559e-01 1.056462e-01 -1.609892e-19 2.644658e+00 2.524460e+00 -7.074167e-19 1.409109e-01 3.539171e-02 -1.499973e-19 1.790773e+00 2.383422e+00 -3.964342e-19 7.129745e-01 1.056462e-01 -1.609852e-19 2.731947e+00 2.687349e+00 -7.074167e-19 1.409109e-01 3.539171e-02 -1.499973e-19 1.790773e+00 2.546311e+00 -3.964342e-19 8.002638e-01 1.056462e-01 -1.609852e-19 2.827608e+00 2.826178e+00 -7.074169e-19 1.409109e-01 3.539171e-02 -1.499973e-19 1.790773e+00 2.685140e+00 -3.964342e-19 8.959241e-01 1.056462e-01 -1.609855e-19 2.973886e+00 2.996592e+00 -4.936047e-19 1.409109e-01 3.539171e-02 -1.499973e-19 1.840561e+00 2.889463e+00 -6.541460e-20 9.924146e-01 7.173769e-02 -2.781929e-19 3.050477e+00 3.104199e+00 -2.523169e-19 1.409109e-01 3.539171e-02 -1.499973e-19 1.873464e+00 3.012695e+00 2.271281e-19 1.036103e+00 5.611301e-02 -3.294478e-19 3.109995e+00 3.183315e+00 -9.040881e-20 1.409109e-01 3.539171e-02 -1.499973e-19 1.897735e+00 3.101825e+00 4.553731e-19 1.071349e+00 4.609806e-02 -3.957846e-19 3.150435e+00 3.234976e+00 1.889446e-20 1.409109e-01 3.539171e-02 -1.499973e-19 1.910058e+00 3.158234e+00 5.889736e-19 1.099466e+00 4.135021e-02 -4.200818e-19 3.160508e+00 3.263619e+00 5.733206e-20 1.409109e-01 3.539171e-02 -1.499973e-19 1.910210e+00 3.169742e+00 6.251044e-19 1.109387e+00 5.848548e-02 -4.177751e-19
176            5.108091e-01 2.108253e-01 -2.615167e-19 1.406203e-01 3.539322e-02 -1.499964e-19 2.911285e-01 1.378624e-01 -7.967972e-19 7.906037e-02 3.756966e-02 6.852769e-19 5.474219e-01 4.296408e-01 -1.113624e-19 1.406203e-01 3.539322e-02 -1.499964e-19 3.066369e-01 3.551251e-01 -5.866179e-19 1.001646e-01 3.912248e-02 6.252519e-19 3.408219e-01 4.075690e-01 -2.273205e-19 1.406203e-01 3.539322e-02 -1.499964e-19 8.143660e-02 3.445051e-01 -8.368654e-19 1.187649e-01 2.767059e-02 7.595413e-19 3.453177e-01 5.670700e-01 7.062907e-20 1.406203e-01 3.539322e-02 -1.499964e-19 6.694408e-02 5.040646e-01 -6.218890e-19 1.377533e-01 2.761221e-02 8.425144e-19 9.477800e-01 7.994913e-01 5.752506e-19 1.406203e-01 3.539322e-02 -1.499964e-19 6.389495e-01 7.560959e-01 -3.375998e-19 1.682102e-01 8.002213e-03 1.062847e-18 1.498556e+00 1.041949e+00 -3.567896e-19 1.406203e-01 3.539322e-02 -1.499964e-19 1.161578e+00 1.021817e+00 -1.268697e-19 1.963581e-01 -1.526144e-02 -7.992355e-20 1.765183e+00 1.195881e+00 -3.671422e-19 1.406203e-01 3.539322e-02 -1.499964e-19 1.401506e+00 1.173356e+00 -5.698341e-20 2.230574e-01 -1.286725e-02 -1.601625e-19 1.941993e+00 1.389238e+00 -6.593001e-19 1.406203e-01 3.539322e-02 -1.499964e-19 1.534840e+00 1.347656e+00 -3.520387e-19 2.665326e-01 6.189041e-03 -1.572650e-19 2.132973e+00 1.685061e+00 -8.687262e-19 1.406203e-01 3.539322e-02 -1.499964e-19 1.657559e+00 1.612710e+00 -6.293881e-19 3.347933e-01 3.695838e-02 -8.934173e-20 2.326112e+00 1.886152e+00 -7.071497e-19 1.406203e-01 3.539322e-02 -1.499964e-19 1.765387e+00 1.764046e+00 -3.964690e-19 4.201052e-01 8.671302e-02 -1.606843e-19 2.471117e+00 2.127499e+00 -7.105233e-19 1.406203e-01 3.539322e-02 -1.499964e-19 1.790932e+00 1.986611e+00 -3.964690e-19 5.395650e-01 1.054946e-01 -1.640580e-19 2.559113e+00 2.338108e+00 -7.071151e-19 1.406203e-01 3.539322e-02 -1.499964e-19 1.790932e+00 2.197220e+00 -3.964690e-19 6.275611e-01 1.054946e-01 -1.606497e-19 2.644384e+00 2.523387e+00 -7.071110e-19 1.406203e-01 3.539322e-02 -1.499964e-19 1.790932e+00 2.382499e+00 -3.964690e-19 7.128313e-01 1.054946e-01 -1.606457e-19 2.731636e+00 2.686193e+00 -7.071110e-19 1.406203e-01 3.539322e-02 -1.499964e-19 1.790932e+00 2.545306e+00 -3.964690e-19 8.000837e-01 1.054946e-01 -1.606457e-19 2.827275e+00 2.824960e+00 -7.071113e-19 1.406203e-01 3.539322e-02 -1.499964e-19 1.790932e+00 2.684072e+00 -3.964690e-19 8.957224e-01 1.054946e-01 -1.606459e-19 2.973532e+00 2.995338e+00 -4.935199e-19 1.406203e-01 3.539322e-02 -1.499964e-19 1.840682e+00 2.888373e+00 -6.573678e-20 9.922296e-01 7.157136e-02 -2.777868e-19 3.050123e+00 3.102905e+00 -2.524976e-19 1.406203e-01 3.539322e-02 -1.499964e-19 1.873549e+00 3.011594e+00 2.264948e-19 1.035953e+00 5.591695e-02 -3.289960e-19 3.109655e+00 3.181974e+00 -9.081696e-20 1.406203e-01 3.539322e-02 -1.499964e-19 1.897787e+00 3.100719e+00 4.544296e-19 1.071247e+00 4.586189e-02 -3.952502e-19 3.150114e+00 3.233609e+00 1.829704e-20 1.406203e-01 3.539322e-02 -1.499964e-19 1.910087e+00 3.157136e+00 5.877776e-19 1.099407e+00 4.107994e-02 -4.194842e-19 3.160117e+00 3.262238e+00 5.681300e-20 1.406203e-01 3.539322e-02 -1.499964e-19 1.910138e+00 3.168661e+00 6.239269e-19 1.109358e+00 5.818344e-02 -4.171175e-19
177            5.106893e-01 2.109789e-01 -2.615768e-19 1.403299e-01 3.539386e-02 -1.499945e-19 2.911859e-01 1.379736e-01 -7.971490e-19 7.917341e-02 3.761144e-02 6.855668e-19 5.474139e-01 4.297758e-01 -1.113549e-19 1.403299e-01 3.539386e-02 -1.499945e-19 3.066971e-01 3.552168e-01 -5.869336e-19 1.003869e-01 3.916515e-02 6.255732e-19 3.409510e-01 4.076636e-01 -2.272199e-19 1.403299e-01 3.539386e-02 -1.499945e-19 8.154643e-02 3.445712e-01 -8.370467e-19 1.190747e-01 2.769853e-02 7.598213e-19 3.454667e-01 5.670752e-01 7.082064e-20 1.403299e-01 3.539386e-02 -1.499945e-19 6.706443e-02 5.040426e-01 -6.220078e-19 1.380724e-01 2.763870e-02 8.428230e-19 9.478530e-01 7.993453e-01 5.755122e-19 1.403299e-01 3.539386e-02 -1.499945e-19 6.390003e-01 7.559419e-01 -3.376131e-19 1.685228e-01 8.009519e-03 1.063120e-18 1.498534e+00 1.041672e+00 -3.563636e-19 1.403299e-01 3.539386e-02 -1.499945e-19 1.161552e+00 1.021532e+00 -1.267866e-19 1.966522e-01 -1.525428e-02 -7.958249e-20 1.765155e+00 1.195476e+00 -3.666946e-19 1.403299e-01 3.539386e-02 -1.499945e-19 1.401503e+00 1.172955e+00 -5.686176e-20 2.233214e-01 -1.287244e-02 -1.598383e-19 1.941965e+00 1.388698e+00 -6.589702e-19 1.403299e-01 3.539386e-02 -1.499945e-19 1.534893e+00 1.347153e+00 -3.520324e-19 2.667419e-01 6.151353e-03 -1.569433e-19 2.132933e+00 1.684385e+00 -8.684956e-19 1.403299e-01 3.539386e-02 -1.499945e-19 1.657671e+00 1.612112e+00 -6.295098e-19 3.349324e-01 3.687877e-02 -8.899131e-20 2.326045e+00 1.885367e+00 -7.068340e-19 1.403299e-01 3.539386e-02 -1.499945e-19 1.765545e+00 1.763393e+00 -3.964920e-19 4.201702e-01 8.658039e-02 -1.603475e-19 2.470947e+00 2.126597e+00 -7.102318e-19 1.403299e-01 3.539386e-02 -1.499945e-19 1.791089e+00 1.985860e+00 -3.964920e-19 5.395286e-01 1.053431e-01 -1.637453e-19 2.558882e+00 2.337101e+00 -7.067992e-19 1.403299e-01 3.539386e-02 -1.499945e-19 1.791089e+00 2.196364e+00 -3.964920e-19 6.274633e-01 1.053431e-01 -1.603127e-19 2.644104e+00 2.522283e+00 -7.067952e-19 1.403299e-01 3.539386e-02 -1.499945e-19 1.791089e+00 2.381546e+00 -3.964920e-19 7.126851e-01 1.053431e-01 -1.603087e-19 2.731319e+00 2.685007e+00 -7.067952e-19 1.403299e-01 3.539386e-02 -1.499945e-19 1.791089e+00 2.544270e+00 -3.964920e-19 7.999004e-01 1.053431e-01 -1.603087e-19 2.826936e+00 2.823710e+00 -7.067954e-19 1.403299e-01 3.539386e-02 -1.499945e-19 1.791089e+00 2.682973e+00 -3.964920e-19 8.955174e-01 1.053431e-01 -1.603089e-19 2.973171e+00 2.994050e+00 -4.934270e-19 1.403299e-01 3.539386e-02 -1.499945e-19 1.840800e+00 2.887251e+00 -6.605033e-20 9.920406e-01 7.140529e-02 -2.773822e-19 3.049761e+00 3.101576e+00 -2.526736e-19 1.403299e-01 3.539386e-02 -1.499945e-19 1.873632e+00 3.010461e+00 2.258658e-19 1.035799e+00 5.572141e-02 -3.285449e-19 3.109306e+00 3.180599e+00 -9.122386e-20 1.403299e-01 3.539386e-02 -1.499945e-19 1.897836e+00 3.099579e+00 4.534857e-19 1.071141e+00 4.562638e-02 -3.947151e-19 3.149784e+00 3.232208e+00 1.769710e-20 1.403299e-01 3.539386e-02 -1.499945e-19 1.910111e+00 3.156003e+00 5.865765e-19 1.099343e+00 4.081034e-02 -4.188849e-19 3.159714e+00 3.260821e+00 5.629228e-20 1.403299e-01 3.539386e-02 -1.499945e-19 1.910060e+00 3.167546e+00 6.227443e-19 1.109325e+00 5.788145e-02 -4.164576e-19
178            5.105672e-01 2.111285e-01 -2.616360e-19 1.400396e-01 3.539364e-02 -1.499914e-19 2.912432e-01 1.380823e-01 -7.974940e-19 7.928434e-02 3.765255e-02 6.858494e-19 5.474034e-01 4.299044e-01 -1.113447e-19 1.400396e-01 3.539364e-02 -1.499914e-19 3.067571e-01 3.553036e-01 -5.872420e-19 1.006067e-01 3.920714e-02 6.258887e-19 3.410796e-01 4.077508e-01 -2.271143e-19 1.400396e-01 3.539364e-02 -1.499914e-19 8.165787e-02 3.446312e-01 -8.372169e-19 1.193821e-01 2.772596e-02 7.600940e-19 3.456155e-01 5.670708e-01 7.101726e-20 1.400396e-01 3.539364e-02 -1.499914e-19 6.718661e-02 5.040124e-01 -6.221155e-19 1.383892e-01 2.766473e-02 8.431242e-19 9.479221e-01 7.991870e-01 5.757768e-19 1.400396e-01 3.539364e-02 -1.499914e-19 6.390491e-01 7.557767e-01 -3.376152e-19 1.688333e-01 8.016664e-03 1.063383e-18 1.498505e+00 1.041380e+00 -3.559282e-19 1.400396e-01 3.539364e-02 -1.499914e-19 1.161521e+00 1.021233e+00 -1.266925e-19 1.969442e-01 -1.524707e-02 -7.924427e-20 1.765118e+00 1.195054e+00 -3.662372e-19 1.400396e-01 3.539364e-02 -1.499914e-19 1.401494e+00 1.172538e+00 -5.672934e-20 2.235835e-01 -1.287746e-02 -1.595164e-19 1.941930e+00 1.388138e+00 -6.586305e-19 1.400396e-01 3.539364e-02 -1.499914e-19 1.534941e+00 1.346630e+00 -3.520152e-19 2.669494e-01 6.113977e-03 -1.566238e-19 2.132886e+00 1.683686e+00 -8.682552e-19 1.400396e-01 3.539364e-02 -1.499914e-19 1.657777e+00 1.611493e+00 -6.296207e-19 3.350696e-01 3.679946e-02 -8.864314e-20 2.325970e+00 1.884557e+00 -7.065083e-19 1.400396e-01 3.539364e-02 -1.499914e-19 1.765697e+00 1.762715e+00 -3.965040e-19 4.202328e-01 8.644790e-02 -1.600129e-19 2.470769e+00 2.125667e+00 -7.099303e-19 1.400396e-01 3.539364e-02 -1.499914e-19 1.791240e+00 1.985082e+00 -3.965040e-19 5.394894e-01 1.051916e-01 -1.634348e-19 2.558642e+00 2.336066e+00 -7.064735e-19 1.400396e-01 3.539364e-02 -1.499914e-19 1.791240e+00 2.195480e+00 -3.965040e-19 6.273625e-01 1.051916e-01 -1.599780e-19 2.643815e+00 2.521150e+00 -7.064694e-19 1.400396e-01 3.539364e-02 -1.499914e-19 1.791240e+00 2.380565e+00 -3.965040e-19 7.125358e-01 1.051916e-01 -1.599740e-19 2.730993e+00 2.683789e+00 -7.064694e-19 1.400396e-01 3.539364e-02 -1.499914e-19 1.791240e+00 2.543204e+00 -3.965040e-19 7.997138e-01 1.051916e-01 -1.599740e-19 2.826588e+00 2.822430e+00 -7.064696e-19 1.400396e-01 3.539364e-02 -1.499914e-19 1.791240e+00 2.681844e+00 -3.965040e-19 8.953088e-01 1.051916e-01 -1.599742e-19 2.972800e+00 2.992731e+00 -4.933245e-19 1.400396e-01 3.539364e-02 -1.499914e-19 1.840913e+00 2.886098e+00 -6.635374e-20 9.918475e-01 7.123957e-02 -2.769794e-19 3.049388e+00 3.100216e+00 -2.528412e-19 1.400396e-01 3.539364e-02 -1.499914e-19 1.873708e+00 3.009296e+00 2.252456e-19 1.035640e+00 5.552644e-02 -3.280954e-19 3.108946e+00 3.179191e+00 -9.162349e-20 1.400396e-01 3.539364e-02 -1.499914e-19 1.897877e+00 3.098406e+00 4.525489e-19 1.071029e+00 4.539162e-02 -3.941810e-19 3.149442e+00 3.230773e+00 1.710276e-20 1.400396e-01 3.539364e-02 -1.499914e-19 1.910129e+00 3.154838e+00 5.853802e-19 1.099273e+00 4.054149e-02 -4.182860e-19 3.159300e+00 3.259371e+00 5.577710e-20 1.400396e-01 3.539364e-02 -1.499914e-19 1.909974e+00 3.166398e+00 6.215662e-19 1.109286e+00 5.757962e-02 -4.157977e-19
179            5.104422e-01 2.112739e-01 -2.616938e-19 1.397495e-01 3.539255e-02 -1.499869e-19 2.912995e-01 1.381884e-01 -7.978307e-19 7.939314e-02 3.769298e-02 6.861238e-19 5.473896e-01 4.300263e-01 -1.113320e-19 1.397495e-01 3.539255e-02 -1.499869e-19 3.068161e-01 3.553853e-01 -5.875421e-19 1.008240e-01 3.924846e-02 6.261970e-19 3.412069e-01 4.078306e-01 -2.270043e-19 1.397495e-01 3.539255e-02 -1.499869e-19 8.177033e-02 3.446852e-01 -8.373755e-19 1.196870e-01 2.775290e-02 7.603581e-19 3.457634e-01 5.670569e-01 7.121739e-20 1.397495e-01 3.539255e-02 -1.499869e-19 6.731005e-02 5.039740e-01 -6.222121e-19 1.387038e-01 2.769030e-02 8.434164e-19 9.479856e-01 7.990167e-01 5.760414e-19 1.397495e-01 3.539255e-02 -1.499869e-19 6.390945e-01 7.556005e-01 -3.376075e-19 1.691416e-01 8.023655e-03 1.063636e-18 1.498466e+00 1.041074e+00 -3.554850e-19 1.397495e-01 3.539255e-02 -1.499869e-19 1.161482e+00 1.020921e+00 -1.265897e-19 1.972339e-01 -1.523979e-02 -7.890837e-20 1.765070e+00 1.194616e+00 -3.657715e-19 1.397495e-01 3.539255e-02 -1.499869e-19 1.401477e+00 1.172106e+00 -5.658849e-20 2.238436e-01 -1.288230e-02 -1.591961e-19 1.941883e+00 1.387559e+00 -6.582813e-19 1.397495e-01 3.539255e-02 -1.499869e-19 1.534978e+00 1.346090e+00 -3.519885e-19 2.671550e-01 6.076934e-03 -1.563059e-19 2.132827e+00 1.682965e+00 -8.680045e-19 1.397495e-01 3.539255e-02 -1.499869e-19 1.657873e+00 1.610852e+00 -6.297209e-19 3.352048e-01 3.672050e-02 -8.829674e-20 2.325882e+00 1.883722e+00 -7.061730e-19 1.397495e-01 3.539255e-02 -1.499869e-19 1.765839e+00 1.762014e+00 -3.965063e-19 4.202929e-01 8.631560e-02 -1.596798e-19 2.470577e+00 2.124711e+00 -7.096190e-19 1.397495e-01 3.539255e-02 -1.499869e-19 1.791380e+00 1.984278e+00 -3.965063e-19 5.394473e-01 1.050403e-01 -1.631258e-19 2.558388e+00 2.335002e+00 -7.061381e-19 1.397495e-01 3.539255e-02 -1.499869e-19 1.791380e+00 2.194569e+00 -3.965063e-19 6.272586e-01 1.050403e-01 -1.596449e-19 2.643512e+00 2.519988e+00 -7.061340e-19 1.397495e-01 3.539255e-02 -1.499869e-19 1.791380e+00 2.379555e+00 -3.965063e-19 7.123832e-01 1.050403e-01 -1.596408e-19 2.730653e+00 2.682542e+00 -7.061340e-19 1.397495e-01 3.539255e-02 -1.499869e-19 1.791380e+00 2.542109e+00 -3.965063e-19 7.995239e-01 1.050403e-01 -1.596408e-19 2.826226e+00 2.821118e+00 -7.061342e-19 1.397495e-01 3.539255e-02 -1.499869e-19 1.791380e+00 2.680685e+00 -3.965063e-19 8.950967e-01 1.050403e-01 -1.596410e-19 2.972414e+00 2.991380e+00 -4.932114e-19 1.397495e-01 3.539255e-02 -1.499869e-19 1.841014e+00 2.884914e+00 -6.664631e-20 9.916501e-01 7.107424e-02 -2.765782e-19 3.049000e+00 3.098824e+00 -2.529972e-19 1.397495e-01 3.539255e-02 -1.499869e-19 1.873774e+00 3.008099e+00 2.246373e-19 1.035476e+00 5.533211e-02 -3.276476e-19 3.108571e+00 3.177751e+00 -9.201094e-20 1.397495e-01 3.539255e-02 -1.499869e-19 1.897909e+00 3.097201e+00 4.516247e-19 1.070913e+00 4.515767e-02 -3.936487e-19 3.149085e+00 3.229306e+00 1.652089e-20 1.397495e-01 3.539255e-02 -1.499869e-19 1.910136e+00 3.153640e+00 5.841967e-19 1.099199e+00 4.027348e-02 -4.176889e-19 3.158871e+00 3.257887e+00 5.527327e-20 1.397495e-01 3.539255e-02 -1.499869e-19 1.909880e+00 3.165217e+00 6.203999e-19 1.109242e+00 5.727804e-02 -4.151397e-19
180            5.103135e-01 2.114153e-01 -2.617497e-19 1.394596e-01 3.539060e-02 -1.499808e-19 2.913541e-01 1.382919e-01 -7.981577e-19 7.949980e-02 3.773275e-02 6.863888e-19 5.473718e-01 4.301414e-01 -1.113171e-19 1.394596e-01 3.539060e-02 -1.499808e-19 3.068733e-01 3.554617e-01 -5.878335e-19 1.010389e-01 3.928910e-02 6.264971e-19 3.413324e-01 4.079031e-01 -2.268902e-19 1.394596e-01 3.539060e-02 -1.499808e-19 8.188336e-02 3.447331e-01 -8.375218e-19 1.199894e-01 2.777937e-02 7.606124e-19 3.459098e-01 5.670337e-01 7.141959e-20 1.394596e-01 3.539060e-02 -1.499808e-19 6.743425e-02 5.039276e-01 -6.222980e-19 1.390159e-01 2.771541e-02 8.436983e-19 9.480422e-01 7.988344e-01 5.763036e-19 1.394596e-01 3.539060e-02 -1.499808e-19 6.391350e-01 7.554133e-01 -3.375912e-19 1.694475e-01 8.030501e-03 1.063876e-18 1.498415e+00 1.040753e+00 -3.550349e-19 1.394596e-01 3.539060e-02 -1.499808e-19 1.161433e+00 1.020595e+00 -1.264801e-19 1.975215e-01 -1.523243e-02 -7.857411e-20 1.765008e+00 1.194161e+00 -3.652987e-19 1.394596e-01 3.539060e-02 -1.499808e-19 1.401447e+00 1.171657e+00 -5.644141e-20 2.241015e-01 -1.288694e-02 -1.588765e-19 1.941821e+00 1.386962e+00 -6.579229e-19 1.394596e-01 3.539060e-02 -1.499808e-19 1.535003e+00 1.345531e+00 -3.519534e-19 2.673587e-01 6.040238e-03 -1.559887e-19 2.132752e+00 1.682222e+00 -8.677430e-19 1.394596e-01 3.539060e-02 -1.499808e-19 1.657955e+00 1.610189e+00 -6.298108e-19 3.353378e-01 3.664190e-02 -8.795146e-20 2.325776e+00 1.882862e+00 -7.058281e-19 1.394596e-01 3.539060e-02 -1.499808e-19 1.765966e+00 1.761288e+00 -3.964999e-19 4.203505e-01 8.618353e-02 -1.593475e-19 2.470367e+00 2.123728e+00 -7.092980e-19 1.394596e-01 3.539060e-02 -1.499808e-19 1.791505e+00 1.983448e+00 -3.964999e-19 5.394022e-01 1.048892e-01 -1.628174e-19 2.558116e+00 2.333909e+00 -7.057932e-19 1.394596e-01 3.539060e-02 -1.499808e-19 1.791505e+00 2.193629e+00 -3.964999e-19 6.271515e-01 1.048892e-01 -1.593125e-19 2.643192e+00 2.518795e+00 -7.057890e-19 1.394596e-01 3.539060e-02 -1.499808e-19 1.791505e+00 2.378516e+00 -3.964999e-19 7.122274e-01 1.048892e-01 -1.593084e-19 2.730295e+00 2.681264e+00 -7.057890e-19 1.394596e-01 3.539060e-02 -1.499808e-19 1.791505e+00 2.540984e+00 -3.964999e-19 7.993307e-01 1.048892e-01 -1.593084e-19 2.825846e+00 2.819775e+00 -7.057892e-19 1.394596e-01 3.539060e-02 -1.499808e-19 1.791505e+00 2.679495e+00 -3.964999e-19 8.948808e-01 1.048892e-01 -1.593086e-19 2.972009e+00 2.989997e+00 -4.930871e-19 1.394596e-01 3.539060e-02 -1.499808e-19 1.841101e+00 2.883697e+00 -6.692815e-20 9.914483e-01 7.090933e-02 -2.761782e-19 3.048593e+00 3.097399e+00 -2.531399e-19 1.394596e-01 3.539060e-02 -1.499808e-19 1.873825e+00 3.006870e+00 2.240420e-19 1.035308e+00 5.513845e-02 -3.272012e-19 3.108176e+00 3.176278e+00 -9.238343e-20 1.394596e-01 3.539060e-02 -1.499808e-19 1.897926e+00 3.095963e+00 4.507157e-19 1.070791e+00 4.492457e-02 -3.931184e-19 3.148708e+00 3.227804e+00 1.595566e-20 1.394596e-01 3.539060e-02 -1.499808e-19 1.910130e+00 3.152408e+00 5.830303e-19 1.099119e+00 4.000635e-02 -4.170939e-19 3.158426e+00 3.256369e+00 5.478414e-20 1.394596e-01 3.539060e-02 -1.499808e-19 1.909773e+00 3.164001e+00 6.192492e-19 1.109193e+00 5.697677e-02 -4.144843e-19
181            5.101807e-01 2.115524e-01 -2.618030e-19 1.391699e-01 3.538778e-02 -1.499728e-19 2.914065e-01 1.383928e-01 -7.984741e-19 7.960433e-02 3.777186e-02 6.866439e-19 5.473494e-01 4.302494e-01 -1.113001e-19 1.391699e-01 3.538778e-02 -1.499728e-19 3.069282e-01 3.555325e-01 -5.881156e-19 1.012513e-01 3.932908e-02 6.267883e-19 3.414559e-01 4.079681e-01 -2.267722e-19 1.391699e-01 3.538778e-02 -1.499728e-19 8.199660e-02 3.447749e-01 -8.376555e-19 1.202894e-01 2.780535e-02 7.608562e-19 3.460544e-01 5.670009e-01 7.162289e-20 1.391699e-01 3.538778e-02 -1.499728e-19 6.755886e-02 5.038731e-01 -6.223731e-19 1.393256e-01 2.774008e-02 8.439688e-19 9.480908e-01 7.986400e-01 5.765615e-19 1.391699e-01 3.538778e-02 -1.499728e-19 6.391697e-01 7.552150e-01 -3.375670e-19 1.697512e-01 8.037207e-03 1.064101e-18 1.498350e+00 1.040418e+00 -3.545787e-19 1.391699e-01 3.538778e-02 -1.499728e-19 1.161373e+00 1.020255e+00 -1.263649e-19 1.978067e-01 -1.522499e-02 -7.824096e-20 1.764930e+00 1.193689e+00 -3.648193e-19 1.391699e-01 3.538778e-02 -1.499728e-19 1.401403e+00 1.171193e+00 -5.628956e-20 2.243574e-01 -1.289138e-02 -1.585569e-19 1.941742e+00 1.386345e+00 -6.575551e-19 1.391699e-01 3.538778e-02 -1.499728e-19 1.535012e+00 1.344953e+00 -3.519108e-19 2.675604e-01 6.003898e-03 -1.556715e-19 2.132659e+00 1.681455e+00 -8.674701e-19 1.391699e-01 3.538778e-02 -1.499728e-19 1.658020e+00 1.609504e+00 -6.298905e-19 3.354687e-01 3.656368e-02 -8.760681e-20 2.325651e+00 1.881977e+00 -7.054735e-19 1.391699e-01 3.538778e-02 -1.499728e-19 1.766076e+00 1.760537e+00 -3.964855e-19 4.204056e-01 8.605170e-02 -1.590152e-19 2.470136e+00 2.122717e+00 -7.089671e-19 1.391699e-01 3.538778e-02 -1.499728e-19 1.791612e+00 1.982591e+00 -3.964855e-19 5.393541e-01 1.047382e-01 -1.625088e-19 2.557824e+00 2.332787e+00 -7.054385e-19 1.391699e-01 3.538778e-02 -1.499728e-19 1.791612e+00 2.192661e+00 -3.964855e-19 6.270412e-01 1.047382e-01 -1.589802e-19 2.642851e+00 2.517572e+00 -7.054343e-19 1.391699e-01 3.538778e-02 -1.499728e-19 1.791612e+00 2.377446e+00 -3.964855e-19 7.120682e-01 1.047382e-01 -1.589760e-19 2.729916e+00 2.679953e+00 -7.054343e-19 1.391699e-01 3.538778e-02 -1.499728e-19 1.791612e+00 2.539827e+00 -3.964855e-19 7.991339e-01 1.047382e-01 -1.589760e-19 2.825444e+00 2.818398e+00 -7.054345e-19 1.391699e-01 3.538778e-02 -1.499728e-19 1.791612e+00 2.678272e+00 -3.964855e-19 8.946612e-01 1.047382e-01 -1.589762e-19 2.971583e+00 2.988579e+00 -4.929511e-19 1.391699e-01 3.538778e-02 -1.499728e-19 1.841171e+00 2.882446e+00 -6.719963e-20 9.912421e-01 7.074487e-02 -2.757786e-19 3.048164e+00 3.095938e+00 -2.532687e-19 1.391699e-01 3.538778e-02 -1.499728e-19 1.873859e+00 3.005604e+00 2.234598e-19 1.035135e+00 5.494549e-02 -3.267557e-19 3.107760e+00 3.174768e+00 -9.273978e-20 1.391699e-01 3.538778e-02 -1.499728e-19 1.897926e+00 3.094688e+00 4.498228e-19 1.070664e+00 4.469236e-02 -3.925897e-19 3.148310e+00 3.226266e+00 1.540899e-20 1.391699e-01 3.538778e-02 -1.499728e-19 1.910107e+00 3.151139e+00 5.818827e-19 1.099033e+00 3.974015e-02 -4.165009e-19 3.157960e+00 3.254813e+00 5.431117e-20 1.391699e-01 3.538778e-02 -1.499728e-19 1.909653e+00 3.162749e+00 6.181155e-19 1.109138e+00 5.667585e-02 -4.138315e-19
182            5.100433e-01 2.116853e-01 -2.618536e-19 1.388803e-01 3.538411e-02 -1.499630e-19 2.914563e-01 1.384909e-01 -7.987789e-19 7.970675e-02 3.781031e-02 6.868883e-19 5.473219e-01 4.303500e-01 -1.112811e-19 1.388803e-01 3.538411e-02 -1.499630e-19 3.069804e-01 3.555975e-01 -5.883880e-19 1.014612e-01 3.936840e-02 6.270699e-19 3.415770e-01 4.080254e-01 -2.266504e-19 1.388803e-01 3.538411e-02 -1.499630e-19 8.210980e-02 3.448104e-01 -8.377760e-19 1.205869e-01 2.783087e-02 7.610886e-19 3.461970e-01 5.669585e-01 7.182676e-20 1.388803e-01 3.538411e-02 -1.499630e-19 6.768362e-02 5.038101e-01 -6.224373e-19 1.396331e-01 2.776431e-02 8.442271e-19 9.481307e-01 7.984331e-01 5.768141e-19 1.388803e-01 3.538411e-02 -1.499630e-19 6.391978e-01 7.550052e-01 -3.375353e-19 1.700526e-01 8.043777e-03 1.064312e-18 1.498270e+00 1.040067e+00 -3.541164e-19 1.388803e-01 3.538411e-02 -1.499630e-19 1.161300e+00 1.019900e+00 -1.262447e-19 1.980897e-01 -1.521746e-02 -7.790871e-20 1.764834e+00 1.193200e+00 -3.643337e-19 1.388803e-01 3.538411e-02 -1.499630e-19 1.401343e+00 1.170711e+00 -5.613362e-20 2.246111e-01 -1.289562e-02 -1.582371e-19 1.941644e+00 1.385708e+00 -6.571779e-19 1.388803e-01 3.538411e-02 -1.499630e-19 1.535004e+00 1.344356e+00 -3.518609e-19 2.677602e-01 5.967921e-03 -1.553540e-19 2.132545e+00 1.680664e+00 -8.671854e-19 1.388803e-01 3.538411e-02 -1.499630e-19 1.658067e+00 1.608794e+00 -6.299598e-19 3.355975e-01 3.648586e-02 -8.726255e-20 2.325504e+00 1.881065e+00 -7.051090e-19 1.388803e-01 3.538411e-02 -1.499630e-19 1.766165e+00 1.759760e+00 -3.964633e-19 4.204582e-01 8.592012e-02 -1.586827e-19 2.469883e+00 2.121676e+00 -7.086260e-19 1.388803e-01 3.538411e-02 -1.499630e-19 1.791700e+00 1.981705e+00 -3.964633e-19 5.393030e-01 1.045874e-01 -1.621996e-19 2.557508e+00 2.331633e+00 -7.050739e-19 1.388803e-01 3.538411e-02 -1.499630e-19 1.791700e+00 2.191661e+00 -3.964633e-19 6.269276e-01 1.045874e-01 -1.586476e-19 2.642486e+00 2.516315e+00 -7.050697e-19 1.388803e-01 3.538411e-02 -1.499630e-19 1.791700e+00 2.376344e+00 -3.964633e-19 7.119055e-01 1.045874e-01 -1.586433e-19 2.729514e+00 2.678609e+00 -7.050697e-19 1.388803e-01 3.538411e-02 -1.499630e-19 1.791700e+00 2.538637e+00 -3.964633e-19 7.989335e-01 1.045874e-01 -1.586433e-19 2.825018e+00 2.816987e+00 -7.050699e-19 1.388803e-01 3.538411e-02 -1.499630e-19 1.791700e+00 2.677015e+00 -3.964633e-19 8.944377e-01 1.045874e-01 -1.586436e-19 2.971132e+00 2.987124e+00 -4.928032e-19 1.388803e-01 3.538411e-02 -1.499630e-19 1.841221e+00 2.881159e+00 -6.746086e-20 9.910313e-01 7.058087e-02 -2.753794e-19 3.047711e+00 3.094440e+00 -2.533831e-19 1.388803e-01 3.538411e-02 -1.499630e-19 1.873874e+00 3.004302e+00 2.228907e-19 1.034956e+00 5.475325e-02 -3.263108e-19 3.107319e+00 3.173221e+00 -9.307934e-20 1.388803e-01 3.538411e-02 -1.499630e-19 1.897908e+00 3.093376e+00 4.489462e-19 1.070531e+00 4.446105e-02 -3.920626e-19 3.147887e+00 3.224690e+00 1.488185e-20 1.388803e-01 3.538411e-02 -1.499630e-19 1.910065e+00 3.149831e+00 5.807548e-19 1.098942e+00 3.947489e-02 -4.159100e-19 3.157474e+00 3.253218e+00 5.385527e-20 1.388803e-01 3.538411e-02 -1.499630e-19 1.909516e+00 3.161459e+00 6.169997e-19 1.109077e+00 5.637530e-02 -4.131814e-19
183            5.099012e-01 2.118140e-01 -2.619013e-19 1.385909e-01 3.537958e-02 -1.499512e-19 2.915032e-01 1.385863e-01 -7.990718e-19 7.980709e-02 3.784812e-02 6.871217e-19 5.472893e-01 4.304433e-01 -1.112600e-19 1.385909e-01 3.537958e-02 -1.499512e-19 3.070296e-01 3.556566e-01 -5.886505e-19 1.016688e-01 3.940706e-02 6.273417e-19 3.416957e-01 4.080749e-01 -2.265249e-19 1.385909e-01 3.537958e-02 -1.499512e-19 8.222279e-02 3.448394e-01 -8.378831e-19 1.208820e-01 2.785592e-02 7.613095e-19 3.463374e-01 5.669063e-01 7.203099e-20 1.385909e-01 3.537958e-02 -1.499512e-19 6.780838e-02 5.037386e-01 -6.224906e-19 1.399381e-01 2.778810e-02 8.444728e-19 9.481615e-01 7.982136e-01 5.770608e-19 1.385909e-01 3.537958e-02 -1.499512e-19 6.392188e-01 7.547838e-01 -3.374960e-19 1.703517e-01 8.050215e-03 1.064508e-18 1.498174e+00 1.039700e+00 -3.536483e-19 1.385909e-01 3.537958e-02 -1.499512e-19 1.161213e+00 1.019530e+00 -1.261197e-19 1.983704e-01 -1.520984e-02 -7.757745e-20 1.764721e+00 1.192693e+00 -3.638420e-19 1.385909e-01 3.537958e-02 -1.499512e-19 1.401267e+00 1.170213e+00 -5.597371e-20 2.248628e-01 -1.289964e-02 -1.579170e-19 1.941527e+00 1.385050e+00 -6.567911e-19 1.385909e-01 3.537958e-02 -1.499512e-19 1.534978e+00 1.343738e+00 -3.518037e-19 2.679580e-01 5.932312e-03 -1.550362e-19 2.132410e+00 1.679849e+00 -8.668888e-19 1.385909e-01 3.537958e-02 -1.499512e-19 1.658095e+00 1.608061e+00 -6.300188e-19 3.357241e-01 3.640844e-02 -8.691879e-20 2.325334e+00 1.880125e+00 -7.047346e-19 1.385909e-01 3.537958e-02 -1.499512e-19 1.766235e+00 1.758957e+00 -3.964335e-19 4.205082e-01 8.578883e-02 -1.583500e-19 2.469607e+00 2.120606e+00 -7.082747e-19 1.385909e-01 3.537958e-02 -1.499512e-19 1.791767e+00 1.980790e+00 -3.964335e-19 5.392489e-01 1.044369e-01 -1.618900e-19 2.557168e+00 2.330448e+00 -7.046994e-19 1.385909e-01 3.537958e-02 -1.499512e-19 1.791767e+00 2.190631e+00 -3.964335e-19 6.268107e-01 1.044369e-01 -1.583148e-19 2.642097e+00 2.515026e+00 -7.046952e-19 1.385909e-01 3.537958e-02 -1.499512e-19 1.791767e+00 2.375209e+00 -3.964335e-19 7.117394e-01 1.044369e-01 -1.583105e-19 2.729087e+00 2.677230e+00 -7.046952e-19 1.385909e-01 3.537958e-02 -1.499512e-19 1.791767e+00 2.537413e+00 -3.964335e-19 7.987294e-01 1.044369e-01 -1.583105e-19 2.824568e+00 2.815540e+00 -7.046954e-19 1.385909e-01 3.537958e-02 -1.499512e-19 1.791767e+00 2.675724e+00 -3.964335e-19 8.942102e-01 1.044369e-01 -1.583107e-19 2.970657e+00 2.985633e+00 -4.926432e-19 1.385909e-01 3.537958e-02 -1.499512e-19 1.841250e+00 2.879836e+00 -6.771151e-20 9.908158e-01 7.041734e-02 -2.749805e-19 3.047233e+00 3.092904e+00 -2.534827e-19 1.385909e-01 3.537958e-02 -1.499512e-19 1.873869e+00 3.002963e+00 2.223355e-19 1.034773e+00 5.456174e-02 -3.258669e-19 3.106853e+00 3.171636e+00 -9.340129e-20 1.385909e-01 3.537958e-02 -1.499512e-19 1.897869e+00 3.092025e+00 4.480872e-19 1.070393e+00 4.423068e-02 -3.915372e-19 3.147440e+00 3.223075e+00 1.437524e-20 1.385909e-01 3.537958e-02 -1.499512e-19 1.910004e+00 3.148485e+00 5.796479e-19 1.098845e+00 3.921061e-02 -4.153214e-19 3.156965e+00 3.251584e+00 5.341757e-20 1.385909e-01 3.537958e-02 -1.499512e-19 1.909363e+00 3.160129e+00 6.159031e-19 1.109011e+00 5.607518e-02 -4.125343e-19
184            5.097543e-01 2.119384e-01 -2.619459e-19 1.383017e-01 3.537419e-02 -1.499375e-19 2.915473e-01 1.386789e-01 -7.993527e-19 7.990535e-02 3.788528e-02 6.873443e-19 5.472514e-01 4.305291e-01 -1.112369e-19 1.383017e-01 3.537419e-02 -1.499375e-19 3.070757e-01 3.557098e-01 -5.889029e-19 1.018739e-01 3.944508e-02 6.276035e-19 3.418119e-01 4.081168e-01 -2.263957e-19 1.383017e-01 3.537419e-02 -1.499375e-19 8.233552e-02 3.448621e-01 -8.379769e-19 1.211746e-01 2.788051e-02 7.615186e-19 3.464756e-01 5.668443e-01 7.223556e-20 1.383017e-01 3.537419e-02 -1.499375e-19 6.793305e-02 5.036587e-01 -6.225328e-19 1.402408e-01 2.781145e-02 8.447059e-19 9.481832e-01 7.979817e-01 5.773018e-19 1.383017e-01 3.537419e-02 -1.499375e-19 6.392330e-01 7.545510e-01 -3.374490e-19 1.706485e-01 8.056525e-03 1.064688e-18 1.498063e+00 1.039318e+00 -3.531745e-19 1.383017e-01 3.537419e-02 -1.499375e-19 1.161113e+00 1.019146e+00 -1.259897e-19 1.986489e-01 -1.520213e-02 -7.724739e-20 1.764589e+00 1.192168e+00 -3.633442e-19 1.383017e-01 3.537419e-02 -1.499375e-19 1.401175e+00 1.169697e+00 -5.580975e-20 2.251123e-01 -1.290344e-02 -1.575970e-19 1.941390e+00 1.384373e+00 -6.563951e-19 1.383017e-01 3.537419e-02 -1.499375e-19 1.534934e+00 1.343102e+00 -3.517391e-19 2.681538e-01 5.897078e-03 -1.547185e-19 2.132253e+00 1.679010e+00 -8.665804e-19 1.383017e-01 3.537419e-02 -1.499375e-19 1.658103e+00 1.607304e+00 -6.300671e-19 3.358486e-01 3.633143e-02 -8.657575e-20 2.325141e+00 1.879159e+00 -7.043506e-19 1.383017e-01 3.537419e-02 -1.499375e-19 1.766283e+00 1.758127e+00 -3.963959e-19 4.205556e-01 8.565784e-02 -1.580172e-19 2.469306e+00 2.119507e+00 -7.079135e-19 1.383017e-01 3.537419e-02 -1.499375e-19 1.791813e+00 1.979846e+00 -3.963959e-19 5.391917e-01 1.042866e-01 -1.615801e-19 2.556805e+00 2.329232e+00 -7.043153e-19 1.383017e-01 3.537419e-02 -1.499375e-19 1.791813e+00 2.189571e+00 -3.963959e-19 6.266904e-01 1.042866e-01 -1.579820e-19 2.641684e+00 2.513704e+00 -7.043111e-19 1.383017e-01 3.537419e-02 -1.499375e-19 1.791813e+00 2.374043e+00 -3.963959e-19 7.115696e-01 1.042866e-01 -1.579777e-19 2.728636e+00 2.675818e+00 -7.043111e-19 1.383017e-01 3.537419e-02 -1.499375e-19 1.791813e+00 2.536157e+00 -3.963959e-19 7.985215e-01 1.042866e-01 -1.579777e-19 2.824093e+00 2.814060e+00 -7.043113e-19 1.383017e-01 3.537419e-02 -1.499375e-19 1.791813e+00 2.674399e+00 -3.963959e-19 8.939785e-01 1.042866e-01 -1.579779e-19 2.970157e+00 2.984106e+00 -4.924710e-19 1.383017e-01 3.537419e-02 -1.499375e-19 1.841260e+00 2.878478e+00 -6.795110e-20 9.905955e-01 7.025433e-02 -2.745824e-19 3.046729e+00 3.091333e+00 -2.535667e-19 1.383017e-01 3.537419e-02 -1.499375e-19 1.873844e+00 3.001587e+00 2.217950e-19 1.034584e+00 5.437099e-02 -3.254243e-19 3.106362e+00 3.170014e+00 -9.370474e-20 1.383017e-01 3.537419e-02 -1.499375e-19 1.897812e+00 3.090638e+00 4.472470e-19 1.070249e+00 4.400127e-02 -3.910143e-19 3.146967e+00 3.221423e+00 1.389003e-20 1.383017e-01 3.537419e-02 -1.499375e-19 1.909924e+00 3.147102e+00 5.785633e-19 1.098742e+00 3.894734e-02 -4.147358e-19 3.156433e+00 3.249912e+00 5.299923e-20 1.383017e-01 3.537419e-02 -1.499375e-19 1.909193e+00 3.158762e+00 6.148274e-19 1.108939e+00 5.577552e-02 -4.118907e-19
185            5.096029e-01 2.120586e-01 -2.619878e-19 1.380127e-01 3.536794e-02 -1.499218e-19 2.915886e-01 1.387688e-01 -7.996221e-19 8.000156e-02 3.792180e-02 6.875561e-19 5.472084e-01 4.306078e-01 -1.112119e-19 1.380127e-01 3.536794e-02 -1.499218e-19 3.071190e-01 3.557574e-01 -5.891456e-19 1.020767e-01 3.948245e-02 6.278556e-19 3.419256e-01 4.081513e-01 -2.262630e-19 1.380127e-01 3.536794e-02 -1.499218e-19 8.244802e-02 3.448787e-01 -8.380576e-19 1.214648e-01 2.790464e-02 7.617164e-19 3.466115e-01 5.667730e-01 7.244054e-20 1.380127e-01 3.536794e-02 -1.499218e-19 6.805768e-02 5.035706e-01 -6.225643e-19 1.405412e-01 2.783438e-02 8.449266e-19 9.481962e-01 7.977377e-01 5.775375e-19 1.380127e-01 3.536794e-02 -1.499218e-19 6.392405e-01 7.543071e-01 -3.373945e-19 1.709430e-01 8.062714e-03 1.064854e-18 1.497937e+00 1.038921e+00 -3.526952e-19 1.380127e-01 3.536794e-02 -1.499218e-19 1.161000e+00 1.018747e+00 -1.258547e-19 1.989250e-01 -1.519430e-02 -7.691873e-20 1.764439e+00 1.191626e+00 -3.628407e-19 1.380127e-01 3.536794e-02 -1.499218e-19 1.401067e+00 1.169166e+00 -5.564168e-20 2.253597e-01 -1.290702e-02 -1.572772e-19 1.941234e+00 1.383676e+00 -6.559901e-19 1.380127e-01 3.536794e-02 -1.499218e-19 1.534874e+00 1.342446e+00 -3.516672e-19 2.683476e-01 5.862231e-03 -1.544010e-19 2.132077e+00 1.678148e+00 -8.662606e-19 1.380127e-01 3.536794e-02 -1.499218e-19 1.658093e+00 1.606525e+00 -6.301051e-19 3.359708e-01 3.625487e-02 -8.623365e-20 2.324926e+00 1.878168e+00 -7.039573e-19 1.380127e-01 3.536794e-02 -1.499218e-19 1.766313e+00 1.757273e+00 -3.963507e-19 4.206005e-01 8.552718e-02 -1.576848e-19 2.468983e+00 2.118381e+00 -7.075427e-19 1.380127e-01 3.536794e-02 -1.499218e-19 1.791839e+00 1.978876e+00 -3.963507e-19 5.391314e-01 1.041366e-01 -1.612701e-19 2.556419e+00 2.327987e+00 -7.039220e-19 1.380127e-01 3.536794e-02 -1.499218e-19 1.791839e+00 2.188483e+00 -3.963507e-19 6.265667e-01 1.041366e-01 -1.576494e-19 2.641248e+00 2.512353e+00 -7.039177e-19 1.380127e-01 3.536794e-02 -1.499218e-19 1.791839e+00 2.372848e+00 -3.963507e-19 7.113963e-01 1.041366e-01 -1.576451e-19 2.728162e+00 2.674375e+00 -7.039177e-19 1.380127e-01 3.536794e-02 -1.499218e-19 1.791839e+00 2.534870e+00 -3.963507e-19 7.983097e-01 1.041366e-01 -1.576451e-19 2.823595e+00 2.812547e+00 -7.039179e-19 1.380127e-01 3.536794e-02 -1.499218e-19 1.791839e+00 2.673043e+00 -3.963507e-19 8.937427e-01 1.041366e-01 -1.576453e-19 2.969633e+00 2.982547e+00 -4.922866e-19 1.380127e-01 3.536794e-02 -1.499218e-19 1.841250e+00 2.877087e+00 -6.817939e-20 9.903702e-01 7.009187e-02 -2.741853e-19 3.046202e+00 3.089728e+00 -2.536352e-19 1.380127e-01 3.536794e-02 -1.499218e-19 1.873800e+00 3.000179e+00 2.212699e-19 1.034389e+00 5.418105e-02 -3.249833e-19 3.105847e+00 3.168359e+00 -9.398955e-20 1.380127e-01 3.536794e-02 -1.499218e-19 1.897736e+00 3.089218e+00 4.464263e-19 1.070099e+00 4.377288e-02 -3.904940e-19 3.146471e+00 3.219738e+00 1.342614e-20 1.380127e-01 3.536794e-02 -1.499218e-19 1.909825e+00 3.145685e+00 5.775013e-19 1.098632e+00 3.868516e-02 -4.141533e-19 3.155880e+00 3.248206e+00 5.260044e-20 1.380127e-01 3.536794e-02 -1.499218e-19 1.909007e+00 3.157361e+00 6.137731e-19 1.108860e+00 5.547641e-02 -4.112508e-19
186            5.094471e-01 2.121747e-01 -2.620270e-19 1.377239e-01 3.536084e-02 -1.499044e-19 2.916275e-01 1.388562e-01 -7.998805e-19 8.009571e-02 3.795769e-02 6.877579e-19 5.471607e-01 4.306795e-01 -1.111849e-19 1.377239e-01 3.536084e-02 -1.499044e-19 3.071598e-01 3.557995e-01 -5.893790e-19 1.022770e-01 3.951919e-02 6.280985e-19 3.420369e-01 4.081786e-01 -2.261267e-19 1.377239e-01 3.536084e-02 -1.499044e-19 8.256045e-02 3.448894e-01 -8.381258e-19 1.217525e-01 2.792833e-02 7.619034e-19 3.467454e-01 5.666926e-01 7.264613e-20 1.377239e-01 3.536084e-02 -1.499044e-19 6.818243e-02 5.034749e-01 -6.225853e-19 1.408390e-01 2.785689e-02 8.451358e-19 9.482010e-01 7.974823e-01 5.777683e-19 1.377239e-01 3.536084e-02 -1.499044e-19 6.392420e-01 7.540527e-01 -3.373325e-19 1.712351e-01 8.068793e-03 1.065005e-18 1.497798e+00 1.038510e+00 -3.522106e-19 1.377239e-01 3.536084e-02 -1.499044e-19 1.160875e+00 1.018336e+00 -1.257146e-19 1.991988e-01 -1.518637e-02 -7.659157e-20 1.764274e+00 1.191069e+00 -3.623316e-19 1.377239e-01 3.536084e-02 -1.499044e-19 1.400945e+00 1.168619e+00 -5.546938e-20 2.256048e-01 -1.291036e-02 -1.569579e-19 1.941061e+00 1.382962e+00 -6.555765e-19 1.377239e-01 3.536084e-02 -1.499044e-19 1.534798e+00 1.341773e+00 -3.515882e-19 2.685392e-01 5.827787e-03 -1.540839e-19 2.131881e+00 1.677264e+00 -8.659300e-19 1.377239e-01 3.536084e-02 -1.499044e-19 1.658067e+00 1.605724e+00 -6.301330e-19 3.360909e-01 3.617877e-02 -8.589262e-20 2.324691e+00 1.877153e+00 -7.035552e-19 1.377239e-01 3.536084e-02 -1.499044e-19 1.766324e+00 1.756395e+00 -3.962981e-19 4.206428e-01 8.539690e-02 -1.573527e-19 2.468639e+00 2.117228e+00 -7.071628e-19 1.377239e-01 3.536084e-02 -1.499044e-19 1.791847e+00 1.977880e+00 -3.962981e-19 5.390681e-01 1.039869e-01 -1.609603e-19 2.556011e+00 2.326715e+00 -7.035198e-19 1.377239e-01 3.536084e-02 -1.499044e-19 1.791847e+00 2.187367e+00 -3.962981e-19 6.264397e-01 1.039869e-01 -1.573173e-19 2.640790e+00 2.510973e+00 -7.035155e-19 1.377239e-01 3.536084e-02 -1.499044e-19 1.791847e+00 2.371625e+00 -3.962981e-19 7.112192e-01 1.039869e-01 -1.573130e-19 2.727665e+00 2.672903e+00 -7.035155e-19 1.377239e-01 3.536084e-02 -1.499044e-19 1.791847e+00 2.533556e+00 -3.962981e-19 7.980941e-01 1.039869e-01 -1.573130e-19 2.823074e+00 2.811006e+00 -7.035157e-19 1.377239e-01 3.536084e-02 -1.499044e-19 1.791847e+00 2.671658e+00 -3.962981e-19 8.935026e-01 1.039869e-01 -1.573132e-19 2.969086e+00 2.980958e+00 -4.920905e-19 1.377239e-01 3.536084e-02 -1.499044e-19 1.841222e+00 2.875667e+00 -6.839668e-20 9.901400e-01 6.993000e-02 -2.737895e-19 3.045652e+00 3.088093e+00 -2.536888e-19 1.377239e-01 3.536084e-02 -1.499044e-19 1.873739e+00 2.998740e+00 2.207596e-19 1.034189e+00 5.399198e-02 -3.245441e-19 3.105310e+00 3.166673e+00 -9.425693e-20 1.377239e-01 3.536084e-02 -1.499044e-19 1.897643e+00 3.087766e+00 4.456239e-19 1.069943e+00 4.354557e-02 -3.899764e-19 3.145951e+00 3.218021e+00 1.298177e-20 1.377239e-01 3.536084e-02 -1.499044e-19 1.909710e+00 3.144236e+00 5.764599e-19 1.098517e+00 3.842413e-02 -4.135738e-19 3.155305e+00 3.246468e+00 5.221980e-20 1.377239e-01 3.536084e-02 -1.499044e-19 1.908806e+00 3.155929e+00 6.127384e-19 1.108775e+00 5.517795e-02 -4.106142e-19
187            5.092875e-01 2.122869e-01 -2.620640e-19 1.374353e-01 3.535289e-02 -1.498852e-19 2.916644e-01 1.389410e-01 -8.001289e-19 8.018782e-02 3.799296e-02 6.879501e-19 5.471086e-01 4.307447e-01 -1.111561e-19 1.374353e-01 3.535289e-02 -1.498852e-19 3.071984e-01 3.558365e-01 -5.896037e-19 1.024749e-01 3.955530e-02 6.283329e-19 3.421461e-01 4.081991e-01 -2.259870e-19 1.374353e-01 3.535289e-02 -1.498852e-19 8.267307e-02 3.448946e-01 -8.381822e-19 1.220377e-01 2.795158e-02 7.620805e-19 3.468773e-01 5.666035e-01 7.285273e-20 1.374353e-01 3.535289e-02 -1.498852e-19 6.830754e-02 5.033717e-01 -6.225963e-19 1.411345e-01 2.787898e-02 8.453342e-19 9.481982e-01 7.972159e-01 5.779951e-19 1.374353e-01 3.535289e-02 -1.498852e-19 6.392381e-01 7.537882e-01 -3.372631e-19 1.715248e-01 8.074773e-03 1.065144e-18 1.497645e+00 1.038086e+00 -3.517205e-19 1.374353e-01 3.535289e-02 -1.498852e-19 1.160740e+00 1.017911e+00 -1.255693e-19 1.994701e-01 -1.517830e-02 -7.626596e-20 1.764093e+00 1.190497e+00 -3.618168e-19 1.374353e-01 3.535289e-02 -1.498852e-19 1.400810e+00 1.168057e+00 -5.529246e-20 2.258476e-01 -1.291344e-02 -1.566391e-19 1.940872e+00 1.382230e+00 -6.551546e-19 1.374353e-01 3.535289e-02 -1.498852e-19 1.534708e+00 1.341083e+00 -3.515019e-19 2.687288e-01 5.793763e-03 -1.537674e-19 2.131669e+00 1.676360e+00 -8.655892e-19 1.374353e-01 3.535289e-02 -1.498852e-19 1.658025e+00 1.604904e+00 -6.301512e-19 3.362086e-01 3.610316e-02 -8.555271e-20 2.324437e+00 1.876115e+00 -7.031445e-19 1.374353e-01 3.535289e-02 -1.498852e-19 1.766319e+00 1.755495e+00 -3.962380e-19 4.206824e-01 8.526704e-02 -1.570212e-19 2.468276e+00 2.116051e+00 -7.067740e-19 1.374353e-01 3.535289e-02 -1.498852e-19 1.791839e+00 1.976861e+00 -3.962380e-19 5.390017e-01 1.038376e-01 -1.606507e-19 2.555583e+00 2.325417e+00 -7.031090e-19 1.374353e-01 3.535289e-02 -1.498852e-19 1.791839e+00 2.186227e+00 -3.962380e-19 6.263092e-01 1.038376e-01 -1.569858e-19 2.640313e+00 2.509566e+00 -7.031046e-19 1.374353e-01 3.535289e-02 -1.498852e-19 1.791839e+00 2.370376e+00 -3.962380e-19 7.110386e-01 1.038376e-01 -1.569814e-19 2.727149e+00 2.671404e+00 -7.031046e-19 1.374353e-01 3.535289e-02 -1.498852e-19 1.791839e+00 2.532214e+00 -3.962380e-19 7.978746e-01 1.038376e-01 -1.569814e-19 2.822532e+00 2.809437e+00 -7.031048e-19 1.374353e-01 3.535289e-02 -1.498852e-19 1.791839e+00 2.670246e+00 -3.962380e-19 8.932583e-01 1.038376e-01 -1.569816e-19 2.968518e+00 2.979340e+00 -4.918838e-19 1.374353e-01 3.535289e-02 -1.498852e-19 1.841178e+00 2.874218e+00 -6.860373e-20 9.899048e-01 6.976877e-02 -2.733948e-19 3.045081e+00 3.086428e+00 -2.537293e-19 1.374353e-01 3.535289e-02 -1.498852e-19 1.873662e+00 2.997271e+00 2.202623e-19 1.033984e+00 5.380381e-02 -3.241063e-19 3.104751e+00 3.164957e+00 -9.450939e-20 1.374353e-01 3.535289e-02 -1.498852e-19 1.897534e+00 3.086285e+00 4.448368e-19 1.069781e+00 4.331939e-02 -3.894609e-19 3.145410e+00 3.216274e+00 1.255356e-20 1.374353e-01 3.535289e-02 -1.498852e-19 1.909580e+00 3.142756e+00 5.754353e-19 1.098395e+00 3.816431e-02 -4.129965e-19 3.154709e+00 3.244699e+00 5.185426e-20 1.374353e-01 3.535289e-02 -1.498852e-19 1.908590e+00 3.154466e+00 6.117196e-19 1.108684e+00 5.488020e-02 -4.099801e-19
188            5.091244e-01 2.123951e-01 -2.620991e-19 1.371469e-01 3.534410e-02 -1.498646e-19 2.916997e-01 1.390234e-01 -8.003681e-19 8.027790e-02 3.802762e-02 6.881336e-19 5.470526e-01 4.308036e-01 -1.111253e-19 1.371469e-01 3.534410e-02 -1.498646e-19 3.072354e-01 3.558687e-01 -5.898203e-19 1.026704e-01 3.959079e-02 6.285596e-19 3.422534e-01 4.082128e-01 -2.258436e-19 1.371469e-01 3.534410e-02 -1.498646e-19 8.278614e-02 3.448943e-01 -8.382274e-19 1.223204e-01 2.797441e-02 7.622483e-19 3.470076e-01 5.665060e-01 7.306094e-20 1.371469e-01 3.534410e-02 -1.498646e-19 6.843329e-02 5.032612e-01 -6.225974e-19 1.414274e-01 2.790068e-02 8.455229e-19 9.481886e-01 7.969386e-01 5.782193e-19 1.371469e-01 3.534410e-02 -1.498646e-19 6.392297e-01 7.535138e-01 -3.371860e-19 1.718120e-01 8.080665e-03 1.065270e-18 1.497481e+00 1.037648e+00 -3.512245e-19 1.371469e-01 3.534410e-02 -1.498646e-19 1.160595e+00 1.017474e+00 -1.254179e-19 1.997390e-01 -1.517010e-02 -7.594197e-20 1.763899e+00 1.189909e+00 -3.612958e-19 1.371469e-01 3.534410e-02 -1.498646e-19 1.400664e+00 1.167481e+00 -5.511018e-20 2.260882e-01 -1.291627e-02 -1.563211e-19 1.940669e+00 1.381481e+00 -6.547244e-19 1.371469e-01 3.534410e-02 -1.498646e-19 1.534606e+00 1.340377e+00 -3.514082e-19 2.689162e-01 5.760174e-03 -1.534516e-19 2.131441e+00 1.675435e+00 -8.652385e-19 1.371469e-01 3.534410e-02 -1.498646e-19 1.657970e+00 1.604063e+00 -6.301599e-19 3.363241e-01 3.602806e-02 -8.521398e-20 2.324167e+00 1.875055e+00 -7.027252e-19 1.371469e-01 3.534410e-02 -1.498646e-19 1.766300e+00 1.754573e+00 -3.961701e-19 4.207195e-01 8.513762e-02 -1.566905e-19 2.467895e+00 2.114850e+00 -7.063764e-19 1.371469e-01 3.534410e-02 -1.498646e-19 1.791816e+00 1.975817e+00 -3.961701e-19 5.389322e-01 1.036887e-01 -1.603417e-19 2.555138e+00 2.324093e+00 -7.026897e-19 1.371469e-01 3.534410e-02 -1.498646e-19 1.791816e+00 2.185061e+00 -3.961701e-19 6.261753e-01 1.036887e-01 -1.566550e-19 2.639817e+00 2.508133e+00 -7.026853e-19 1.371469e-01 3.534410e-02 -1.498646e-19 1.791816e+00 2.369101e+00 -3.961701e-19 7.108542e-01 1.036887e-01 -1.566506e-19 2.726614e+00 2.669878e+00 -7.026853e-19 1.371469e-01 3.534410e-02 -1.498646e-19 1.791816e+00 2.530845e+00 -3.961701e-19 7.976511e-01 1.036887e-01 -1.566506e-19 2.821973e+00 2.807839e+00 -7.026854e-19 1.371469e-01 3.534410e-02 -1.498646e-19 1.791816e+00 2.668807e+00 -3.961701e-19 8.930097e-01 1.036887e-01 -1.566508e-19 2.967931e+00 2.977693e+00 -4.916671e-19 1.371469e-01 3.534410e-02 -1.498646e-19 1.841120e+00 2.872740e+00 -6.880139e-20 9.896646e-01 6.960822e-02 -2.730011e-19 3.044491e+00 3.084735e+00 -2.537586e-19 1.371469e-01 3.534410e-02 -1.498646e-19 1.873571e+00 2.995774e+00 2.197758e-19 1.033773e+00 5.361659e-02 -3.236699e-19 3.104172e+00 3.163212e+00 -9.475001e-20 1.371469e-01 3.534410e-02 -1.498646e-19 1.897412e+00 3.084774e+00 4.440614e-19 1.069613e+00 4.309438e-02 -3.889468e-19 3.144849e+00 3.214497e+00 1.213748e-20 1.371469e-01 3.534410e-02 -1.498646e-19 1.909436e+00 3.141247e+00 5.744228e-19 1.098267e+00 3.790575e-02 -4.124207e-19 3.154095e+00 3.242900e+00 5.150016e-20 1.371469e-01 3.534410e-02 -1.498646e-19 1.908361e+00 3.152973e+00 6.107123e-19 1.108587e+00 5.458324e-02 -4.093476e-19
189            5.089583e-01 2.124996e-01 -2.621326e-19 1.368586e-01 3.533447e-02 -1.498425e-19 2.917337e-01 1.391035e-01 -8.005992e-19 8.036595e-02 3.806168e-02 6.883090e-19 5.469931e-01 4.308562e-01 -1.110924e-19 1.368586e-01 3.533447e-02 -1.498425e-19 3.072711e-01 3.558961e-01 -5.900292e-19 1.028634e-01 3.962568e-02 6.287793e-19 3.423591e-01 4.082199e-01 -2.256965e-19 1.368586e-01 3.533447e-02 -1.498425e-19 8.289996e-02 3.448886e-01 -8.382618e-19 1.226005e-01 2.799682e-02 7.624077e-19 3.471365e-01 5.663999e-01 7.327153e-20 1.368586e-01 3.533447e-02 -1.498425e-19 6.855998e-02 5.031434e-01 -6.225888e-19 1.417179e-01 2.792199e-02 8.457028e-19 9.481728e-01 7.966504e-01 5.784421e-19 1.368586e-01 3.533447e-02 -1.498425e-19 6.392174e-01 7.532294e-01 -3.371007e-19 1.720968e-01 8.086480e-03 1.065385e-18 1.497306e+00 1.037197e+00 -3.507219e-19 1.368586e-01 3.533447e-02 -1.498425e-19 1.160442e+00 1.017024e+00 -1.252597e-19 2.000055e-01 -1.516174e-02 -7.561978e-20 1.763693e+00 1.189307e+00 -3.607680e-19 1.368586e-01 3.533447e-02 -1.498425e-19 1.400508e+00 1.166891e+00 -5.492145e-20 2.263264e-01 -1.291883e-02 -1.560040e-19 1.940453e+00 1.380715e+00 -6.542857e-19 1.368586e-01 3.533447e-02 -1.498425e-19 1.534493e+00 1.339653e+00 -3.513065e-19 2.691014e-01 5.727032e-03 -1.531368e-19 2.131200e+00 1.674490e+00 -8.648782e-19 1.368586e-01 3.533447e-02 -1.498425e-19 1.657904e+00 1.603202e+00 -6.301592e-19 3.364373e-01 3.595350e-02 -8.487655e-20 2.323882e+00 1.873972e+00 -7.022972e-19 1.368586e-01 3.533447e-02 -1.498425e-19 1.766270e+00 1.753629e+00 -3.960939e-19 4.207539e-01 8.500868e-02 -1.563609e-19 2.467500e+00 2.113624e+00 -7.059701e-19 1.368586e-01 3.533447e-02 -1.498425e-19 1.791782e+00 1.974749e+00 -3.960939e-19 5.388596e-01 1.035403e-01 -1.600337e-19 2.554678e+00 2.322744e+00 -7.022616e-19 1.368586e-01 3.533447e-02 -1.498425e-19 1.791782e+00 2.183869e+00 -3.960939e-19 6.260381e-01 1.035403e-01 -1.563252e-19 2.639307e+00 2.506673e+00 -7.022572e-19 1.368586e-01 3.533447e-02 -1.498425e-19 1.791782e+00 2.367799e+00 -3.960939e-19 7.106663e-01 1.035403e-01 -1.563208e-19 2.726064e+00 2.668324e+00 -7.022572e-19 1.368586e-01 3.533447e-02 -1.498425e-19 1.791782e+00 2.529449e+00 -3.960939e-19 7.974238e-01 1.035403e-01 -1.563208e-19 2.821397e+00 2.806214e+00 -7.022574e-19 1.368586e-01 3.533447e-02 -1.498425e-19 1.791782e+00 2.667339e+00 -3.960939e-19 8.927568e-01 1.035403e-01 -1.563210e-19 2.967328e+00 2.976017e+00 -4.914412e-19 1.368586e-01 3.533447e-02 -1.498425e-19 1.841050e+00 2.871234e+00 -6.899027e-20 9.894194e-01 6.944837e-02 -2.726084e-19 3.043884e+00 3.083011e+00 -2.537786e-19 1.368586e-01 3.533447e-02 -1.498425e-19 1.873469e+00 2.994246e+00 2.192982e-19 1.033556e+00 5.343034e-02 -3.232344e-19 3.103576e+00 3.161437e+00 -9.498150e-20 1.368586e-01 3.533447e-02 -1.498425e-19 1.897278e+00 3.083232e+00 4.432946e-19 1.069439e+00 4.287059e-02 -3.884336e-19 3.144271e+00 3.212690e+00 1.173006e-20 1.368586e-01 3.533447e-02 -1.498425e-19 1.909280e+00 3.139707e+00 5.734182e-19 1.098132e+00 3.764848e-02 -4.118456e-19 3.153463e+00 3.241070e+00 5.115424e-20 1.368586e-01 3.533447e-02 -1.498425e-19 1.908121e+00 3.151449e+00 6.097125e-19 1.108483e+00 5.428711e-02 -4.087158e-19
190            5.087896e-01 2.126003e-01 -2.621648e-19 1.365706e-01 3.532401e-02 -1.498191e-19 2.917670e-01 1.391812e-01 -8.008227e-19 8.045199e-02 3.809514e-02 6.884770e-19 5.469306e-01 4.309028e-01 -1.110573e-19 1.365706e-01 3.532401e-02 -1.498191e-19 3.073059e-01 3.559188e-01 -5.902308e-19 1.030540e-01 3.965998e-02 6.289926e-19 3.424635e-01 4.082203e-01 -2.255453e-19 1.365706e-01 3.532401e-02 -1.498191e-19 8.301478e-02 3.448775e-01 -8.382857e-19 1.228781e-01 2.801883e-02 7.625594e-19 3.472644e-01 5.662851e-01 7.348530e-20 1.365706e-01 3.532401e-02 -1.498191e-19 6.868788e-02 5.030182e-01 -6.225702e-19 1.420059e-01 2.794292e-02 8.458745e-19 9.481517e-01 7.963510e-01 5.786650e-19 1.365706e-01 3.532401e-02 -1.498191e-19 6.392020e-01 7.529348e-01 -3.370065e-19 1.723791e-01 8.092228e-03 1.065491e-18 1.497122e+00 1.036733e+00 -3.502121e-19 1.365706e-01 3.532401e-02 -1.498191e-19 1.160282e+00 1.016562e+00 -1.250934e-19 2.002694e-01 -1.515323e-02 -7.529957e-20 1.763477e+00 1.188689e+00 -3.602325e-19 1.365706e-01 3.532401e-02 -1.498191e-19 1.400344e+00 1.166286e+00 -5.472507e-20 2.265623e-01 -1.292110e-02 -1.556883e-19 1.940226e+00 1.379931e+00 -6.538384e-19 1.365706e-01 3.532401e-02 -1.498191e-19 1.534371e+00 1.338913e+00 -3.511961e-19 2.692844e-01 5.694346e-03 -1.528232e-19 2.130947e+00 1.673525e+00 -8.645085e-19 1.365706e-01 3.532401e-02 -1.498191e-19 1.657828e+00 1.602321e+00 -6.301489e-19 3.365483e-01 3.587948e-02 -8.454061e-20 2.323586e+00 1.872866e+00 -7.018604e-19 1.365706e-01 3.532401e-02 -1.498191e-19 1.766229e+00 1.752662e+00 -3.960088e-19 4.207858e-01 8.488025e-02 -1.560325e-19 2.467092e+00 2.112373e+00 -7.055547e-19 1.365706e-01 3.532401e-02 -1.498191e-19 1.791738e+00 1.973657e+00 -3.960088e-19 5.387841e-01 1.033923e-01 -1.597269e-19 2.554206e+00 2.321368e+00 -7.018247e-19 1.365706e-01 3.532401e-02 -1.498191e-19 1.791738e+00 2.182652e+00 -3.960088e-19 6.258975e-01 1.033923e-01 -1.559968e-19 2.638783e+00 2.505185e+00 -7.018202e-19 1.365706e-01 3.532401e-02 -1.498191e-19 1.791738e+00 2.366469e+00 -3.960088e-19 7.104747e-01 1.033923e-01 -1.559924e-19 2.725501e+00 2.666741e+00 -7.018202e-19 1.365706e-01 3.532401e-02 -1.498191e-19 1.791738e+00 2.528025e+00 -3.960088e-19 7.971927e-01 1.033923e-01 -1.559924e-19 2.820808e+00 2.804559e+00 -7.018204e-19 1.365706e-01 3.532401e-02 -1.498191e-19 1.791738e+00 2.665842e+00 -3.960088e-19 8.924998e-01 1.033923e-01 -1.559926e-19 2.966711e+00 2.974310e+00 -4.912066e-19 1.365706e-01 3.532401e-02 -1.498191e-19 1.840971e+00 2.869697e+00 -6.917060e-20 9.891693e-01 6.928925e-02 -2.722169e-19 3.043261e+00 3.081257e+00 -2.537905e-19 1.365706e-01 3.532401e-02 -1.498191e-19 1.873357e+00 2.992688e+00 2.188284e-19 1.033334e+00 5.324508e-02 -3.227998e-19 3.102964e+00 3.159631e+00 -9.520563e-20 1.365706e-01 3.532401e-02 -1.498191e-19 1.897134e+00 3.081659e+00 4.425345e-19 1.069260e+00 4.264801e-02 -3.879211e-19 3.143676e+00 3.210851e+00 1.132911e-20 1.365706e-01 3.532401e-02 -1.498191e-19 1.909114e+00 3.138135e+00 5.724191e-19 1.097991e+00 3.739252e-02 -4.112709e-19 3.152814e+00 3.239208e+00 5.081441e-20 1.365706e-01 3.532401e-02 -1.498191e-19 1.907871e+00 3.149893e+00 6.087178e-19 1.108373e+00 5.399185e-02 -4.080843e-19
191            5.086185e-01 2.126973e-01 -2.621959e-19 1.362829e-01 3.531273e-02 -1.497945e-19 2.917997e-01 1.392566e-01 -8.010394e-19 8.053603e-02 3.812802e-02 6.886380e-19 5.468653e-01 4.309434e-01 -1.110199e-19 1.362829e-01 3.531273e-02 -1.497945e-19 3.073402e-01 3.559370e-01 -5.904254e-19 1.032422e-01 3.969369e-02 6.292000e-19 3.425668e-01 4.082139e-01 -2.253899e-19 1.362829e-01 3.531273e-02 -1.497945e-19 8.313084e-02 3.448607e-01 -8.382993e-19 1.231531e-01 2.804045e-02 7.627039e-19 3.473914e-01 5.661616e-01 7.370299e-20 1.362829e-01 3.531273e-02 -1.497945e-19 6.881723e-02 5.028853e-01 -6.225416e-19 1.422913e-01 2.796348e-02 8.460390e-19 9.481257e-01 7.960404e-01 5.788892e-19 1.362829e-01 3.531273e-02 -1.497945e-19 6.391840e-01 7.526298e-01 -3.369027e-19 1.726589e-01 8.097916e-03 1.065586e-18 1.496930e+00 1.036255e+00 -3.496943e-19 1.362829e-01 3.531273e-02 -1.497945e-19 1.160116e+00 1.016087e+00 -1.249183e-19 2.005309e-01 -1.514456e-02 -7.498154e-20 1.763251e+00 1.188055e+00 -3.596886e-19 1.362829e-01 3.531273e-02 -1.497945e-19 1.400172e+00 1.165666e+00 -5.451992e-20 2.267959e-01 -1.292309e-02 -1.553742e-19 1.939990e+00 1.379130e+00 -6.533822e-19 1.362829e-01 3.531273e-02 -1.497945e-19 1.534242e+00 1.338155e+00 -3.510765e-19 2.694653e-01 5.662122e-03 -1.525113e-19 2.130685e+00 1.672538e+00 -8.641296e-19 1.362829e-01 3.531273e-02 -1.497945e-19 1.657745e+00 1.601420e+00 -6.301288e-19 3.366569e-01 3.580602e-02 -8.420631e-20 2.323279e+00 1.871738e+00 -7.014144e-19 1.362829e-01 3.531273e-02 -1.497945e-19 1.766181e+00 1.751673e+00 -3.959141e-19 4.208151e-01 8.475234e-02 -1.557059e-19 2.466674e+00 2.111098e+00 -7.051303e-19 1.362829e-01 3.531273e-02 -1.497945e-19 1.791686e+00 1.972540e+00 -3.959141e-19 5.387055e-01 1.032448e-01 -1.594217e-19 2.553722e+00 2.319965e+00 -7.013786e-19 1.362829e-01 3.531273e-02 -1.497945e-19 1.791686e+00 2.181408e+00 -3.959141e-19 6.257536e-01 1.032448e-01 -1.556701e-19 2.638248e+00 2.503670e+00 -7.013742e-19 1.362829e-01 3.531273e-02 -1.497945e-19 1.791686e+00 2.365112e+00 -3.959141e-19 7.102796e-01 1.032448e-01 -1.556656e-19 2.724926e+00 2.665129e+00 -7.013742e-19 1.362829e-01 3.531273e-02 -1.497945e-19 1.791686e+00 2.526571e+00 -3.959141e-19 7.969577e-01 1.032448e-01 -1.556656e-19 2.820207e+00 2.802874e+00 -7.013743e-19 1.362829e-01 3.531273e-02 -1.497945e-19 1.791686e+00 2.664316e+00 -3.959141e-19 8.922387e-01 1.032448e-01 -1.556658e-19 2.966081e+00 2.972573e+00 -4.909633e-19 1.362829e-01 3.531273e-02 -1.497945e-19 1.840884e+00 2.868129e+00 -6.934222e-20 9.889144e-01 6.913087e-02 -2.718266e-19 3.042626e+00 3.079472e+00 -2.537946e-19 1.362829e-01 3.531273e-02 -1.497945e-19 1.873236e+00 2.991098e+00 2.183662e-19 1.033107e+00 5.306083e-02 -3.223663e-19 3.102339e+00 3.157793e+00 -9.542309e-20 1.362829e-01 3.531273e-02 -1.497945e-19 1.896982e+00 3.080054e+00 4.417805e-19 1.069074e+00 4.242667e-02 -3.874092e-19 3.143067e+00 3.208981e+00 1.093375e-20 1.362829e-01 3.531273e-02 -1.497945e-19 1.908939e+00 3.136530e+00 5.714248e-19 1.097845e+00 3.713789e-02 -4.106966e-19 3.152152e+00 3.237314e+00 5.047981e-20 1.362829e-01 3.531273e-02 -1.497945e-19 1.907612e+00 3.148304e+00 6.077274e-19 1.108257e+00 5.369747e-02 -4.074532e-19
192            5.084455e-01 2.127906e-01 -2.622262e-19 1.359953e-01 3.530063e-02 -1.497687e-19 2.918321e-01 1.393297e-01 -8.012499e-19 8.061809e-02 3.816033e-02 6.887924e-19 5.467976e-01 4.309782e-01 -1.109800e-19 1.359953e-01 3.530063e-02 -1.497687e-19 3.073743e-01 3.559507e-01 -5.906134e-19 1.034280e-01 3.972682e-02 6.294021e-19 3.426692e-01 4.082008e-01 -2.252300e-19 1.359953e-01 3.530063e-02 -1.497687e-19 8.324833e-02 3.448384e-01 -8.383029e-19 1.234256e-01 2.806168e-02 7.628417e-19 3.475178e-01 5.660292e-01 7.392518e-20 1.359953e-01 3.530063e-02 -1.497687e-19 6.894824e-02 5.027449e-01 -6.225029e-19 1.425743e-01 2.798368e-02 8.461968e-19 9.480954e-01 7.957185e-01 5.791159e-19 1.359953e-01 3.530063e-02 -1.497687e-19 6.391639e-01 7.523143e-01 -3.367891e-19 1.729362e-01 8.103550e-03 1.065674e-18 1.496730e+00 1.035764e+00 -3.491679e-19 1.359953e-01 3.530063e-02 -1.497687e-19 1.159945e+00 1.015599e+00 -1.247334e-19 2.007899e-01 -1.513572e-02 -7.466578e-20 1.763017e+00 1.187406e+00 -3.591357e-19 1.359953e-01 3.530063e-02 -1.497687e-19 1.399995e+00 1.165030e+00 -5.430520e-20 2.270271e-01 -1.292480e-02 -1.550618e-19 1.939745e+00 1.378311e+00 -6.529169e-19 1.359953e-01 3.530063e-02 -1.497687e-19 1.534106e+00 1.337380e+00 -3.509472e-19 2.696440e-01 5.630364e-03 -1.522010e-19 2.130414e+00 1.671531e+00 -8.637415e-19 1.359953e-01 3.530063e-02 -1.497687e-19 1.657656e+00 1.600497e+00 -6.300990e-19 3.367633e-01 3.573314e-02 -8.387373e-20 2.322965e+00 1.870586e+00 -7.009592e-19 1.359953e-01 3.530063e-02 -1.497687e-19 1.766127e+00 1.750660e+00 -3.958095e-19 4.208419e-01 8.462499e-02 -1.553810e-19 2.466247e+00 2.109796e+00 -7.046965e-19 1.359953e-01 3.530063e-02 -1.497687e-19 1.791628e+00 1.971398e+00 -3.958095e-19 5.386241e-01 1.030978e-01 -1.591183e-19 2.553230e+00 2.318535e+00 -7.009233e-19 1.359953e-01 3.530063e-02 -1.497687e-19 1.791628e+00 2.180137e+00 -3.958095e-19 6.256065e-01 1.030978e-01 -1.553451e-19 2.637704e+00 2.502125e+00 -7.009188e-19 1.359953e-01 3.530063e-02 -1.497687e-19 1.791628e+00 2.363727e+00 -3.958095e-19 7.100811e-01 1.030978e-01 -1.553406e-19 2.724342e+00 2.663487e+00 -7.009188e-19 1.359953e-01 3.530063e-02 -1.497687e-19 1.791628e+00 2.525089e+00 -3.958095e-19 7.967191e-01 1.030978e-01 -1.553406e-19 2.819597e+00 2.801158e+00 -7.009190e-19 1.359953e-01 3.530063e-02 -1.497687e-19 1.791628e+00 2.662760e+00 -3.958095e-19 8.919735e-01 1.030978e-01 -1.553408e-19 2.965440e+00 2.970804e+00 -4.907113e-19 1.359953e-01 3.530063e-02 -1.497687e-19 1.840790e+00 2.866530e+00 -6.950493e-20 9.886548e-01 6.897327e-02 -2.714377e-19 3.041979e+00 3.077655e+00 -2.537912e-19 1.359953e-01 3.530063e-02 -1.497687e-19 1.873109e+00 2.989477e+00 2.179115e-19 1.032874e+00 5.287760e-02 -3.219340e-19 3.101701e+00 3.155923e+00 -9.563409e-20 1.359953e-01 3.530063e-02 -1.497687e-19 1.896823e+00 3.078416e+00 4.410326e-19 1.068883e+00 4.220657e-02 -3.868980e-19 3.142445e+00 3.207077e+00 1.054372e-20 1.359953e-01 3.530063e-02 -1.497687e-19 1.908758e+00 3.134892e+00 5.704351e-19 1.097692e+00 3.688459e-02 -4.101226e-19 3.151477e+00 3.235386e+00 5.015014e-20 1.359953e-01 3.530063e-02 -1.497687e-19 1.907347e+00 3.146682e+00 6.067412e-19 1.108134e+00 5.340401e-02 -4.068223e-19
193            5.082707e-01 2.128803e-01 -2.622557e-19 1.357079e-01 3.528772e-02 -1.497420e-19 2.918646e-01 1.394005e-01 -8.014546e-19 8.069819e-02 3.819207e-02 6.889408e-19 5.467278e-01 4.310072e-01 -1.109375e-19 1.357079e-01 3.528772e-02 -1.497420e-19 3.074085e-01 3.559601e-01 -5.907950e-19 1.036114e-01 3.975938e-02 6.295994e-19 3.427709e-01 4.081809e-01 -2.250655e-19 1.357079e-01 3.528772e-02 -1.497420e-19 8.336744e-02 3.448106e-01 -8.382969e-19 1.236955e-01 2.808254e-02 7.629734e-19 3.476438e-01 5.658882e-01 7.415231e-20 1.357079e-01 3.528772e-02 -1.497420e-19 6.908109e-02 5.025969e-01 -6.224543e-19 1.428547e-01 2.800353e-02 8.463486e-19 9.480612e-01 7.953852e-01 5.793457e-19 1.357079e-01 3.528772e-02 -1.497420e-19 6.391423e-01 7.519884e-01 -3.366653e-19 1.732110e-01 8.109135e-03 1.065753e-18 1.496523e+00 1.035259e+00 -3.486326e-19 1.357079e-01 3.528772e-02 -1.497420e-19 1.159768e+00 1.015098e+00 -1.245384e-19 2.010464e-01 -1.512672e-02 -7.435227e-20 1.762775e+00 1.186741e+00 -3.585736e-19 1.357079e-01 3.528772e-02 -1.497420e-19 1.399811e+00 1.164380e+00 -5.408042e-20 2.272560e-01 -1.292623e-02 -1.547512e-19 1.939494e+00 1.377474e+00 -6.524424e-19 1.357079e-01 3.528772e-02 -1.497420e-19 1.533965e+00 1.336587e+00 -3.508079e-19 2.698205e-01 5.599076e-03 -1.518926e-19 2.130137e+00 1.670503e+00 -8.633443e-19 1.357079e-01 3.528772e-02 -1.497420e-19 1.657561e+00 1.599554e+00 -6.300595e-19 3.368675e-01 3.566084e-02 -8.354285e-20 2.322642e+00 1.869411e+00 -7.004946e-19 1.357079e-01 3.528772e-02 -1.497420e-19 1.766068e+00 1.749625e+00 -3.956947e-19 4.208663e-01 8.449822e-02 -1.550579e-19 2.465813e+00 2.108469e+00 -7.042535e-19 1.357079e-01 3.528772e-02 -1.497420e-19 1.791565e+00 1.970230e+00 -3.956947e-19 5.385398e-01 1.029514e-01 -1.588168e-19 2.552729e+00 2.317078e+00 -7.004587e-19 1.357079e-01 3.528772e-02 -1.497420e-19 1.791565e+00 2.178839e+00 -3.956947e-19 6.254563e-01 1.029514e-01 -1.550220e-19 2.637152e+00 2.500552e+00 -7.004542e-19 1.357079e-01 3.528772e-02 -1.497420e-19 1.791565e+00 2.362313e+00 -3.956947e-19 7.098791e-01 1.029514e-01 -1.550175e-19 2.723750e+00 2.661816e+00 -7.004542e-19 1.357079e-01 3.528772e-02 -1.497420e-19 1.791565e+00 2.523577e+00 -3.956947e-19 7.964768e-01 1.029514e-01 -1.550175e-19 2.818977e+00 2.799412e+00 -7.004543e-19 1.357079e-01 3.528772e-02 -1.497420e-19 1.791565e+00 2.661173e+00 -3.956947e-19 8.917043e-01 1.029514e-01 -1.550177e-19 2.964790e+00 2.969005e+00 -4.904508e-19 1.357079e-01 3.528772e-02 -1.497420e-19 1.840691e+00 2.864900e+00 -6.965868e-20 9.883905e-01 6.881645e-02 -2.710501e-19 3.041322e+00 3.075806e+00 -2.537805e-19 1.357079e-01 3.528772e-02 -1.497420e-19 1.872977e+00 2.987823e+00 2.174642e-19 1.032636e+00 5.269541e-02 -3.215028e-19 3.101053e+00 3.154021e+00 -9.583897e-20 1.357079e-01 3.528772e-02 -1.497420e-19 1.896659e+00 3.076746e+00 4.402904e-19 1.068686e+00 4.198773e-02 -3.863874e-19 3.141813e+00 3.205142e+00 1.015844e-20 1.357079e-01 3.528772e-02 -1.497420e-19 1.908572e+00 3.133221e+00 5.694493e-19 1.097533e+00 3.663265e-02 -4.095489e-19 3.150790e+00 3.233426e+00 4.982490e-20 1.357079e-01 3.528772e-02 -1.497420e-19 1.907076e+00 3.145026e+00 6.057584e-19 1.108006e+00 5.311147e-02 -4.061915e-19
194            5.080944e-01 2.129664e-01 -2.622846e-19 1.354208e-01 3.527401e-02 -1.497142e-19 2.918972e-01 1.394691e-01 -8.016540e-19 8.077634e-02 3.822325e-02 6.890836e-19 5.466562e-01 4.310305e-01 -1.108925e-19 1.354208e-01 3.527401e-02 -1.497142e-19 3.074429e-01 3.559652e-01 -5.909705e-19 1.037924e-01 3.979137e-02 6.297921e-19 3.428721e-01 4.081544e-01 -2.248964e-19 1.354208e-01 3.527401e-02 -1.497142e-19 8.348830e-02 3.447774e-01 -8.382815e-19 1.239630e-01 2.810302e-02 7.630993e-19 3.477695e-01 5.657385e-01 7.438465e-20 1.354208e-01 3.527401e-02 -1.497142e-19 6.921593e-02 5.024414e-01 -6.223958e-19 1.431327e-01 2.802303e-02 8.464947e-19 9.480236e-01 7.950408e-01 5.795791e-19 1.354208e-01 3.527401e-02 -1.497142e-19 6.391195e-01 7.516521e-01 -3.365313e-19 1.734833e-01 8.114676e-03 1.065825e-18 1.496309e+00 1.034740e+00 -3.480883e-19 1.354208e-01 3.527401e-02 -1.497142e-19 1.159588e+00 1.014584e+00 -1.243331e-19 2.013004e-01 -1.511755e-02 -7.404095e-20 1.762527e+00 1.186061e+00 -3.580019e-19 1.354208e-01 3.527401e-02 -1.497142e-19 1.399623e+00 1.163715e+00 -5.384533e-20 2.274825e-01 -1.292736e-02 -1.544423e-19 1.939236e+00 1.376619e+00 -6.519587e-19 1.354208e-01 3.527401e-02 -1.497142e-19 1.533820e+00 1.335777e+00 -3.506587e-19 2.699949e-01 5.568258e-03 -1.515858e-19 2.129853e+00 1.669454e+00 -8.629381e-19 1.354208e-01 3.527401e-02 -1.497142e-19 1.657462e+00 1.598591e+00 -6.300103e-19 3.369696e-01 3.558913e-02 -8.321359e-20 2.322314e+00 1.868212e+00 -7.000207e-19 1.354208e-01 3.527401e-02 -1.497142e-19 1.766005e+00 1.748566e+00 -3.955698e-19 4.208882e-01 8.437204e-02 -1.547367e-19 2.465371e+00 2.107117e+00 -7.038011e-19 1.354208e-01 3.527401e-02 -1.497142e-19 1.791498e+00 1.969038e+00 -3.955698e-19 5.384528e-01 1.028055e-01 -1.585171e-19 2.552222e+00 2.315594e+00 -6.999847e-19 1.354208e-01 3.527401e-02 -1.497142e-19 1.791498e+00 2.177514e+00 -3.955698e-19 6.253030e-01 1.028055e-01 -1.547007e-19 2.636593e+00 2.498951e+00 -6.999802e-19 1.354208e-01 3.527401e-02 -1.497142e-19 1.791498e+00 2.360872e+00 -3.955698e-19 7.096739e-01 1.028055e-01 -1.546961e-19 2.723150e+00 2.660116e+00 -6.999802e-19 1.354208e-01 3.527401e-02 -1.497142e-19 1.791498e+00 2.522036e+00 -3.955698e-19 7.962310e-01 1.028055e-01 -1.546961e-19 2.818350e+00 2.797637e+00 -6.999803e-19 1.354208e-01 3.527401e-02 -1.497142e-19 1.791498e+00 2.659557e+00 -3.955698e-19 8.914314e-01 1.028055e-01 -1.546963e-19 2.964131e+00 2.967174e+00 -4.901818e-19 1.354208e-01 3.527401e-02 -1.497142e-19 1.840588e+00 2.863239e+00 -6.980368e-20 9.881219e-01 6.866044e-02 -2.706639e-19 3.040655e+00 3.073926e+00 -2.537628e-19 1.354208e-01 3.527401e-02 -1.497142e-19 1.872841e+00 2.986137e+00 2.170238e-19 1.032394e+00 5.251427e-02 -3.210724e-19 3.100394e+00 3.152087e+00 -9.603864e-20 1.354208e-01 3.527401e-02 -1.497142e-19 1.896490e+00 3.075043e+00 4.395526e-19 1.068484e+00 4.177016e-02 -3.858770e-19 3.141169e+00 3.203174e+00 9.776562e-21 1.354208e-01 3.527401e-02 -1.497142e-19 1.908380e+00 3.131518e+00 5.684657e-19 1.097369e+00 3.638207e-02 -4.089750e-19 3.150093e+00 3.231432e+00 4.950291e-20 1.354208e-01 3.527401e-02 -1.497142e-19 1.906800e+00 3.143338e+00 6.047774e-19 1.107873e+00 5.281989e-02 -4.055603e-19
195            5.079167e-01 2.130490e-01 -2.623131e-19 1.351339e-01 3.525949e-02 -1.496855e-19 2.919302e-01 1.395356e-01 -8.018485e-19 8.085258e-02 3.825388e-02 6.892209e-19 5.465828e-01 4.310484e-01 -1.108450e-19 1.351339e-01 3.525949e-02 -1.496855e-19 3.074778e-01 3.559661e-01 -5.911402e-19 1.039711e-01 3.982282e-02 6.299807e-19 3.429728e-01 4.081214e-01 -2.247226e-19 1.351339e-01 3.525949e-02 -1.496855e-19 8.361102e-02 3.447388e-01 -8.382569e-19 1.242279e-01 2.812314e-02 7.632198e-19 3.478950e-01 5.655802e-01 7.462233e-20 1.351339e-01 3.525949e-02 -1.496855e-19 6.935284e-02 5.022785e-01 -6.223277e-19 1.434082e-01 2.804218e-02 8.466356e-19 9.479826e-01 7.946853e-01 5.798166e-19 1.351339e-01 3.525949e-02 -1.496855e-19 6.390956e-01 7.513056e-01 -3.363872e-19 1.737531e-01 8.120178e-03 1.065889e-18 1.496090e+00 1.034209e+00 -3.475348e-19 1.351339e-01 3.525949e-02 -1.496855e-19 1.159404e+00 1.014057e+00 -1.241175e-19 2.015520e-01 -1.510821e-02 -7.373176e-20 1.762272e+00 1.185366e+00 -3.574206e-19 1.351339e-01 3.525949e-02 -1.496855e-19 1.399431e+00 1.163035e+00 -5.359990e-20 2.277067e-01 -1.292822e-02 -1.541352e-19 1.938971e+00 1.375747e+00 -6.514659e-19 1.351339e-01 3.525949e-02 -1.496855e-19 1.533670e+00 1.334949e+00 -3.504996e-19 2.701672e-01 5.537915e-03 -1.512808e-19 2.129563e+00 1.668385e+00 -8.625231e-19 1.351339e-01 3.525949e-02 -1.496855e-19 1.657360e+00 1.597607e+00 -6.299517e-19 3.370695e-01 3.551803e-02 -8.288590e-20 2.321980e+00 1.866991e+00 -6.995375e-19 1.351339e-01 3.525949e-02 -1.496855e-19 1.765938e+00 1.747485e+00 -3.954348e-19 4.209079e-01 8.424649e-02 -1.544172e-19 2.464924e+00 2.105740e+00 -7.033396e-19 1.351339e-01 3.525949e-02 -1.496855e-19 1.791427e+00 1.967821e+00 -3.954348e-19 5.383632e-01 1.026603e-01 -1.582193e-19 2.551708e+00 2.314083e+00 -6.995015e-19 1.351339e-01 3.525949e-02 -1.496855e-19 1.791427e+00 2.176163e+00 -3.954348e-19 6.251468e-01 1.026603e-01 -1.543812e-19 2.636027e+00 2.497322e+00 -6.994969e-19 1.351339e-01 3.525949e-02 -1.496855e-19 1.791427e+00 2.359402e+00 -3.954348e-19 7.094655e-01 1.026603e-01 -1.543766e-19 2.722543e+00 2.658387e+00 -6.994969e-19 1.351339e-01 3.525949e-02 -1.496855e-19 1.791427e+00 2.520467e+00 -3.954348e-19 7.959818e-01 1.026603e-01 -1.543766e-19 2.817716e+00 2.795831e+00 -6.994971e-19 1.351339e-01 3.525949e-02 -1.496855e-19 1.791427e+00 2.657911e+00 -3.954348e-19 8.911547e-01 1.026603e-01 -1.543768e-19 2.963465e+00 2.965313e+00 -4.899047e-19 1.351339e-01 3.525949e-02 -1.496855e-19 1.840482e+00 2.861548e+00 -6.994039e-20 9.878489e-01 6.850525e-02 -2.702788e-19 3.039981e+00 3.072014e+00 -2.537391e-19 1.351339e-01 3.525949e-02 -1.496855e-19 1.872700e+00 2.984420e+00 2.165892e-19 1.032146e+00 5.233419e-02 -3.206428e-19 3.099727e+00 3.150122e+00 -9.623445e-20 1.351339e-01 3.525949e-02 -1.496855e-19 1.896317e+00 3.073308e+00 4.388176e-19 1.068276e+00 4.155388e-02 -3.853665e-19 3.140516e+00 3.201174e+00 9.396097e-21 1.351339e-01 3.525949e-02 -1.496855e-19 1.908184e+00 3.129782e+00 5.674819e-19 1.097199e+00 3.613288e-02 -4.084003e-19 3.149385e+00 3.229406e+00 4.918244e-20 1.351339e-01 3.525949e-02 -1.496855e-19 1.906518e+00 3.141617e+00 6.037960e-19 1.107733e+00 5.252930e-02 -4.049281e-19
196            5.077378e-01 2.131281e-01 -2.623412e-19 1.348472e-01 3.524419e-02 -1.496559e-19 2.919636e-01 1.395999e-01 -8.020384e-19 8.092692e-02 3.828397e-02 6.893531e-19 5.465078e-01 4.310609e-01 -1.107949e-19 1.348472e-01 3.524419e-02 -1.496559e-19 3.075130e-01 3.559630e-01 -5.913043e-19 1.041475e-01 3.985371e-02 6.301653e-19 3.430732e-01 4.080820e-01 -2.245443e-19 1.348472e-01 3.524419e-02 -1.496559e-19 8.373558e-02 3.446949e-01 -8.382235e-19 1.244904e-01 2.814291e-02 7.633351e-19 3.480203e-01 5.654136e-01 7.486527e-20 1.348472e-01 3.524419e-02 -1.496559e-19 6.949183e-02 5.021084e-01 -6.222502e-19 1.436813e-01 2.806101e-02 8.467714e-19 9.479386e-01 7.943190e-01 5.800580e-19 1.348472e-01 3.524419e-02 -1.496559e-19 6.390708e-01 7.509492e-01 -3.362332e-19 1.740205e-01 8.125648e-03 1.065947e-18 1.495865e+00 1.033664e+00 -3.469724e-19 1.348472e-01 3.524419e-02 -1.496559e-19 1.159216e+00 1.013519e+00 -1.238917e-19 2.018011e-01 -1.509870e-02 -7.342471e-20 1.762011e+00 1.184655e+00 -3.568300e-19 1.348472e-01 3.524419e-02 -1.496559e-19 1.399235e+00 1.162340e+00 -5.334424e-20 2.279287e-01 -1.292878e-02 -1.538298e-19 1.938702e+00 1.374858e+00 -6.509641e-19 1.348472e-01 3.524419e-02 -1.496559e-19 1.533517e+00 1.334105e+00 -3.503307e-19 2.703374e-01 5.508050e-03 -1.509775e-19 2.129268e+00 1.667296e+00 -8.620996e-19 1.348472e-01 3.524419e-02 -1.496559e-19 1.657253e+00 1.596604e+00 -6.298839e-19 3.371673e-01 3.544754e-02 -8.255981e-20 2.321641e+00 1.865748e+00 -6.990453e-19 1.348472e-01 3.524419e-02 -1.496559e-19 1.765868e+00 1.746383e+00 -3.952898e-19 4.209253e-01 8.412157e-02 -1.540996e-19 2.464472e+00 2.104339e+00 -7.028691e-19 1.348472e-01 3.524419e-02 -1.496559e-19 1.791354e+00 1.966579e+00 -3.952898e-19 5.382709e-01 1.025157e-01 -1.579233e-19 2.551189e+00 2.312547e+00 -6.990092e-19 1.348472e-01 3.524419e-02 -1.496559e-19 1.791354e+00 2.174787e+00 -3.952898e-19 6.249877e-01 1.025157e-01 -1.540635e-19 2.635455e+00 2.495666e+00 -6.990046e-19 1.348472e-01 3.524419e-02 -1.496559e-19 1.791354e+00 2.357906e+00 -3.952898e-19 7.092540e-01 1.025157e-01 -1.540589e-19 2.721930e+00 2.656629e+00 -6.990046e-19 1.348472e-01 3.524419e-02 -1.496559e-19 1.791354e+00 2.518869e+00 -3.952898e-19 7.957293e-01 1.025157e-01 -1.540589e-19 2.817075e+00 2.793996e+00 -6.990048e-19 1.348472e-01 3.524419e-02 -1.496559e-19 1.791354e+00 2.656236e+00 -3.952898e-19 8.908745e-01 1.025157e-01 -1.540590e-19 2.962791e+00 2.963421e+00 -4.896200e-19 1.348472e-01 3.524419e-02 -1.496559e-19 1.840372e+00 2.859826e+00 -7.006929e-20 9.875716e-01 6.835092e-02 -2.698948e-19 3.039297e+00 3.070073e+00 -2.537102e-19 1.348472e-01 3.524419e-02 -1.496559e-19 1.872556e+00 2.982673e+00 2.161595e-19 1.031894e+00 5.215520e-02 -3.202137e-19 3.099050e+00 3.148125e+00 -9.642782e-20 1.348472e-01 3.524419e-02 -1.496559e-19 1.896139e+00 3.071542e+00 4.380836e-19 1.068063e+00 4.133890e-02 -3.848555e-19 3.139854e+00 3.199143e+00 9.015041e-21 1.348472e-01 3.524419e-02 -1.496559e-19 1.907983e+00 3.128014e+00 5.664953e-19 1.097023e+00 3.588509e-02 -4.078243e-19 3.148666e+00 3.227349e+00 4.886182e-20 1.348472e-01 3.524419e-02 -1.496559e-19 1.906231e+00 3.139865e+00 6.028119e-19 1.107588e+00 5.223971e-02 -4.042942e-19
197            5.075575e-01 2.132038e-01 -2.623689e-19 1.345608e-01 3.522809e-02 -1.496254e-19 2.919973e-01 1.396622e-01 -8.022235e-19 8.099939e-02 3.831353e-02 6.894800e-19 5.464311e-01 4.310681e-01 -1.107424e-19 1.345608e-01 3.522809e-02 -1.496254e-19 3.075487e-01 3.559559e-01 -5.914628e-19 1.043216e-01 3.988408e-02 6.303458e-19 3.431731e-01 4.080364e-01 -2.243617e-19 1.345608e-01 3.522809e-02 -1.496254e-19 8.386189e-02 3.446460e-01 -8.381815e-19 1.247504e-01 2.816232e-02 7.634452e-19 3.481455e-01 5.652388e-01 7.511322e-20 1.345608e-01 3.522809e-02 -1.496254e-19 6.963278e-02 5.019312e-01 -6.221635e-19 1.439519e-01 2.807951e-02 8.469021e-19 9.478914e-01 7.939422e-01 5.803031e-19 1.345608e-01 3.522809e-02 -1.496254e-19 6.390451e-01 7.505830e-01 -3.360695e-19 1.742855e-01 8.131093e-03 1.065998e-18 1.495634e+00 1.033107e+00 -3.464015e-19 1.345608e-01 3.522809e-02 -1.496254e-19 1.159025e+00 1.012968e+00 -1.236562e-19 2.020478e-01 -1.508902e-02 -7.311988e-20 1.761744e+00 1.183931e+00 -3.562304e-19 1.345608e-01 3.522809e-02 -1.496254e-19 1.399035e+00 1.161632e+00 -5.307873e-20 2.281484e-01 -1.292905e-02 -1.535263e-19 1.938426e+00 1.373952e+00 -6.504539e-19 1.345608e-01 3.522809e-02 -1.496254e-19 1.533360e+00 1.333245e+00 -3.501524e-19 2.705055e-01 5.478668e-03 -1.506760e-19 2.128967e+00 1.666187e+00 -8.616679e-19 1.345608e-01 3.522809e-02 -1.496254e-19 1.657143e+00 1.595582e+00 -6.298071e-19 3.372631e-01 3.537767e-02 -8.223540e-20 2.321296e+00 1.864484e+00 -6.985445e-19 1.345608e-01 3.522809e-02 -1.496254e-19 1.765795e+00 1.745259e+00 -3.951352e-19 4.209404e-01 8.399731e-02 -1.537838e-19 2.464014e+00 2.102915e+00 -7.023900e-19 1.345608e-01 3.522809e-02 -1.496254e-19 1.791277e+00 1.965315e+00 -3.951352e-19 5.381761e-01 1.023717e-01 -1.576293e-19 2.550664e+00 2.310985e+00 -6.985083e-19 1.345608e-01 3.522809e-02 -1.496254e-19 1.791277e+00 2.173385e+00 -3.951352e-19 6.248258e-01 1.023717e-01 -1.537477e-19 2.634877e+00 2.493984e+00 -6.985037e-19 1.345608e-01 3.522809e-02 -1.496254e-19 1.791277e+00 2.356384e+00 -3.951352e-19 7.090394e-01 1.023717e-01 -1.537431e-19 2.721311e+00 2.654845e+00 -6.985037e-19 1.345608e-01 3.522809e-02 -1.496254e-19 1.791277e+00 2.517245e+00 -3.951352e-19 7.954736e-01 1.023717e-01 -1.537431e-19 2.816428e+00 2.792134e+00 -6.985038e-19 1.345608e-01 3.522809e-02 -1.496254e-19 1.791277e+00 2.654534e+00 -3.951352e-19 8.905907e-01 1.023717e-01 -1.537432e-19 2.962109e+00 2.961502e+00 -4.893281e-19 1.345608e-01 3.522809e-02 -1.496254e-19 1.840258e+00 2.858076e+00 -7.019080e-20 9.872903e-01 6.819744e-02 -2.695119e-19 3.038606e+00 3.068102e+00 -2.536768e-19 1.345608e-01 3.522809e-02 -1.496254e-19 1.872408e+00 2.980897e+00 2.157339e-19 1.031638e+00 5.197731e-02 -3.197853e-19 3.098364e+00 3.146100e+00 -9.661959e-20 1.345608e-01 3.522809e-02 -1.496254e-19 1.895957e+00 3.069746e+00 4.373497e-19 1.067846e+00 4.112525e-02 -3.843438e-19 3.139181e+00 3.197082e+00 8.632221e-21 1.345608e-01 3.522809e-02 -1.496254e-19 1.907778e+00 3.126216e+00 5.655046e-19 1.096843e+00 3.563873e-02 -4.072470e-19 3.147936e+00 3.225261e+00 4.854008e-20 1.345608e-01 3.522809e-02 -1.496254e-19 1.905937e+00 3.138082e+00 6.018239e-19 1.107438e+00 5.195116e-02 -4.036584e-19
198            5.073758e-01 2.132762e-01 -2.623961e-19 1.342746e-01 3.521122e-02 -1.495940e-19 2.920312e-01 1.397224e-01 -8.024037e-19 8.107001e-02 3.834256e-02 6.896016e-19 5.463526e-01 4.310702e-01 -1.106877e-19 1.342746e-01 3.521122e-02 -1.495940e-19 3.075846e-01 3.559450e-01 -5.916158e-19 1.044934e-01 3.991391e-02 6.305220e-19 3.432724e-01 4.079848e-01 -2.241750e-19 1.342746e-01 3.521122e-02 -1.495940e-19 8.398979e-02 3.445922e-01 -8.381308e-19 1.250080e-01 2.818141e-02 7.635498e-19 3.482702e-01 5.650563e-01 7.536571e-20 1.342746e-01 3.521122e-02 -1.495940e-19 6.977552e-02 5.017473e-01 -6.220678e-19 1.442200e-01 2.809769e-02 8.470275e-19 9.478409e-01 7.935554e-01 5.805513e-19 1.342746e-01 3.521122e-02 -1.495940e-19 6.390182e-01 7.502076e-01 -3.358967e-19 1.745480e-01 8.136522e-03 1.066042e-18 1.495397e+00 1.032538e+00 -3.458226e-19 1.342746e-01 3.521122e-02 -1.495940e-19 1.158830e+00 1.012406e+00 -1.234113e-19 2.022920e-01 -1.507915e-02 -7.281731e-20 1.761471e+00 1.183192e+00 -3.556226e-19 1.342746e-01 3.521122e-02 -1.495940e-19 1.398830e+00 1.160910e+00 -5.280399e-20 2.283658e-01 -1.292903e-02 -1.532246e-19 1.938145e+00 1.373031e+00 -6.499355e-19 1.342746e-01 3.521122e-02 -1.495940e-19 1.533199e+00 1.332370e+00 -3.499652e-19 2.706716e-01 5.449780e-03 -1.503764e-19 2.128661e+00 1.665061e+00 -8.612284e-19 1.342746e-01 3.521122e-02 -1.495940e-19 1.657029e+00 1.594541e+00 -6.297216e-19 3.373568e-01 3.530844e-02 -8.191275e-20 2.320946e+00 1.863199e+00 -6.980354e-19 1.342746e-01 3.521122e-02 -1.495940e-19 1.765718e+00 1.744114e+00 -3.949714e-19 4.209534e-01 8.387374e-02 -1.534701e-19 2.463550e+00 2.101468e+00 -7.019027e-19 1.342746e-01 3.521122e-02 -1.495940e-19 1.791196e+00 1.964029e+00 -3.949714e-19 5.380789e-01 1.022284e-01 -1.573373e-19 2.550132e+00 2.309400e+00 -6.979992e-19 1.342746e-01 3.521122e-02 -1.495940e-19 1.791196e+00 2.171961e+00 -3.949714e-19 6.246612e-01 1.022284e-01 -1.534339e-19 2.634293e+00 2.492277e+00 -6.979945e-19 1.342746e-01 3.521122e-02 -1.495940e-19 1.791196e+00 2.354837e+00 -3.949714e-19 7.088219e-01 1.022284e-01 -1.534292e-19 2.720686e+00 2.653035e+00 -6.979945e-19 1.342746e-01 3.521122e-02 -1.495940e-19 1.791196e+00 2.515595e+00 -3.949714e-19 7.952147e-01 1.022284e-01 -1.534292e-19 2.815774e+00 2.790245e+00 -6.979947e-19 1.342746e-01 3.521122e-02 -1.495940e-19 1.791196e+00 2.652806e+00 -3.949714e-19 8.903034e-01 1.022284e-01 -1.534293e-19 2.961420e+00 2.959555e+00 -4.890293e-19 1.342746e-01 3.521122e-02 -1.495940e-19 1.840141e+00 2.856299e+00 -7.030512e-20 9.870048e-01 6.804486e-02 -2.691302e-19 3.037906e+00 3.066104e+00 -2.536389e-19 1.342746e-01 3.521122e-02 -1.495940e-19 1.872255e+00 2.979092e+00 2.153126e-19 1.031376e+00 5.180055e-02 -3.193575e-19 3.097668e+00 3.144047e+00 -9.680971e-20 1.342746e-01 3.521122e-02 -1.495940e-19 1.895771e+00 3.067922e+00 4.366161e-19 1.067623e+00 4.091294e-02 -3.838318e-19 3.138498e+00 3.194994e+00 8.247787e-21 1.342746e-01 3.521122e-02 -1.495940e-19 1.907567e+00 3.124389e+00 5.645103e-19 1.096657e+00 3.539381e-02 -4.066685e-19 3.147194e+00 3.223145e+00 4.821744e-20 1.342746e-01 3.521122e-02 -1.495940e-19 1.905637e+00 3.136270e+00 6.008324e-19 1.107283e+00 5.166368e-02 -4.030210e-19
199            5.071924e-01 2.133453e-01 -2.624227e-19 1.339887e-01 3.519358e-02 -1.495615e-19 2.920650e-01 1.397807e-01 -8.025786e-19 8.113878e-02 3.837108e-02 6.897174e-19 5.462720e-01 4.310672e-01 -1.106309e-19 1.339887e-01 3.519358e-02 -1.495615e-19 3.076205e-01 3.559303e-01 -5.917629e-19 1.046629e-01 3.994323e-02 6.306936e-19 3.433707e-01 4.079275e-01 -2.239844e-19 1.339887e-01 3.519358e-02 -1.495615e-19 8.411902e-02 3.445337e-01 -8.380715e-19 1.252630e-01 2.820017e-02 7.636487e-19 3.483942e-01 5.648662e-01 7.562213e-20 1.339887e-01 3.519358e-02 -1.495615e-19 6.991980e-02 5.015570e-01 -6.219635e-19 1.444857e-01 2.811557e-02 8.471471e-19 9.477864e-01 7.931588e-01 5.808016e-19 1.339887e-01 3.519358e-02 -1.495615e-19 6.389898e-01 7.498233e-01 -3.357152e-19 1.748080e-01 8.141949e-03 1.066078e-18 1.495153e+00 1.031958e+00 -3.452366e-19 1.339887e-01 3.519358e-02 -1.495615e-19 1.158631e+00 1.011833e+00 -1.231580e-19 2.025338e-01 -1.506909e-02 -7.251700e-20 1.761190e+00 1.182440e+00 -3.550071e-19 1.339887e-01 3.519358e-02 -1.495615e-19 1.398621e+00 1.160175e+00 -5.252086e-20 2.285809e-01 -1.292869e-02 -1.529247e-19 1.937857e+00 1.372094e+00 -6.494095e-19 1.339887e-01 3.519358e-02 -1.495615e-19 1.533032e+00 1.331479e+00 -3.497695e-19 2.708355e-01 5.421395e-03 -1.500785e-19 2.128348e+00 1.663917e+00 -8.607811e-19 1.339887e-01 3.519358e-02 -1.495615e-19 1.656911e+00 1.593483e+00 -6.296277e-19 3.374484e-01 3.523987e-02 -8.159187e-20 2.320589e+00 1.861895e+00 -6.975185e-19 1.339887e-01 3.519358e-02 -1.495615e-19 1.765636e+00 1.742951e+00 -3.947988e-19 4.209641e-01 8.375088e-02 -1.531581e-19 2.463079e+00 2.100000e+00 -7.014075e-19 1.339887e-01 3.519358e-02 -1.495615e-19 1.791111e+00 1.962721e+00 -3.947988e-19 5.379791e-01 1.020859e-01 -1.570472e-19 2.549593e+00 2.307793e+00 -6.974823e-19 1.339887e-01 3.519358e-02 -1.495615e-19 1.791111e+00 2.170513e+00 -3.947988e-19 6.244938e-01 1.020859e-01 -1.531219e-19 2.633701e+00 2.490547e+00 -6.974776e-19 1.339887e-01 3.519358e-02 -1.495615e-19 1.791111e+00 2.353267e+00 -3.947988e-19 7.086014e-01 1.020859e-01 -1.531172e-19 2.720052e+00 2.651201e+00 -6.974776e-19 1.339887e-01 3.519358e-02 -1.495615e-19 1.791111e+00 2.513921e+00 -3.947988e-19 7.949525e-01 1.020859e-01 -1.531172e-19 2.815112e+00 2.788331e+00 -6.974777e-19 1.339887e-01 3.519358e-02 -1.495615e-19 1.791111e+00 2.651052e+00 -3.947988e-19 8.900126e-01 1.020859e-01 -1.531173e-19 2.960722e+00 2.957583e+00 -4.887237e-19 1.339887e-01 3.519358e-02 -1.495615e-19 1.840018e+00 2.854497e+00 -7.041225e-20 9.867152e-01 6.789320e-02 -2.687499e-19 3.037196e+00 3.064080e+00 -2.535960e-19 1.339887e-01 3.519358e-02 -1.495615e-19 1.872097e+00 2.977262e+00 2.148961e-19 1.031110e+00 5.162493e-02 -3.189306e-19 3.096963e+00 3.141967e+00 -9.699716e-20 1.339887e-01 3.519358e-02 -1.495615e-19 1.895578e+00 3.066071e+00 4.358842e-19 1.067395e+00 4.070200e-02 -3.833198e-19 3.137804e+00 3.192879e+00 7.863278e-21 1.339887e-01 3.519358e-02 -1.495615e-19 1.907350e+00 3.122535e+00 5.635142e-19 1.096465e+00 3.515038e-02 -4.060894e-19 3.146439e+00 3.221002e+00 4.789525e-20 1.339887e-01 3.519358e-02 -1.495615e-19 1.905329e+00 3.134431e+00 5.998393e-19 1.107122e+00 5.137733e-02 -4.023825e-19
200            5.070071e-01 2.134113e-01 -2.624484e-19 1.337030e-01 3.517517e-02 -1.495280e-19 2.920984e-01 1.398370e-01 -8.027476e-19 8.120571e-02 3.839909e-02 6.898272e-19 5.461889e-01 4.310591e-01 -1.105722e-19 1.337030e-01 3.517517e-02 -1.495280e-19 3.076559e-01 3.559119e-01 -5.919042e-19 1.048301e-01 3.997205e-02 6.308601e-19 3.434680e-01 4.078645e-01 -2.237903e-19 1.337030e-01 3.517517e-02 -1.495280e-19 8.424935e-02 3.444708e-01 -8.380035e-19 1.255156e-01 2.821861e-02 7.637412e-19 3.485173e-01 5.646688e-01 7.588181e-20 1.337030e-01 3.517517e-02 -1.495280e-19 7.006536e-02 5.013604e-01 -6.218505e-19 1.447489e-01 2.813316e-02 8.472604e-19 9.477276e-01 7.927529e-01 5.810529e-19 1.337030e-01 3.517517e-02 -1.495280e-19 6.389591e-01 7.494303e-01 -3.355255e-19 1.750655e-01 8.147382e-03 1.066107e-18 1.494902e+00 1.031366e+00 -3.446439e-19 1.337030e-01 3.517517e-02 -1.495280e-19 1.158426e+00 1.011250e+00 -1.228971e-19 2.027730e-01 -1.505881e-02 -7.221879e-20 1.760902e+00 1.181675e+00 -3.543848e-19 1.337030e-01 3.517517e-02 -1.495280e-19 1.398405e+00 1.159428e+00 -5.223026e-20 2.287936e-01 -1.292803e-02 -1.526265e-19 1.937560e+00 1.371143e+00 -6.488761e-19 1.337030e-01 3.517517e-02 -1.495280e-19 1.532860e+00 1.330574e+00 -3.495658e-19 2.709973e-01 5.393526e-03 -1.497823e-19 2.128026e+00 1.662755e+00 -8.603261e-19 1.337030e-01 3.517517e-02 -1.495280e-19 1.656785e+00 1.592408e+00 -6.295254e-19 3.375380e-01 3.517196e-02 -8.127264e-20 2.320223e+00 1.860572e+00 -6.969941e-19 1.337030e-01 3.517517e-02 -1.495280e-19 1.765548e+00 1.741768e+00 -3.946181e-19 4.209727e-01 8.362875e-02 -1.528479e-19 2.462599e+00 2.098512e+00 -7.009048e-19 1.337030e-01 3.517517e-02 -1.495280e-19 1.791019e+00 1.961393e+00 -3.946181e-19 5.378769e-01 1.019440e-01 -1.567587e-19 2.549046e+00 2.306163e+00 -6.969578e-19 1.337030e-01 3.517517e-02 -1.495280e-19 1.791019e+00 2.169044e+00 -3.946181e-19 6.243237e-01 1.019440e-01 -1.528116e-19 2.633100e+00 2.488793e+00 -6.969530e-19 1.337030e-01 3.517517e-02 -1.495280e-19 1.791019e+00 2.351674e+00 -3.946181e-19 7.083779e-01 1.019440e-01 -1.528069e-19 2.719409e+00 2.649342e+00 -6.969530e-19 1.337030e-01 3.517517e-02 -1.495280e-19 1.791019e+00 2.512223e+00 -3.946181e-19 7.946871e-01 1.019440e-01 -1.528069e-19 2.814440e+00 2.786393e+00 -6.969532e-19 1.337030e-01 3.517517e-02 -1.495280e-19 1.791019e+00 2.649274e+00 -3.946181e-19 8.897182e-01 1.019440e-01 -1.528070e-19 2.960014e+00 2.955586e+00 -4.884110e-19 1.337030e-01 3.517517e-02 -1.495280e-19 1.839889e+00 2.852669e+00 -7.051206e-20 9.864215e-01 6.774247e-02 -2.683709e-19 3.036476e+00 3.062031e+00 -2.535472e-19 1.337030e-01 3.517517e-02 -1.495280e-19 1.871933e+00 2.975405e+00 2.144855e-19 1.030840e+00 5.145049e-02 -3.185047e-19 3.096245e+00 3.139862e+00 -9.718021e-20 1.337030e-01 3.517517e-02 -1.495280e-19 1.895379e+00 3.064194e+00 4.351560e-19 1.067163e+00 4.049246e-02 -3.828082e-19 3.137098e+00 3.190738e+00 7.481225e-21 1.337030e-01 3.517517e-02 -1.495280e-19 1.907126e+00 3.120654e+00 5.625195e-19 1.096269e+00 3.490845e-02 -4.055102e-19 3.145672e+00 3.218832e+00 4.757576e-20 1.337030e-01 3.517517e-02 -1.495280e-19 1.905014e+00 3.132565e+00 5.988475e-19 1.106955e+00 5.109213e-02 -4.017437e-19
201            5.068194e-01 2.134740e-01 -2.624730e-19 1.334175e-01 3.515602e-02 -1.494934e-19 2.921310e-01 1.398914e-01 -8.029102e-19 8.127083e-02 3.842661e-02 6.899306e-19 5.461031e-01 4.310460e-01 -1.105116e-19 1.334175e-01 3.515602e-02 -1.494934e-19 3.076906e-01 3.558896e-01 -5.920392e-19 1.049950e-01 4.000037e-02 6.310210e-19 3.435638e-01 4.077961e-01 -2.235929e-19 1.334175e-01 3.515602e-02 -1.494934e-19 8.438053e-02 3.444033e-01 -8.379266e-19 1.257657e-01 2.823675e-02 7.638271e-19 3.486391e-01 5.644642e-01 7.614413e-20 1.334175e-01 3.515602e-02 -1.494934e-19 7.021195e-02 5.011577e-01 -6.217292e-19 1.450097e-01 2.815046e-02 8.473667e-19 9.476638e-01 7.923376e-01 5.813042e-19 1.334175e-01 3.515602e-02 -1.494934e-19 6.389258e-01 7.490288e-01 -3.353283e-19 1.753206e-01 8.152833e-03 1.066126e-18 1.494643e+00 1.030763e+00 -3.440452e-19 1.334175e-01 3.515602e-02 -1.494934e-19 1.158216e+00 1.010655e+00 -1.226293e-19 2.030098e-01 -1.504832e-02 -7.192247e-20 1.760604e+00 1.180897e+00 -3.537560e-19 1.334175e-01 3.515602e-02 -1.494934e-19 1.398182e+00 1.158668e+00 -5.193312e-20 2.290040e-01 -1.292704e-02 -1.523295e-19 1.937254e+00 1.370177e+00 -6.483355e-19 1.334175e-01 3.515602e-02 -1.494934e-19 1.532680e+00 1.329655e+00 -3.493549e-19 2.711570e-01 5.366181e-03 -1.494873e-19 2.127695e+00 1.661576e+00 -8.598633e-19 1.334175e-01 3.515602e-02 -1.494934e-19 1.656652e+00 1.591316e+00 -6.294150e-19 3.376254e-01 3.510473e-02 -8.095487e-20 2.319848e+00 1.859229e+00 -6.964622e-19 1.334175e-01 3.515602e-02 -1.494934e-19 1.765451e+00 1.740566e+00 -3.944298e-19 4.209790e-01 8.350737e-02 -1.525390e-19 2.462108e+00 2.097002e+00 -7.003946e-19 1.334175e-01 3.515602e-02 -1.494934e-19 1.790919e+00 1.960043e+00 -3.944298e-19 5.377722e-01 1.018029e-01 -1.564715e-19 2.548487e+00 2.304511e+00 -6.964258e-19 1.334175e-01 3.515602e-02 -1.494934e-19 1.790919e+00 2.167552e+00 -3.944298e-19 6.241508e-01 1.018029e-01 -1.525027e-19 2.632488e+00 2.487016e+00 -6.964211e-19 1.334175e-01 3.515602e-02 -1.494934e-19 1.790919e+00 2.350057e+00 -3.944298e-19 7.081514e-01 1.018029e-01 -1.524979e-19 2.718755e+00 2.647460e+00 -6.964211e-19 1.334175e-01 3.515602e-02 -1.494934e-19 1.790919e+00 2.510501e+00 -3.944298e-19 7.944185e-01 1.018029e-01 -1.524979e-19 2.813757e+00 2.784431e+00 -6.964212e-19 1.334175e-01 3.515602e-02 -1.494934e-19 1.790919e+00 2.647472e+00 -3.944298e-19 8.894204e-01 1.018029e-01 -1.524981e-19 2.959293e+00 2.953564e+00 -4.880907e-19 1.334175e-01 3.515602e-02 -1.494934e-19 1.839752e+00 2.850815e+00 -7.060428e-20 9.861238e-01 6.759271e-02 -2.679930e-19 3.035742e+00 3.059956e+00 -2.534913e-19 1.334175e-01 3.515602e-02 -1.494934e-19 1.871760e+00 2.973523e+00 2.140820e-19 1.030565e+00 5.127724e-02 -3.180799e-19 3.095514e+00 3.137731e+00 -9.735678e-20 1.334175e-01 3.515602e-02 -1.494934e-19 1.895172e+00 3.062290e+00 4.344339e-19 1.066925e+00 4.028433e-02 -3.822973e-19 3.136378e+00 3.188570e+00 7.104602e-21 1.334175e-01 3.515602e-02 -1.494934e-19 1.906894e+00 3.118746e+00 5.615295e-19 1.096067e+00 3.466805e-02 -4.049315e-19 3.144890e+00 3.216636e+00 4.726154e-20 1.334175e-01 3.515602e-02 -1.494934e-19 1.904689e+00 3.130672e+00 5.978602e-19 1.106784e+00 5.080813e-02 -4.011053e-19
202            5.066291e-01 2.135336e-01 -2.624963e-19 1.331323e-01 3.513612e-02 -1.494575e-19 2.921626e-01 1.399438e-01 -8.030658e-19 8.133414e-02 3.845365e-02 6.900271e-19 5.460141e-01 4.310277e-01 -1.104494e-19 1.331323e-01 3.513612e-02 -1.494575e-19 3.077242e-01 3.558634e-01 -5.921678e-19 1.051576e-01 4.002820e-02 6.311759e-19 3.436580e-01 4.077221e-01 -2.233922e-19 1.331323e-01 3.513612e-02 -1.494575e-19 8.451234e-02 3.443313e-01 -8.378404e-19 1.260134e-01 2.825459e-02 7.639057e-19 3.487595e-01 5.642524e-01 7.640853e-20 1.331323e-01 3.513612e-02 -1.494575e-19 7.035934e-02 5.009488e-01 -6.215994e-19 1.452679e-01 2.816749e-02 8.474655e-19 9.475944e-01 7.919131e-01 5.815545e-19 1.331323e-01 3.513612e-02 -1.494575e-19 6.388891e-01 7.486187e-01 -3.351240e-19 1.755731e-01 8.158307e-03 1.066136e-18 1.494374e+00 1.030149e+00 -3.434407e-19 1.331323e-01 3.513612e-02 -1.494575e-19 1.157998e+00 1.010050e+00 -1.223554e-19 2.032440e-01 -1.503761e-02 -7.162779e-20 1.760295e+00 1.180107e+00 -3.531213e-19 1.331323e-01 3.513612e-02 -1.494575e-19 1.397951e+00 1.157896e+00 -5.163028e-20 2.292120e-01 -1.292571e-02 -1.520335e-19 1.936937e+00 1.369196e+00 -6.477877e-19 1.331323e-01 3.513612e-02 -1.494575e-19 1.532490e+00 1.328721e+00 -3.491370e-19 2.713145e-01 5.339366e-03 -1.491932e-19 2.127352e+00 1.660380e+00 -8.593924e-19 1.331323e-01 3.513612e-02 -1.494575e-19 1.656509e+00 1.590206e+00 -6.292965e-19 3.377107e-01 3.503820e-02 -8.063830e-20 2.319460e+00 1.857868e+00 -6.959229e-19 1.331323e-01 3.513612e-02 -1.494575e-19 1.765345e+00 1.739345e+00 -3.942342e-19 4.209830e-01 8.338675e-02 -1.522312e-19 2.461606e+00 2.095472e+00 -6.998769e-19 1.331323e-01 3.513612e-02 -1.494575e-19 1.790809e+00 1.958673e+00 -3.942342e-19 5.376650e-01 1.016626e-01 -1.561852e-19 2.547916e+00 2.302837e+00 -6.958865e-19 1.331323e-01 3.513612e-02 -1.494575e-19 1.790809e+00 2.166038e+00 -3.942342e-19 6.239752e-01 1.016626e-01 -1.521948e-19 2.631863e+00 2.485216e+00 -6.958817e-19 1.331323e-01 3.513612e-02 -1.494575e-19 1.790809e+00 2.348417e+00 -3.942342e-19 7.079219e-01 1.016626e-01 -1.521900e-19 2.718088e+00 2.645554e+00 -6.958817e-19 1.331323e-01 3.513612e-02 -1.494575e-19 1.790809e+00 2.508755e+00 -3.942342e-19 7.941467e-01 1.016626e-01 -1.521900e-19 2.813060e+00 2.782443e+00 -6.958818e-19 1.331323e-01 3.513612e-02 -1.494575e-19 1.790809e+00 2.645645e+00 -3.942342e-19 8.891191e-01 1.016626e-01 -1.521901e-19 2.958559e+00 2.951516e+00 -4.877624e-19 1.331323e-01 3.513612e-02 -1.494575e-19 1.839604e+00 2.848936e+00 -7.068865e-20 9.858219e-01 6.744392e-02 -2.676163e-19 3.034995e+00 3.057855e+00 -2.534269e-19 1.331323e-01 3.513612e-02 -1.494575e-19 1.871577e+00 2.971614e+00 2.136868e-19 1.030285e+00 5.110520e-02 -3.176562e-19 3.094769e+00 3.135573e+00 -9.752486e-20 1.331323e-01 3.513612e-02 -1.494575e-19 1.894954e+00 3.060359e+00 4.337202e-19 1.066682e+00 4.007764e-02 -3.817876e-19 3.135643e+00 3.186376e+00 6.736263e-21 1.331323e-01 3.513612e-02 -1.494575e-19 1.906652e+00 3.116811e+00 5.605477e-19 1.095859e+00 3.442920e-02 -4.043539e-19 3.144094e+00 3.214413e+00 4.695511e-20 1.331323e-01 3.513612e-02 -1.494575e-19 1.904355e+00 3.128752e+00 5.968807e-19 1.106607e+00 5.052535e-02 -4.004680e-19
203            5.064359e-01 2.135900e-01 -2.625180e-19 1.328473e-01 3.511549e-02 -1.494203e-19 2.921929e-01 1.399943e-01 -8.032140e-19 8.139568e-02 3.848021e-02 6.901163e-19 5.459218e-01 4.310042e-01 -1.103855e-19 1.328473e-01 3.511549e-02 -1.494203e-19 3.077564e-01 3.558332e-01 -5.922897e-19 1.053180e-01 4.005556e-02 6.313245e-19 3.437504e-01 4.076425e-01 -2.231885e-19 1.328473e-01 3.511549e-02 -1.494203e-19 8.464457e-02 3.442549e-01 -8.377450e-19 1.262585e-01 2.827215e-02 7.639768e-19 3.488783e-01 5.640335e-01 7.667454e-20 1.328473e-01 3.511549e-02 -1.494203e-19 7.050732e-02 5.007338e-01 -6.214614e-19 1.455237e-01 2.818425e-02 8.475562e-19 9.475190e-01 7.914793e-01 5.818028e-19 1.328473e-01 3.511549e-02 -1.494203e-19 6.388486e-01 7.482000e-01 -3.349129e-19 1.758231e-01 8.163812e-03 1.066136e-18 1.494096e+00 1.029523e+00 -3.428310e-19 1.328473e-01 3.511549e-02 -1.494203e-19 1.157773e+00 1.009434e+00 -1.220761e-19 2.034757e-01 -1.502666e-02 -7.133455e-20 1.759975e+00 1.179303e+00 -3.524810e-19 1.328473e-01 3.511549e-02 -1.494203e-19 1.397710e+00 1.157112e+00 -5.132244e-20 2.294176e-01 -1.292404e-02 -1.517383e-19 1.936608e+00 1.368201e+00 -6.472328e-19 1.328473e-01 3.511549e-02 -1.494203e-19 1.532291e+00 1.327772e+00 -3.489125e-19 2.714698e-01 5.313083e-03 -1.488999e-19 2.126997e+00 1.659166e+00 -8.589132e-19 1.328473e-01 3.511549e-02 -1.494203e-19 1.656355e+00 1.589078e+00 -6.291700e-19 3.377939e-01 3.497235e-02 -8.032278e-20 2.319059e+00 1.856486e+00 -6.953762e-19 1.328473e-01 3.511549e-02 -1.494203e-19 1.765227e+00 1.738104e+00 -3.940317e-19 4.209849e-01 8.326691e-02 -1.519242e-19 2.461090e+00 2.093920e+00 -6.993516e-19 1.328473e-01 3.511549e-02 -1.494203e-19 1.790687e+00 1.957281e+00 -3.940317e-19 5.375554e-01 1.015230e-01 -1.558995e-19 2.547331e+00 2.301140e+00 -6.953397e-19 1.328473e-01 3.511549e-02 -1.494203e-19 1.790687e+00 2.164501e+00 -3.940317e-19 6.237968e-01 1.015230e-01 -1.518877e-19 2.631224e+00 2.483392e+00 -6.953349e-19 1.328473e-01 3.511549e-02 -1.494203e-19 1.790687e+00 2.346754e+00 -3.940317e-19 7.076895e-01 1.015230e-01 -1.518829e-19 2.717406e+00 2.643623e+00 -6.953349e-19 1.328473e-01 3.511549e-02 -1.494203e-19 1.790687e+00 2.506985e+00 -3.940317e-19 7.938717e-01 1.015230e-01 -1.518829e-19 2.812349e+00 2.780431e+00 -6.953351e-19 1.328473e-01 3.511549e-02 -1.494203e-19 1.790687e+00 2.643792e+00 -3.940317e-19 8.888142e-01 1.015230e-01 -1.518830e-19 2.957809e+00 2.949442e+00 -4.874258e-19 1.328473e-01 3.511549e-02 -1.494203e-19 1.839446e+00 2.847030e+00 -7.076493e-20 9.855159e-01 6.729611e-02 -2.672405e-19 3.034232e+00 3.055728e+00 -2.533531e-19 1.328473e-01 3.511549e-02 -1.494203e-19 1.871383e+00 2.969678e+00 2.133009e-19 1.030001e+00 5.093437e-02 -3.172336e-19 3.094008e+00 3.133389e+00 -9.768278e-20 1.328473e-01 3.511549e-02 -1.494203e-19 1.894726e+00 3.058401e+00 4.330168e-19 1.066435e+00 3.987239e-02 -3.812792e-19 3.134893e+00 3.184155e+00 6.378518e-21 1.328473e-01 3.511549e-02 -1.494203e-19 1.906399e+00 3.114848e+00 5.595766e-19 1.095647e+00 3.419192e-02 -4.037777e-19 3.143283e+00 3.212162e+00 4.665853e-20 1.328473e-01 3.511549e-02 -1.494203e-19 1.904011e+00 3.126803e+00 5.959113e-19 1.106424e+00 5.024381e-02 -3.998324e-19
204            5.062398e-01 2.136433e-01 -2.625379e-19 1.325627e-01 3.509413e-02 -1.493818e-19 2.922217e-01 1.400429e-01 -8.033543e-19 8.145546e-02 3.850630e-02 6.901981e-19 5.458258e-01 4.309755e-01 -1.103201e-19 1.325627e-01 3.509413e-02 -1.493818e-19 3.077870e-01 3.557989e-01 -5.924048e-19 1.054762e-01 4.008244e-02 6.314665e-19 3.438410e-01 4.075575e-01 -2.229819e-19 1.325627e-01 3.509413e-02 -1.493818e-19 8.477705e-02 3.441739e-01 -8.376401e-19 1.265013e-01 2.828942e-02 7.640400e-19 3.489954e-01 5.638075e-01 7.694172e-20 1.325627e-01 3.509413e-02 -1.493818e-19 7.065571e-02 5.005126e-01 -6.213151e-19 1.457770e-01 2.820074e-02 8.476386e-19 9.474371e-01 7.910364e-01 5.820485e-19 1.325627e-01 3.509413e-02 -1.493818e-19 6.388039e-01 7.477729e-01 -3.346954e-19 1.760706e-01 8.169352e-03 1.066126e-18 1.493806e+00 1.028886e+00 -3.422164e-19 1.325627e-01 3.509413e-02 -1.493818e-19 1.157539e+00 1.008808e+00 -1.217919e-19 2.037049e-01 -1.501548e-02 -7.104264e-20 1.759643e+00 1.178487e+00 -3.518356e-19 1.325627e-01 3.509413e-02 -1.493818e-19 1.397459e+00 1.156315e+00 -5.101020e-20 2.296209e-01 -1.292203e-02 -1.514436e-19 1.936266e+00 1.367191e+00 -6.466708e-19 1.325627e-01 3.509413e-02 -1.493818e-19 1.532081e+00 1.326809e+00 -3.486819e-19 2.716230e-01 5.287334e-03 -1.486072e-19 2.126628e+00 1.657935e+00 -8.584256e-19 1.325627e-01 3.509413e-02 -1.493818e-19 1.656190e+00 1.587934e+00 -6.290356e-19 3.378750e-01 3.490721e-02 -8.000819e-20 2.318644e+00 1.855085e+00 -6.948223e-19 1.325627e-01 3.509413e-02 -1.493818e-19 1.765097e+00 1.736843e+00 -3.938227e-19 4.209846e-01 8.314785e-02 -1.516178e-19 2.460559e+00 2.092346e+00 -6.988189e-19 1.325627e-01 3.509413e-02 -1.493818e-19 1.790553e+00 1.955868e+00 -3.938227e-19 5.374433e-01 1.013842e-01 -1.556144e-19 2.546732e+00 2.299420e+00 -6.947858e-19 1.325627e-01 3.509413e-02 -1.493818e-19 1.790553e+00 2.162942e+00 -3.938227e-19 6.236157e-01 1.013842e-01 -1.515812e-19 2.630570e+00 2.481545e+00 -6.947809e-19 1.325627e-01 3.509413e-02 -1.493818e-19 1.790553e+00 2.345066e+00 -3.938227e-19 7.074540e-01 1.013842e-01 -1.515764e-19 2.716709e+00 2.641668e+00 -6.947809e-19 1.325627e-01 3.509413e-02 -1.493818e-19 1.790553e+00 2.505189e+00 -3.938227e-19 7.935934e-01 1.013842e-01 -1.515764e-19 2.811622e+00 2.778393e+00 -6.947811e-19 1.325627e-01 3.509413e-02 -1.493818e-19 1.790553e+00 2.641915e+00 -3.938227e-19 8.885058e-01 1.013842e-01 -1.515765e-19 2.957043e+00 2.947342e+00 -4.870805e-19 1.325627e-01 3.509413e-02 -1.493818e-19 1.839275e+00 2.845098e+00 -7.083300e-20 9.852058e-01 6.714931e-02 -2.668657e-19 3.033453e+00 3.053574e+00 -2.532692e-19 1.325627e-01 3.509413e-02 -1.493818e-19 1.871177e+00 2.967715e+00 2.129249e-19 1.029712e+00 5.076477e-02 -3.168123e-19 3.093230e+00 3.131178e+00 -9.782944e-20 1.325627e-01 3.509413e-02 -1.493818e-19 1.894485e+00 3.056415e+00 4.323249e-19 1.066182e+00 3.966860e-02 -3.807725e-19 3.134125e+00 3.181907e+00 6.032871e-21 1.325627e-01 3.509413e-02 -1.493818e-19 1.906134e+00 3.112857e+00 5.586180e-19 1.095429e+00 3.395621e-02 -4.032034e-19 3.142455e+00 3.209884e+00 4.637320e-20 1.325627e-01 3.509413e-02 -1.493818e-19 1.903656e+00 3.124827e+00 5.949539e-19 1.106237e+00 4.996354e-02 -3.991989e-19
205            5.060405e-01 2.136936e-01 -2.625561e-19 1.322782e-01 3.507204e-02 -1.493419e-19 2.922487e-01 1.400896e-01 -8.034866e-19 8.151350e-02 3.853193e-02 6.902724e-19 5.457262e-01 4.309416e-01 -1.102532e-19 1.322782e-01 3.507204e-02 -1.493419e-19 3.078158e-01 3.557607e-01 -5.925129e-19 1.056322e-01 4.010886e-02 6.316016e-19 3.439294e-01 4.074671e-01 -2.227725e-19 1.322782e-01 3.507204e-02 -1.493419e-19 8.490965e-02 3.440886e-01 -8.375258e-19 1.267416e-01 2.830642e-02 7.640952e-19 3.491105e-01 5.635746e-01 7.720973e-20 1.322782e-01 3.507204e-02 -1.493419e-19 7.080438e-02 5.002855e-01 -6.211608e-19 1.460279e-01 2.821698e-02 8.477124e-19 9.473486e-01 7.905845e-01 5.822910e-19 1.322782e-01 3.507204e-02 -1.493419e-19 6.387548e-01 7.473375e-01 -3.344719e-19 1.763156e-01 8.174931e-03 1.066105e-18 1.493506e+00 1.028238e+00 -3.415972e-19 1.322782e-01 3.507204e-02 -1.493419e-19 1.157296e+00 1.008170e+00 -1.215033e-19 2.039317e-01 -1.500406e-02 -7.075203e-20 1.759298e+00 1.177658e+00 -3.511854e-19 1.322782e-01 3.507204e-02 -1.493419e-19 1.397198e+00 1.155505e+00 -5.069410e-20 2.298219e-01 -1.291967e-02 -1.511494e-19 1.935911e+00 1.366166e+00 -6.461022e-19 1.322782e-01 3.507204e-02 -1.493419e-19 1.531859e+00 1.325832e+00 -3.484454e-19 2.717741e-01 5.262120e-03 -1.483149e-19 2.126245e+00 1.656686e+00 -8.579299e-19 1.322782e-01 3.507204e-02 -1.493419e-19 1.656013e+00 1.586772e+00 -6.288935e-19 3.379540e-01 3.484276e-02 -7.969452e-20 2.318214e+00 1.853666e+00 -6.942614e-19 1.322782e-01 3.507204e-02 -1.493419e-19 1.764954e+00 1.735564e+00 -3.936076e-19 4.209821e-01 8.302957e-02 -1.513119e-19 2.460013e+00 2.090753e+00 -6.982791e-19 1.322782e-01 3.507204e-02 -1.493419e-19 1.790406e+00 1.954434e+00 -3.936076e-19 5.373289e-01 1.012463e-01 -1.553296e-19 2.546116e+00 2.297679e+00 -6.942248e-19 1.322782e-01 3.507204e-02 -1.493419e-19 1.790406e+00 2.161360e+00 -3.936076e-19 6.234320e-01 1.012463e-01 -1.512753e-19 2.629900e+00 2.479674e+00 -6.942200e-19 1.322782e-01 3.507204e-02 -1.493419e-19 1.790406e+00 2.343356e+00 -3.936076e-19 7.072157e-01 1.012463e-01 -1.512705e-19 2.715996e+00 2.639689e+00 -6.942200e-19 1.322782e-01 3.507204e-02 -1.493419e-19 1.790406e+00 2.503370e+00 -3.936076e-19 7.933119e-01 1.012463e-01 -1.512705e-19 2.810878e+00 2.776331e+00 -6.942201e-19 1.322782e-01 3.507204e-02 -1.493419e-19 1.790406e+00 2.640013e+00 -3.936076e-19 8.881938e-01 1.012463e-01 -1.512706e-19 2.956261e+00 2.945216e+00 -4.867267e-19 1.322782e-01 3.507204e-02 -1.493419e-19 1.839091e+00 2.843141e+00 -7.089290e-20 9.848915e-01 6.700351e-02 -2.664919e-19 3.032656e+00 3.051395e+00 -2.531749e-19 1.322782e-01 3.507204e-02 -1.493419e-19 1.870959e+00 2.965726e+00 2.125592e-19 1.029419e+00 5.059641e-02 -3.163922e-19 3.092435e+00 3.128941e+00 -9.796438e-20 1.322782e-01 3.507204e-02 -1.493419e-19 1.894232e+00 3.054403e+00 4.316450e-19 1.065924e+00 3.946628e-02 -3.802675e-19 3.133340e+00 3.179633e+00 5.699930e-21 1.322782e-01 3.507204e-02 -1.493419e-19 1.905856e+00 3.110839e+00 5.576727e-19 1.095205e+00 3.372211e-02 -4.026309e-19 3.141611e+00 3.207580e+00 4.609974e-20 1.322782e-01 3.507204e-02 -1.493419e-19 1.903289e+00 3.122823e+00 5.940091e-19 1.106043e+00 4.968458e-02 -3.985675e-19
206            5.058379e-01 2.137407e-01 -2.625725e-19 1.319941e-01 3.504924e-02 -1.493006e-19 2.922741e-01 1.401344e-01 -8.036109e-19 8.156983e-02 3.855710e-02 6.903390e-19 5.456229e-01 4.309026e-01 -1.101849e-19 1.319941e-01 3.504924e-02 -1.493006e-19 3.078429e-01 3.557185e-01 -5.926143e-19 1.057860e-01 4.013482e-02 6.317300e-19 3.440158e-01 4.073715e-01 -2.225606e-19 1.319941e-01 3.504924e-02 -1.493006e-19 8.504228e-02 3.439991e-01 -8.374022e-19 1.269794e-01 2.832315e-02 7.641423e-19 3.492237e-01 5.633350e-01 7.747827e-20 1.319941e-01 3.504924e-02 -1.493006e-19 7.095323e-02 5.000528e-01 -6.209987e-19 1.462764e-01 2.823297e-02 8.477776e-19 9.472535e-01 7.901241e-01 5.825300e-19 1.319941e-01 3.504924e-02 -1.493006e-19 6.387012e-01 7.468943e-01 -3.342427e-19 1.765582e-01 8.180556e-03 1.066073e-18 1.493195e+00 1.027580e+00 -3.409739e-19 1.319941e-01 3.504924e-02 -1.493006e-19 1.157045e+00 1.007523e+00 -1.212107e-19 2.041560e-01 -1.499241e-02 -7.046270e-20 1.758941e+00 1.176817e+00 -3.505309e-19 1.319941e-01 3.504924e-02 -1.493006e-19 1.396926e+00 1.154684e+00 -5.037457e-20 2.300205e-01 -1.291697e-02 -1.508557e-19 1.935543e+00 1.365128e+00 -6.455272e-19 1.319941e-01 3.504924e-02 -1.493006e-19 1.531626e+00 1.324841e+00 -3.482035e-19 2.719230e-01 5.237443e-03 -1.480231e-19 2.125848e+00 1.655421e+00 -8.574262e-19 1.319941e-01 3.504924e-02 -1.493006e-19 1.655823e+00 1.585593e+00 -6.287439e-19 3.380309e-01 3.477901e-02 -7.938179e-20 2.317769e+00 1.852228e+00 -6.936939e-19 1.319941e-01 3.504924e-02 -1.493006e-19 1.764798e+00 1.734266e+00 -3.933867e-19 4.209774e-01 8.291210e-02 -1.510066e-19 2.459452e+00 2.089139e+00 -6.977324e-19 1.319941e-01 3.504924e-02 -1.493006e-19 1.790246e+00 1.952981e+00 -3.933867e-19 5.372120e-01 1.011091e-01 -1.550451e-19 2.545485e+00 2.295916e+00 -6.936573e-19 1.319941e-01 3.504924e-02 -1.493006e-19 1.790246e+00 2.159758e+00 -3.933867e-19 6.232455e-01 1.011091e-01 -1.509700e-19 2.629214e+00 2.477782e+00 -6.936524e-19 1.319941e-01 3.504924e-02 -1.493006e-19 1.790246e+00 2.341623e+00 -3.933867e-19 7.069743e-01 1.011091e-01 -1.509651e-19 2.715267e+00 2.637687e+00 -6.936524e-19 1.319941e-01 3.504924e-02 -1.493006e-19 1.790246e+00 2.501529e+00 -3.933867e-19 7.930272e-01 1.011091e-01 -1.509651e-19 2.810118e+00 2.774246e+00 -6.936525e-19 1.319941e-01 3.504924e-02 -1.493006e-19 1.790246e+00 2.638087e+00 -3.933867e-19 8.878783e-01 1.011091e-01 -1.509653e-19 2.955462e+00 2.943067e+00 -4.863645e-19 1.319941e-01 3.504924e-02 -1.493006e-19 1.838895e+00 2.841159e+00 -7.094488e-20 9.845730e-01 6.685872e-02 -2.661191e-19 3.031843e+00 3.049191e+00 -2.530705e-19 1.319941e-01 3.504924e-02 -1.493006e-19 1.870728e+00 2.963712e+00 2.122035e-19 1.029121e+00 5.042930e-02 -3.159735e-19 3.091622e+00 3.126680e+00 -9.808782e-20 1.319941e-01 3.504924e-02 -1.493006e-19 1.893967e+00 3.052365e+00 4.309771e-19 1.065661e+00 3.926545e-02 -3.797643e-19 3.132537e+00 3.177334e+00 5.379438e-21 1.319941e-01 3.504924e-02 -1.493006e-19 1.905567e+00 3.108795e+00 5.567405e-19 1.094977e+00 3.348962e-02 -4.020605e-19 3.140750e+00 3.205250e+00 4.583797e-20 1.319941e-01 3.504924e-02 -1.493006e-19 1.902911e+00 3.120794e+00 5.930770e-19 1.105844e+00 4.940693e-02 -3.979385e-19
207            5.056323e-01 2.137850e-01 -2.625870e-19 1.317102e-01 3.502574e-02 -1.492579e-19 2.922976e-01 1.401774e-01 -8.037273e-19 8.162445e-02 3.858183e-02 6.903982e-19 5.455158e-01 4.308587e-01 -1.101154e-19 1.317102e-01 3.502574e-02 -1.492579e-19 3.078680e-01 3.556727e-01 -5.927090e-19 1.059376e-01 4.016034e-02 6.318515e-19 3.440999e-01 4.072710e-01 -2.223462e-19 1.317102e-01 3.502574e-02 -1.492579e-19 8.517488e-02 3.439057e-01 -8.372697e-19 1.272149e-01 2.833961e-02 7.641814e-19 3.493348e-01 5.630891e-01 7.774715e-20 1.317102e-01 3.502574e-02 -1.492579e-19 7.110218e-02 4.998147e-01 -6.208291e-19 1.465224e-01 2.824872e-02 8.478342e-19 9.471516e-01 7.896556e-01 5.827654e-19 1.317102e-01 3.502574e-02 -1.492579e-19 6.386432e-01 7.464436e-01 -3.340081e-19 1.767983e-01 8.186235e-03 1.066031e-18 1.492873e+00 1.026911e+00 -3.403470e-19 1.317102e-01 3.502574e-02 -1.492579e-19 1.156785e+00 1.006866e+00 -1.209143e-19 2.043777e-01 -1.498050e-02 -7.017472e-20 1.758571e+00 1.175964e+00 -3.498724e-19 1.317102e-01 3.502574e-02 -1.492579e-19 1.396644e+00 1.153853e+00 -5.005194e-20 2.302168e-01 -1.291391e-02 -1.505626e-19 1.935161e+00 1.364077e+00 -6.449461e-19 1.317102e-01 3.502574e-02 -1.492579e-19 1.531382e+00 1.323838e+00 -3.479563e-19 2.720697e-01 5.213307e-03 -1.477319e-19 2.125437e+00 1.654141e+00 -8.569150e-19 1.317102e-01 3.502574e-02 -1.492579e-19 1.655621e+00 1.584399e+00 -6.285870e-19 3.381057e-01 3.471598e-02 -7.907007e-20 2.317309e+00 1.850772e+00 -6.931201e-19 1.317102e-01 3.502574e-02 -1.492579e-19 1.764628e+00 1.732951e+00 -3.931602e-19 4.209705e-01 8.279544e-02 -1.507020e-19 2.458875e+00 2.087507e+00 -6.971792e-19 1.317102e-01 3.502574e-02 -1.492579e-19 1.790072e+00 1.951508e+00 -3.931602e-19 5.370927e-01 1.009728e-01 -1.547611e-19 2.544839e+00 2.294134e+00 -6.930834e-19 1.317102e-01 3.502574e-02 -1.492579e-19 1.790072e+00 2.158135e+00 -3.931602e-19 6.230564e-01 1.009728e-01 -1.506653e-19 2.628512e+00 2.475869e+00 -6.930785e-19 1.317102e-01 3.502574e-02 -1.492579e-19 1.790072e+00 2.339870e+00 -3.931602e-19 7.067300e-01 1.009728e-01 -1.506604e-19 2.714522e+00 2.635664e+00 -6.930785e-19 1.317102e-01 3.502574e-02 -1.492579e-19 1.790072e+00 2.499666e+00 -3.931602e-19 7.927392e-01 1.009728e-01 -1.506604e-19 2.809342e+00 2.772139e+00 -6.930786e-19 1.317102e-01 3.502574e-02 -1.492579e-19 1.790072e+00 2.636140e+00 -3.931602e-19 8.875592e-01 1.009728e-01 -1.506605e-19 2.954646e+00 2.940895e+00 -4.859945e-19 1.317102e-01 3.502574e-02 -1.492579e-19 1.838685e+00 2.839155e+00 -7.098931e-20 9.842504e-01 6.671498e-02 -2.657473e-19 3.031012e+00 3.046964e+00 -2.529565e-19 1.317102e-01 3.502574e-02 -1.492579e-19 1.870484e+00 2.961675e+00 2.118574e-19 1.028818e+00 5.026346e-02 -3.155560e-19 3.090793e+00 3.124396e+00 -9.820041e-20 1.317102e-01 3.502574e-02 -1.492579e-19 1.893689e+00 3.050304e+00 4.303204e-19 1.065393e+00 3.906612e-02 -3.792629e-19 3.131717e+00 3.175012e+00 5.070532e-21 1.317102e-01 3.502574e-02 -1.492579e-19 1.905265e+00 3.106728e+00 5.558204e-19 1.094742e+00 3.325877e-02 -4.014920e-19 3.139871e+00 3.202896e+00 4.558717e-20 1.317102e-01 3.502574e-02 -1.492579e-19 1.902521e+00 3.118740e+00 5.921566e-19 1.105640e+00 4.913065e-02 -3.973115e-19
208            5.054235e-01 2.138264e-01 -2.625998e-19 1.314265e-01 3.500155e-02 -1.492139e-19 2.923196e-01 1.402187e-01 -8.038360e-19 8.167737e-02 3.860612e-02 6.904501e-19 5.454050e-01 4.308101e-01 -1.100447e-19 1.314265e-01 3.500155e-02 -1.492139e-19 3.078915e-01 3.556232e-01 -5.927972e-19 1.060870e-01 4.018541e-02 6.319664e-19 3.441819e-01 4.071658e-01 -2.221296e-19 1.314265e-01 3.500155e-02 -1.492139e-19 8.530746e-02 3.438084e-01 -8.371285e-19 1.274479e-01 2.835583e-02 7.642128e-19 3.494438e-01 5.628372e-01 7.801630e-20 1.314265e-01 3.500155e-02 -1.492139e-19 7.125126e-02 4.995714e-01 -6.206522e-19 1.467660e-01 2.826423e-02 8.478825e-19 9.470433e-01 7.891793e-01 5.829972e-19 1.314265e-01 3.500155e-02 -1.492139e-19 6.385809e-01 7.459857e-01 -3.337683e-19 1.770359e-01 8.191976e-03 1.065979e-18 1.492540e+00 1.026233e+00 -3.397165e-19 1.314265e-01 3.500155e-02 -1.492139e-19 1.156517e+00 1.006200e+00 -1.206145e-19 2.045970e-01 -1.496834e-02 -6.988809e-20 1.758189e+00 1.175101e+00 -3.492104e-19 1.314265e-01 3.500155e-02 -1.492139e-19 1.396352e+00 1.153010e+00 -4.972636e-20 2.304107e-01 -1.291049e-02 -1.502701e-19 1.934767e+00 1.363013e+00 -6.443593e-19 1.314265e-01 3.500155e-02 -1.492139e-19 1.531126e+00 1.322822e+00 -3.477042e-19 2.722143e-01 5.189719e-03 -1.474412e-19 2.125012e+00 1.652845e+00 -8.563965e-19 1.314265e-01 3.500155e-02 -1.492139e-19 1.655407e+00 1.583190e+00 -6.284232e-19 3.381784e-01 3.465367e-02 -7.875937e-20 2.316835e+00 1.849301e+00 -6.925403e-19 1.314265e-01 3.500155e-02 -1.492139e-19 1.764447e+00 1.731620e+00 -3.929284e-19 4.209615e-01 8.267960e-02 -1.503980e-19 2.458284e+00 2.085856e+00 -6.966198e-19 1.314265e-01 3.500155e-02 -1.492139e-19 1.789886e+00 1.950018e+00 -3.929284e-19 5.369710e-01 1.008373e-01 -1.544775e-19 2.544177e+00 2.292332e+00 -6.925036e-19 1.314265e-01 3.500155e-02 -1.492139e-19 1.789886e+00 2.156494e+00 -3.929284e-19 6.228646e-01 1.008373e-01 -1.503613e-19 2.627795e+00 2.473936e+00 -6.924986e-19 1.314265e-01 3.500155e-02 -1.492139e-19 1.789886e+00 2.338097e+00 -3.929284e-19 7.064827e-01 1.008373e-01 -1.503563e-19 2.713761e+00 2.633621e+00 -6.924986e-19 1.314265e-01 3.500155e-02 -1.492139e-19 1.789886e+00 2.497782e+00 -3.929284e-19 7.924480e-01 1.008373e-01 -1.503563e-19 2.808549e+00 2.770011e+00 -6.924988e-19 1.314265e-01 3.500155e-02 -1.492139e-19 1.789886e+00 2.634172e+00 -3.929284e-19 8.872365e-01 1.008373e-01 -1.503565e-19 2.953813e+00 2.938702e+00 -4.856170e-19 1.314265e-01 3.500155e-02 -1.492139e-19 1.838463e+00 2.837129e+00 -7.102656e-20 9.839235e-01 6.657228e-02 -2.653765e-19 3.030165e+00 3.044716e+00 -2.528335e-19 1.314265e-01 3.500155e-02 -1.492139e-19 1.870228e+00 2.959616e+00 2.115203e-19 1.028511e+00 5.009890e-02 -3.151399e-19 3.089946e+00 3.122090e+00 -9.830298e-20 1.314265e-01 3.500155e-02 -1.492139e-19 1.893399e+00 3.048220e+00 4.296740e-19 1.065120e+00 3.886832e-02 -3.787631e-19 3.130880e+00 3.172668e+00 4.772191e-21 1.314265e-01 3.500155e-02 -1.492139e-19 1.904950e+00 3.104637e+00 5.549114e-19 1.094503e+00 3.302958e-02 -4.009253e-19 3.138976e+00 3.200520e+00 4.534646e-20 1.314265e-01 3.500155e-02 -1.492139e-19 1.902119e+00 3.116663e+00 5.912468e-19 1.105430e+00 4.885577e-02 -3.966865e-19
208            5.054235e-01 2.138264e-01 -2.625998e-19 1.314265e-01 3.500155e-02 -1.492139e-19 2.923196e-01 1.402187e-01 -8.038360e-19 8.167737e-02 3.860612e-02 6.904501e-19 5.454050e-01 4.308101e-01 -1.100447e-19 1.314265e-01 3.500155e-02 -1.492139e-19 3.078915e-01 3.556232e-01 -5.927972e-19 1.060870e-01 4.018541e-02 6.319664e-19 3.441819e-01 4.071658e-01 -2.221296e-19 1.314265e-01 3.500155e-02 -1.492139e-19 8.530746e-02 3.438084e-01 -8.371285e-19 1.274479e-01 2.835583e-02 7.642128e-19 3.494438e-01 5.628372e-01 7.801630e-20 1.314265e-01 3.500155e-02 -1.492139e-19 7.125126e-02 4.995714e-01 -6.206522e-19 1.467660e-01 2.826423e-02 8.478825e-19 9.470433e-01 7.891793e-01 5.829972e-19 1.314265e-01 3.500155e-02 -1.492139e-19 6.385809e-01 7.459857e-01 -3.337683e-19 1.770359e-01 8.191976e-03 1.065979e-18 1.492540e+00 1.026233e+00 -3.397165e-19 1.314265e-01 3.500155e-02 -1.492139e-19 1.156517e+00 1.006200e+00 -1.206145e-19 2.045970e-01 -1.496834e-02 -6.988809e-20 1.758189e+00 1.175101e+00 -3.492104e-19 1.314265e-01 3.500155e-02 -1.492139e-19 1.396352e+00 1.153010e+00 -4.972636e-20 2.304107e-01 -1.291049e-02 -1.502701e-19 1.934767e+00 1.363013e+00 -6.443593e-19 1.314265e-01 3.500155e-02 -1.492139e-19 1.531126e+00 1.322822e+00 -3.477042e-19 2.722143e-01 5.189719e-03 -1.474412e-19 2.125012e+00 1.652845e+00 -8.563965e-19 1.314265e-01 3.500155e-02 -1.492139e-19 1.655407e+00 1.583190e+00 -6.284232e-19 3.381784e-01 3.465367e-02 -7.875937e-20 2.316835e+00 1.849301e+00 -6.925403e-19 1.314265e-01 3.500155e-02 -1.492139e-19 1.764447e+00 1.731620e+00 -3.929284e-19 4.209615e-01 8.267960e-02 -1.503980e-19 2.458284e+00 2.085856e+00 -6.966198e-19 1.314265e-01 3.500155e-02 -1.492139e-19 1.789886e+00 1.950018e+00 -3.929284e-19 5.369710e-01 1.008373e-01 -1.544775e-19 2.544177e+00 2.292332e+00 -6.925036e-19 1.314265e-01 3.500155e-02 -1.492139e-19 1.789886e+00 2.156494e+00 -3.929284e-19 6.228646e-01 1.008373e-01 -1.503613e-19 2.627795e+00 2.473936e+00 -6.924986e-19 1.314265e-01 3.500155e-02 -1.492139e-19 1.789886e+00 2.338097e+00 -3.929284e-19 7.064827e-01 1.008373e-01 -1.503563e-19 2.713761e+00 2.633621e+00 -6.924986e-19 1.314265e-01 3.500155e-02 -1.492139e-19 1.789886e+00 2.497782e+00 -3.929284e-19 7.924480e-01 1.008373e-01 -1.503563e-19 2.808549e+00 2.770011e+00 -6.924988e-19 1.314265e-01 3.500155e-02 -1.492139e-19 1.789886e+00 2.634172e+00 -3.929284e-19 8.872365e-01 1.008373e-01 -1.503565e-19 2.953813e+00 2.938702e+00 -4.856170e-19 1.314265e-01 3.500155e-02 -1.492139e-19 1.838463e+00 2.837129e+00 -7.102656e-20 9.839235e-01 6.657228e-02 -2.653765e-19 3.030165e+00 3.044716e+00 -2.528335e-19 1.314265e-01 3.500155e-02 -1.492139e-19 1.870228e+00 2.959616e+00 2.115203e-19 1.028511e+00 5.009890e-02 -3.151399e-19 3.089946e+00 3.122090e+00 -9.830298e-20 1.314265e-01 3.500155e-02 -1.492139e-19 1.893399e+00 3.048220e+00 4.296740e-19 1.065120e+00 3.886832e-02 -3.787631e-19 3.130880e+00 3.172668e+00 4.772191e-21 1.314265e-01 3.500155e-02 -1.492139e-19 1.904950e+00 3.104637e+00 5.549114e-19 1.094503e+00 3.302958e-02 -4.009253e-19 3.138976e+00 3.200520e+00 4.534646e-20 1.314265e-01 3.500155e-02 -1.492139e-19 1.902119e+00 3.116663e+00 5.912468e-19 1.105430e+00 4.885577e-02 -3.966865e-19
